t_f_1009338.4Hz,V2_f_1009338.4Hz,t_f_100933.8Hz,V2_f_100933.8Hz,t_f_10093.4Hz,V2_f_10093.4Hz,t_f_1009.3Hz,V2_f_1009.3Hz,t_f_100.9Hz,V2_f_100.9Hz
-2e-06,1.84,-1.6e-05,1.76,-0.00016,1.6400000000000001,-0.00016,1.6,-0.016,3.96
-1.9979999999999998e-06,1.72,-1.5983999999999998e-05,1.8,-0.00015984000000000001,1.6,-0.00015984000000000001,1.6,-0.015984,4.0
-1.996e-06,1.72,-1.5968e-05,1.8,-0.00015968000000000002,1.6,-0.00015968000000000002,1.6,-0.015968,3.96
-1.994e-06,1.68,-1.5952e-05,1.8,-0.00015952000000000002,1.6400000000000001,-0.00015952000000000002,1.6,-0.015952,4.0
-1.9919999999999997e-06,1.6400000000000001,-1.5935999999999998e-05,1.8,-0.00015936000000000002,1.6,-0.00015936000000000002,1.6,-0.015936,4.0
-1.99e-06,1.56,-1.592e-05,1.76,-0.00015920000000000002,1.6,-0.00015920000000000002,1.6,-0.01592,4.0
-1.988e-06,1.48,-1.5904e-05,1.8,-0.00015904000000000002,1.6400000000000001,-0.00015904000000000002,1.6,-0.015904,4.0
-1.9859999999999997e-06,1.4000000000000001,-1.5887999999999998e-05,1.8,-0.00015888000000000002,1.6,-0.00015888000000000002,1.6,-0.015888,3.96
-1.984e-06,1.4000000000000001,-1.5872e-05,1.76,-0.00015872000000000003,1.6,-0.00015872000000000003,1.56,-0.015872,4.0
-1.982e-06,1.4000000000000001,-1.5856e-05,1.8,-0.00015856,1.6,-0.00015856,1.6,-0.015856000000000002,3.96
-1.98e-06,1.4000000000000001,-1.584e-05,1.8,-0.0001584,1.56,-0.0001584,1.6,-0.01584,4.0
-1.978e-06,1.44,-1.5824e-05,1.8,-0.00015824,1.6,-0.00015824,1.6,-0.015824,3.96
-1.976e-06,1.52,-1.5808e-05,1.8,-0.00015808,1.6,-0.00015808,1.6,-0.015808,3.96
-1.974e-06,1.6,-1.5792e-05,1.76,-0.00015792,1.6,-0.00015792,1.56,-0.015792,4.0
-1.972e-06,1.72,-1.5776e-05,1.8,-0.00015776,1.6,-0.00015776,1.56,-0.015776000000000002,3.96
-1.9699999999999998e-06,1.84,-1.5759999999999998e-05,1.8,-0.0001576,1.6,-0.0001576,1.6,-0.01576,3.96
-1.968e-06,1.96,-1.5744e-05,1.8,-0.00015744,1.6,-0.00015744,1.56,-0.015744,3.96
-1.966e-06,2.04,-1.5728e-05,1.8,-0.00015728,1.6,-0.00015728,1.56,-0.015728,4.0
-1.9639999999999997e-06,2.12,-1.5711999999999998e-05,1.8,-0.00015712000000000001,1.56,-0.00015712000000000001,1.6,-0.015712,3.96
-1.962e-06,2.2,-1.5696e-05,1.76,-0.00015696000000000002,1.56,-0.00015696000000000002,1.56,-0.015696,3.96
-1.96e-06,2.2800000000000002,-1.568e-05,1.8,-0.00015680000000000002,1.6,-0.00015680000000000002,1.56,-0.01568,3.96
-1.9579999999999997e-06,2.2800000000000002,-1.5663999999999998e-05,1.76,-0.00015664000000000002,1.56,-0.00015664000000000002,1.6,-0.015664,3.96
-1.956e-06,2.2,-1.5648e-05,1.76,-0.00015648000000000002,1.56,-0.00015648000000000002,1.56,-0.015648,4.0
-1.954e-06,2.16,-1.5632e-05,1.76,-0.00015632000000000002,1.6,-0.00015632000000000002,1.56,-0.015632,3.96
-1.952e-06,2.12,-1.5616e-05,1.8,-0.00015616000000000002,1.56,-0.00015616000000000002,1.6,-0.015616,4.0
-1.95e-06,2.04,-1.56e-05,1.8,-0.00015600000000000002,1.56,-0.00015600000000000002,1.56,-0.015600000000000001,3.96
-1.948e-06,1.92,-1.5584e-05,1.8,-0.00015584000000000003,1.56,-0.00015584000000000003,1.56,-0.015584,3.96
-1.946e-06,1.8,-1.5568e-05,1.8,-0.00015568,1.52,-0.00015568,1.6,-0.015568,4.0
-1.944e-06,1.68,-1.5552e-05,1.76,-0.00015552,1.56,-0.00015552,1.56,-0.015552,3.96
-1.9419999999999998e-06,1.6,-1.5535999999999998e-05,1.8,-0.00015536,1.6,-0.00015536,1.56,-0.015536000000000001,3.96
-1.94e-06,1.56,-1.552e-05,1.8,-0.0001552,1.56,-0.0001552,1.56,-0.01552,4.0
-1.938e-06,1.52,-1.5504e-05,1.8,-0.00015504,1.56,-0.00015504,1.56,-0.015504,4.0
-1.9359999999999998e-06,1.48,-1.5487999999999998e-05,1.8,-0.00015488,1.56,-0.00015488,1.56,-0.015488,3.96
-1.934e-06,1.48,-1.5472e-05,1.8,-0.00015472,1.52,-0.00015472,1.56,-0.015472,4.0
-1.932e-06,1.52,-1.5456e-05,1.76,-0.00015456,1.56,-0.00015456,1.56,-0.015456000000000001,3.96
-1.9299999999999997e-06,1.6,-1.5439999999999998e-05,1.8,-0.0001544,1.52,-0.0001544,1.56,-0.01544,3.96
-1.928e-06,1.68,-1.5424e-05,1.76,-0.00015424000000000001,1.52,-0.00015424000000000001,1.56,-0.015424,4.0
-1.926e-06,1.72,-1.5408e-05,1.84,-0.00015408000000000002,1.56,-0.00015408000000000002,1.56,-0.015408,4.0
-1.9239999999999997e-06,1.8,-1.5391999999999998e-05,1.8,-0.00015392000000000002,1.56,-0.00015392000000000002,1.56,-0.015392000000000001,3.96
-1.922e-06,1.8800000000000001,-1.5376e-05,1.8,-0.00015376000000000002,1.52,-0.00015376000000000002,1.52,-0.015376,4.0
-1.92e-06,1.92,-1.536e-05,1.8,-0.00015360000000000002,1.52,-0.00015360000000000002,1.56,-0.01536,4.0
-1.918e-06,1.96,-1.5344e-05,1.8,-0.00015344000000000002,1.52,-0.00015344000000000002,1.56,-0.015344,4.0
-1.916e-06,2.0,-1.5328e-05,1.76,-0.00015328000000000002,1.52,-0.00015328000000000002,1.52,-0.015328,3.96
-1.914e-06,2.0,-1.5312e-05,1.76,-0.00015312000000000002,1.56,-0.00015312000000000002,1.56,-0.015312000000000001,4.0
-1.912e-06,2.0,-1.5296e-05,1.76,-0.00015296,1.56,-0.00015296,1.52,-0.015296,3.96
-1.91e-06,1.96,-1.528e-05,1.76,-0.0001528,1.56,-0.0001528,1.52,-0.01528,3.96
-1.9079999999999998e-06,1.92,-1.5263999999999998e-05,1.8,-0.00015264,1.56,-0.00015264,1.56,-0.015264,3.96
-1.9059999999999998e-06,1.92,-1.5247999999999999e-05,1.8,-0.00015248,1.52,-0.00015248,1.56,-0.015248000000000001,3.96
-1.904e-06,1.84,-1.5232e-05,1.8,-0.00015232,1.56,-0.00015232,1.48,-0.015232,3.96
-1.902e-06,1.8,-1.5216e-05,1.76,-0.00015216,1.52,-0.00015216,1.52,-0.015216,4.0
-1.8999999999999998e-06,1.76,-1.5199999999999998e-05,1.8,-0.000152,1.52,-0.000152,1.52,-0.0152,4.0
-1.8979999999999999e-06,1.76,-1.5183999999999999e-05,1.76,-0.00015184,1.52,-0.00015184,1.52,-0.015184,4.0
-1.896e-06,1.76,-1.5168e-05,1.8,-0.00015168,1.52,-0.00015168,1.52,-0.015168000000000001,4.0
-1.894e-06,1.72,-1.5152e-05,1.76,-0.00015152,1.52,-0.00015152,1.52,-0.015152,4.0
-1.8919999999999998e-06,1.72,-1.5135999999999999e-05,1.76,-0.00015136000000000001,1.56,-0.00015136000000000001,1.52,-0.015136,3.96
-1.89e-06,1.72,-1.512e-05,1.76,-0.00015120000000000002,1.52,-0.00015120000000000002,1.52,-0.01512,3.96
-1.888e-06,1.76,-1.5104e-05,1.76,-0.00015104000000000002,1.52,-0.00015104000000000002,1.52,-0.015104000000000001,4.0
-1.8859999999999998e-06,1.8,-1.5087999999999999e-05,1.76,-0.00015088000000000002,1.52,-0.00015088000000000002,1.48,-0.015088,4.0
-1.8839999999999999e-06,1.84,-1.5071999999999999e-05,1.76,-0.00015072000000000002,1.52,-0.00015072000000000002,1.52,-0.015072,4.0
-1.882e-06,1.84,-1.5056e-05,1.8,-0.00015056000000000002,1.52,-0.00015056000000000002,1.52,-0.015056,4.0
-1.8799999999999998e-06,1.84,-1.5039999999999998e-05,1.76,-0.00015040000000000002,1.52,-0.00015040000000000002,1.48,-0.015040000000000001,3.96
-1.8779999999999998e-06,1.84,-1.5023999999999999e-05,1.76,-0.00015024000000000003,1.52,-0.00015024000000000003,1.52,-0.015024000000000001,4.0
-1.876e-06,1.84,-1.5008e-05,1.76,-0.00015008000000000003,1.52,-0.00015008000000000003,1.52,-0.015008,3.96
-1.874e-06,1.84,-1.4992e-05,1.76,-0.00014992,1.52,-0.00014992,1.52,-0.014992,4.0
-1.8719999999999998e-06,1.84,-1.4975999999999999e-05,1.76,-0.00014976,1.52,-0.00014976,1.48,-0.014976,3.96
-1.8699999999999999e-06,1.8,-1.4959999999999999e-05,1.8,-0.0001496,1.48,-0.0001496,1.48,-0.014960000000000001,3.96
-1.868e-06,1.8,-1.4944e-05,1.76,-0.00014944,1.52,-0.00014944,1.52,-0.014944,4.0
-1.866e-06,1.8,-1.4928e-05,1.76,-0.00014928,1.48,-0.00014928,1.48,-0.014928,4.0
-1.8639999999999999e-06,1.8,-1.4911999999999999e-05,1.76,-0.00014912,1.52,-0.00014912,1.48,-0.014912,4.0
-1.862e-06,1.76,-1.4896e-05,2.04,-0.00014896,1.52,-0.00014896,1.52,-0.014896,4.0
-1.86e-06,1.76,-1.488e-05,2.4,-0.0001488,1.52,-0.0001488,1.4000000000000001,-0.01488,3.96
-1.8579999999999998e-06,1.8,-1.4863999999999999e-05,2.32,-0.00014864,1.8800000000000001,-0.00014864,1.84,-0.014864,3.56
-1.8559999999999999e-06,1.8,-1.4847999999999999e-05,1.68,-0.00014848000000000001,1.8800000000000001,-0.00014848000000000001,1.8800000000000001,-0.014848,3.16
-1.854e-06,1.8,-1.4832e-05,2.2800000000000002,-0.00014832000000000002,1.84,-0.00014832000000000002,1.84,-0.014832,2.84
-1.8519999999999998e-06,1.8,-1.4815999999999998e-05,2.24,-0.00014816000000000002,1.84,-0.00014816000000000002,1.84,-0.014816000000000001,2.56
-1.8499999999999999e-06,1.8,-1.4799999999999999e-05,1.96,-0.00014800000000000002,1.84,-0.00014800000000000002,1.8800000000000001,-0.0148,2.2800000000000002
-1.848e-06,1.84,-1.4784e-05,2.2,-0.00014784000000000002,1.84,-0.00014784000000000002,1.8800000000000001,-0.014784,2.08
-1.846e-06,1.84,-1.4768e-05,2.08,-0.00014768000000000002,1.8800000000000001,-0.00014768000000000002,1.84,-0.014768,1.8800000000000001
-1.8439999999999998e-06,1.84,-1.4751999999999999e-05,2.16,-0.00014752000000000002,1.8800000000000001,-0.00014752000000000002,1.8800000000000001,-0.014752000000000001,1.72
-1.842e-06,1.84,-1.4736e-05,2.08,-0.00014736000000000003,1.8800000000000001,-0.00014736000000000003,1.8800000000000001,-0.014736,1.56
-1.84e-06,1.84,-1.472e-05,2.16,-0.0001472,1.92,-0.0001472,1.84,-0.01472,1.36
-1.8379999999999998e-06,1.84,-1.4703999999999998e-05,2.12,-0.00014704,1.84,-0.00014704,1.8800000000000001,-0.014704,1.2
-1.8359999999999999e-06,1.84,-1.4687999999999999e-05,2.12,-0.00014688,1.8800000000000001,-0.00014688,1.8800000000000001,-0.014688,1.12
-1.834e-06,1.8,-1.4672e-05,2.12,-0.00014672,1.84,-0.00014672,1.8800000000000001,-0.014672000000000001,1.04
-1.832e-06,1.76,-1.4656e-05,2.12,-0.00014656,1.8800000000000001,-0.00014656,1.8800000000000001,-0.014656,0.96
-1.8299999999999998e-06,1.8,-1.4639999999999999e-05,2.12,-0.0001464,1.8800000000000001,-0.0001464,1.8800000000000001,-0.01464,0.84
-1.828e-06,1.8,-1.4624e-05,2.12,-0.00014624,1.8800000000000001,-0.00014624,1.8800000000000001,-0.014624,0.76
-1.826e-06,1.8,-1.4608e-05,2.16,-0.00014608,1.8800000000000001,-0.00014608,1.92,-0.014608,0.72
-1.8239999999999998e-06,1.76,-1.4591999999999999e-05,2.08,-0.00014592,1.92,-0.00014592,1.8800000000000001,-0.014592,0.64
-1.8219999999999999e-06,1.76,-1.4575999999999999e-05,2.12,-0.00014576000000000001,1.8800000000000001,-0.00014576000000000001,1.8800000000000001,-0.014576,0.56
-1.82e-06,1.8,-1.456e-05,2.12,-0.00014560000000000002,1.8800000000000001,-0.00014560000000000002,1.92,-0.01456,0.52
-1.8179999999999998e-06,1.84,-1.4543999999999998e-05,2.12,-0.00014544000000000002,1.8800000000000001,-0.00014544000000000002,1.8800000000000001,-0.014544000000000001,0.48
-1.8159999999999999e-06,1.84,-1.4527999999999999e-05,2.12,-0.00014528000000000002,1.8800000000000001,-0.00014528000000000002,1.92,-0.014528000000000001,0.44
-1.814e-06,1.8,-1.4512e-05,2.12,-0.00014512000000000002,1.92,-0.00014512000000000002,1.92,-0.014512,0.44
-1.812e-06,1.8,-1.4496e-05,2.12,-0.00014496000000000002,1.92,-0.00014496000000000002,1.92,-0.014496,0.36
-1.8099999999999998e-06,1.84,-1.4479999999999999e-05,2.12,-0.00014480000000000002,1.92,-0.00014480000000000002,1.92,-0.01448,0.32
-1.8079999999999999e-06,1.84,-1.4463999999999999e-05,2.08,-0.00014464000000000002,1.92,-0.00014464000000000002,1.92,-0.014464000000000001,0.28
-1.806e-06,1.84,-1.4448e-05,2.12,-0.00014448,1.92,-0.00014448,1.8800000000000001,-0.014448,0.28
-1.804e-06,1.8,-1.4432e-05,2.12,-0.00014432000000000003,1.92,-0.00014432000000000003,1.92,-0.014432,0.28
-1.8019999999999999e-06,1.8,-1.4415999999999999e-05,2.12,-0.00014416,1.92,-0.00014416,1.92,-0.014416,0.24
-1.8e-06,1.84,-1.44e-05,2.12,-0.000144,1.96,-0.000144,1.92,-0.0144,0.2
-1.798e-06,1.84,-1.4384e-05,2.12,-0.00014384,1.92,-0.00014384,1.96,-0.014384000000000001,0.2
-1.7959999999999998e-06,1.8,-1.4367999999999999e-05,2.12,-0.00014368,1.92,-0.00014368,1.96,-0.014368,0.16
-1.7939999999999999e-06,1.8,-1.4351999999999999e-05,2.12,-0.00014352,1.92,-0.00014352,1.92,-0.014352,0.16
-1.792e-06,1.76,-1.4336e-05,2.16,-0.00014336,1.92,-0.00014336,1.96,-0.014336,0.16
-1.7899999999999998e-06,1.8,-1.4319999999999998e-05,2.12,-0.0001432,1.96,-0.0001432,1.92,-0.014320000000000001,0.16
-1.7879999999999999e-06,1.8,-1.4303999999999999e-05,2.12,-0.00014304,1.92,-0.00014304,1.92,-0.014304,0.12
-1.786e-06,1.8,-1.4288e-05,2.12,-0.00014288000000000001,1.96,-0.00014288000000000001,1.96,-0.014288,0.12
-1.784e-06,1.76,-1.4272e-05,2.12,-0.00014272000000000002,1.96,-0.00014272000000000002,1.92,-0.014272,0.12
-1.7819999999999998e-06,1.8,-1.4255999999999999e-05,2.12,-0.00014256000000000002,1.92,-0.00014256000000000002,1.92,-0.014256000000000001,0.16
-1.78e-06,1.84,-1.424e-05,2.16,-0.00014240000000000002,1.92,-0.00014240000000000002,1.96,-0.014240000000000001,0.12
-1.778e-06,1.84,-1.4224e-05,2.12,-0.00014224000000000002,1.96,-0.00014224000000000002,1.92,-0.014224,0.12
-1.7759999999999998e-06,1.8,-1.4207999999999998e-05,2.16,-0.00014208000000000002,1.92,-0.00014208000000000002,1.92,-0.014208,0.08
-1.7739999999999999e-06,1.8,-1.4191999999999999e-05,2.12,-0.00014192000000000002,1.96,-0.00014192000000000002,1.96,-0.014192,0.08
-1.772e-06,1.84,-1.4176e-05,2.16,-0.00014176,1.96,-0.00014176,1.96,-0.014176000000000001,0.08
-1.77e-06,1.84,-1.416e-05,2.12,-0.00014160000000000003,1.96,-0.00014160000000000003,1.96,-0.01416,0.08
-1.7679999999999998e-06,1.84,-1.4143999999999999e-05,2.12,-0.00014144,1.96,-0.00014144,1.96,-0.014144,0.08
-1.766e-06,1.8,-1.4128e-05,2.12,-0.00014128,2.0,-0.00014128,1.96,-0.014128,0.04
-1.764e-06,1.8,-1.4112e-05,2.12,-0.00014112,1.96,-0.00014112,1.96,-0.014112,0.08
-1.7619999999999998e-06,1.8,-1.4095999999999999e-05,2.12,-0.00014096,1.96,-0.00014096,1.96,-0.014096000000000001,0.08
-1.7599999999999999e-06,1.84,-1.4079999999999999e-05,2.12,-0.0001408,2.0,-0.0001408,1.96,-0.01408,0.08
-1.758e-06,1.8,-1.4064e-05,2.12,-0.00014064,1.96,-0.00014064,2.0,-0.014064,0.04
-1.7559999999999998e-06,1.8,-1.4047999999999998e-05,2.12,-0.00014048,1.96,-0.00014048,2.0,-0.014048,0.04
-1.7539999999999999e-06,1.8,-1.4031999999999999e-05,2.16,-0.00014032,2.0,-0.00014032,1.96,-0.014032000000000001,0.08
-1.752e-06,1.84,-1.4016e-05,2.12,-0.00014016,1.96,-0.00014016,1.96,-0.014016,0.04
-1.7499999999999998e-06,1.84,-1.3999999999999998e-05,2.16,-0.00014000000000000001,2.0,-0.00014000000000000001,1.96,-0.014,0.04
-1.7479999999999998e-06,1.84,-1.3983999999999999e-05,2.12,-0.00013984000000000002,2.0,-0.00013984000000000002,1.96,-0.013984,0.04
-1.7459999999999999e-06,1.8,-1.3967999999999999e-05,2.12,-0.00013968000000000002,2.0,-0.00013968000000000002,2.0,-0.013968000000000001,0.04
-1.744e-06,1.8,-1.3952e-05,2.12,-0.00013952000000000002,2.0,-0.00013952000000000002,2.0,-0.013952,0.04
-1.742e-06,1.8,-1.3936e-05,2.16,-0.00013936000000000002,2.0,-0.00013936000000000002,2.0,-0.013936,0.04
-1.7399999999999999e-06,1.84,-1.3919999999999999e-05,2.12,-0.00013920000000000002,1.96,-0.00013920000000000002,2.0,-0.01392,0.04
-1.738e-06,1.84,-1.3904e-05,2.08,-0.00013904000000000002,2.0,-0.00013904000000000002,2.0,-0.013904,0.04
-1.736e-06,1.84,-1.3888e-05,2.16,-0.00013888000000000003,2.0,-0.00013888000000000003,2.0,-0.013888000000000001,0.04
-1.7339999999999998e-06,1.8,-1.3871999999999999e-05,2.12,-0.00013872,2.0,-0.00013872,2.0,-0.013872,0.04
-1.7319999999999999e-06,1.84,-1.3855999999999999e-05,2.12,-0.00013856,2.0,-0.00013856,2.0,-0.013856,0.04
-1.73e-06,1.84,-1.384e-05,2.12,-0.0001384,2.0,-0.0001384,2.0,-0.01384,0.04
-1.7279999999999998e-06,1.84,-1.3823999999999998e-05,2.12,-0.00013824,2.04,-0.00013824,2.0,-0.013824,0.04
-1.7259999999999999e-06,1.8,-1.3807999999999999e-05,2.12,-0.00013808,2.0,-0.00013808,2.0,-0.013808,0.04
-1.724e-06,1.8,-1.3792e-05,2.16,-0.00013792,2.0,-0.00013792,2.0,-0.013792,0.0
-1.7219999999999998e-06,1.8,-1.3775999999999998e-05,2.12,-0.00013776,2.0,-0.00013776,2.04,-0.013776,0.04
-1.7199999999999998e-06,1.84,-1.3759999999999999e-05,2.12,-0.0001376,2.0,-0.0001376,2.0,-0.013760000000000001,0.0
-1.718e-06,1.84,-1.3744e-05,2.12,-0.00013744,2.0,-0.00013744,2.04,-0.013744000000000001,0.0
-1.716e-06,1.8,-1.3728e-05,2.12,-0.00013728000000000001,2.04,-0.00013728000000000001,2.0,-0.013728,0.04
-1.714e-06,1.8,-1.3712e-05,2.16,-0.00013712000000000002,2.04,-0.00013712000000000002,2.0,-0.013712,0.0
-1.7119999999999999e-06,1.8,-1.3695999999999999e-05,2.16,-0.00013696000000000002,2.0,-0.00013696000000000002,2.04,-0.013696,0.04
-1.71e-06,1.8,-1.368e-05,2.12,-0.00013680000000000002,2.04,-0.00013680000000000002,2.04,-0.013680000000000001,0.04
-1.708e-06,1.84,-1.3664e-05,2.12,-0.00013664000000000002,2.0,-0.00013664000000000002,2.04,-0.013664,0.04
-1.7059999999999998e-06,1.84,-1.3647999999999999e-05,2.12,-0.00013648000000000002,2.04,-0.00013648000000000002,2.08,-0.013648,0.04
-1.704e-06,1.84,-1.3632e-05,2.12,-0.00013632000000000002,2.04,-0.00013632000000000002,2.04,-0.013632,0.04
-1.702e-06,1.84,-1.3616e-05,2.16,-0.00013616000000000002,2.04,-0.00013616000000000002,2.04,-0.013616,0.04
-1.6999999999999998e-06,1.8,-1.3599999999999999e-05,2.12,-0.000136,2.04,-0.000136,2.04,-0.013600000000000001,0.04
-1.6979999999999999e-06,1.84,-1.3583999999999999e-05,2.16,-0.00013584000000000003,2.08,-0.00013584000000000003,2.04,-0.013584,0.04
-1.696e-06,1.84,-1.3568e-05,2.12,-0.00013568,2.04,-0.00013568,2.04,-0.013568,0.04
-1.6939999999999998e-06,1.84,-1.3551999999999998e-05,2.16,-0.00013552,2.04,-0.00013552,2.08,-0.013552,0.04
-1.6919999999999999e-06,1.84,-1.3535999999999999e-05,2.12,-0.00013536,2.04,-0.00013536,2.04,-0.013536,0.04
-1.69e-06,1.8,-1.352e-05,2.16,-0.0001352,2.04,-0.0001352,2.08,-0.01352,0.0
-1.6879999999999998e-06,1.8,-1.3503999999999998e-05,2.12,-0.00013504,2.08,-0.00013504,2.08,-0.013504,0.04
-1.6859999999999998e-06,1.8,-1.3487999999999999e-05,2.16,-0.00013488,2.04,-0.00013488,2.04,-0.013488,0.0
-1.6839999999999999e-06,1.8,-1.3471999999999999e-05,2.16,-0.00013472,2.04,-0.00013472,2.04,-0.013472000000000001,0.04
-1.682e-06,1.8,-1.3456e-05,2.16,-0.00013456,2.04,-0.00013456,2.04,-0.013456000000000001,0.0
-1.68e-06,1.8,-1.344e-05,2.16,-0.00013440000000000001,2.04,-0.00013440000000000001,2.04,-0.01344,0.0
-1.6779999999999999e-06,1.8,-1.3423999999999999e-05,2.12,-0.00013424000000000002,2.08,-0.00013424000000000002,2.08,-0.013424,0.0
-1.676e-06,1.84,-1.3408e-05,2.16,-0.00013408000000000002,2.08,-0.00013408000000000002,2.08,-0.013408,0.04
-1.674e-06,1.84,-1.3392e-05,2.12,-0.00013392000000000002,2.04,-0.00013392000000000002,2.04,-0.013392000000000001,0.0
-1.6719999999999998e-06,1.84,-1.3375999999999999e-05,2.16,-0.00013376000000000002,2.08,-0.00013376000000000002,2.08,-0.013376,0.04
-1.6699999999999999e-06,1.8,-1.3359999999999999e-05,2.12,-0.00013360000000000002,2.12,-0.00013360000000000002,2.04,-0.01336,0.04
-1.668e-06,1.8,-1.3344e-05,2.16,-0.00013344000000000002,2.08,-0.00013344000000000002,2.04,-0.013344,0.0
-1.6659999999999998e-06,1.84,-1.3327999999999998e-05,2.16,-0.00013328,2.08,-0.00013328,2.08,-0.013328,0.04
-1.6639999999999999e-06,1.84,-1.3311999999999999e-05,2.12,-0.00013312000000000003,2.08,-0.00013312000000000003,2.08,-0.013312000000000001,0.0
-1.662e-06,1.84,-1.3296e-05,2.12,-0.00013296,2.08,-0.00013296,2.08,-0.013296,0.0
-1.6599999999999998e-06,1.84,-1.3279999999999998e-05,2.16,-0.0001328,2.08,-0.0001328,2.08,-0.01328,0.04
-1.6579999999999998e-06,1.84,-1.3263999999999999e-05,2.12,-0.00013264,2.12,-0.00013264,2.08,-0.013264000000000001,0.0
-1.656e-06,1.8,-1.3248e-05,2.16,-0.00013248,2.08,-0.00013248,2.08,-0.013248000000000001,0.0
-1.654e-06,1.8,-1.3232e-05,2.12,-0.00013232,2.12,-0.00013232,2.12,-0.013232,0.04
-1.6519999999999998e-06,1.8,-1.3215999999999998e-05,2.16,-0.00013216,2.12,-0.00013216,2.08,-0.013216,0.0
-1.6499999999999999e-06,1.8,-1.3199999999999999e-05,2.16,-0.000132,2.08,-0.000132,2.08,-0.0132,0.0
-1.648e-06,1.8,-1.3184e-05,2.12,-0.00013184,2.12,-0.00013184,2.08,-0.013184000000000001,0.04
-1.646e-06,1.8,-1.3168e-05,2.16,-0.00013168,2.08,-0.00013168,2.08,-0.013168000000000001,0.04
-1.6439999999999998e-06,1.8,-1.3151999999999999e-05,2.12,-0.00013152000000000001,2.08,-0.00013152000000000001,2.08,-0.013152,0.0
-1.642e-06,1.8,-1.3136e-05,2.16,-0.00013136000000000002,2.12,-0.00013136000000000002,2.08,-0.013136,0.0
-1.64e-06,1.8,-1.312e-05,2.16,-0.00013120000000000002,2.08,-0.00013120000000000002,2.12,-0.01312,0.0
-1.6379999999999998e-06,1.8,-1.3103999999999999e-05,2.16,-0.00013104000000000002,2.08,-0.00013104000000000002,2.12,-0.013104000000000001,0.04
-1.6359999999999999e-06,1.8,-1.3087999999999999e-05,2.16,-0.00013088000000000002,2.12,-0.00013088000000000002,2.12,-0.013088,0.04
-1.634e-06,1.8,-1.3072e-05,2.16,-0.00013072000000000002,2.12,-0.00013072000000000002,2.12,-0.013072,0.0
-1.6319999999999998e-06,1.8,-1.3055999999999998e-05,2.16,-0.00013056000000000002,2.12,-0.00013056000000000002,2.12,-0.013056,0.0
-1.6299999999999999e-06,1.8,-1.3039999999999999e-05,2.16,-0.00013040000000000003,2.12,-0.00013040000000000003,2.12,-0.01304,0.0
-1.628e-06,1.84,-1.3024e-05,2.12,-0.00013024,2.12,-0.00013024,2.12,-0.013024,0.08
-1.6259999999999998e-06,1.84,-1.3007999999999998e-05,2.16,-0.00013008,2.12,-0.00013008,2.12,-0.013008,0.0
-1.6239999999999998e-06,1.84,-1.2991999999999999e-05,2.12,-0.00012992,2.12,-0.00012992,2.12,-0.012992,0.04
-1.6219999999999999e-06,1.8,-1.2975999999999999e-05,2.16,-0.00012976,2.12,-0.00012976,2.12,-0.012976000000000001,0.0
-1.62e-06,1.8,-1.296e-05,2.16,-0.0001296,2.12,-0.0001296,2.12,-0.012960000000000001,0.0
-1.618e-06,1.8,-1.2944e-05,2.16,-0.00012944,2.16,-0.00012944,2.12,-0.012944,0.0
-1.6159999999999999e-06,1.8,-1.2927999999999999e-05,2.16,-0.00012928,2.12,-0.00012928,2.12,-0.012928,0.0
-1.614e-06,1.8,-1.2912e-05,2.16,-0.00012912,2.12,-0.00012912,2.12,-0.012912,0.04
-1.612e-06,1.8,-1.2896e-05,2.16,-0.00012896,2.12,-0.00012896,2.12,-0.012896000000000001,0.04
-1.6099999999999998e-06,1.8,-1.2879999999999999e-05,2.16,-0.00012880000000000001,2.12,-0.00012880000000000001,2.12,-0.01288,0.0
-1.6079999999999999e-06,1.8,-1.2863999999999999e-05,2.16,-0.00012864000000000002,2.12,-0.00012864000000000002,2.12,-0.012864,0.0
-1.606e-06,1.8,-1.2848e-05,2.16,-0.00012848000000000002,2.16,-0.00012848000000000002,2.12,-0.012848,0.0
-1.6039999999999998e-06,1.8,-1.2831999999999998e-05,2.16,-0.00012832000000000002,2.16,-0.00012832000000000002,2.12,-0.012832,0.04
-1.6019999999999999e-06,1.8,-1.2815999999999999e-05,2.12,-0.00012816000000000002,2.16,-0.00012816000000000002,2.12,-0.012816000000000001,0.0
-1.6e-06,1.8,-1.28e-05,2.16,-0.00012800000000000002,2.16,-0.00012800000000000002,2.12,-0.0128,0.0
-1.5979999999999998e-06,1.8,-1.2783999999999998e-05,2.12,-0.00012784,2.16,-0.00012784,2.12,-0.012784,0.0
-1.5959999999999998e-06,1.84,-1.2767999999999999e-05,2.16,-0.00012768000000000002,2.16,-0.00012768000000000002,2.16,-0.012768,0.04
-1.594e-06,1.84,-1.2752e-05,2.16,-0.00012752,2.12,-0.00012752,2.16,-0.012752,0.04
-1.592e-06,1.8,-1.2736e-05,2.16,-0.00012736000000000003,2.12,-0.00012736000000000003,2.16,-0.012736,0.0
-1.5899999999999998e-06,1.8,-1.2719999999999998e-05,2.16,-0.0001272,2.16,-0.0001272,2.16,-0.01272,0.0
-1.5879999999999999e-06,1.8,-1.2703999999999999e-05,2.16,-0.00012704,2.12,-0.00012704,2.16,-0.012704,0.0
-1.586e-06,1.8,-1.2688e-05,2.16,-0.00012688,2.16,-0.00012688,2.16,-0.012688000000000001,0.0
-1.584e-06,1.84,-1.2672e-05,2.12,-0.00012672,2.16,-0.00012672,2.16,-0.012672000000000001,0.04
-1.5819999999999998e-06,1.84,-1.2655999999999999e-05,2.16,-0.00012656,2.16,-0.00012656,2.16,-0.012656,0.04
-1.58e-06,1.8,-1.264e-05,2.12,-0.0001264,2.16,-0.0001264,2.16,-0.01264,0.04
-1.578e-06,1.8,-1.2624e-05,2.16,-0.00012624,2.16,-0.00012624,2.16,-0.012624,0.04
-1.5759999999999998e-06,1.8,-1.2607999999999999e-05,2.16,-0.00012608,2.16,-0.00012608,2.12,-0.012608000000000001,0.0
-1.5739999999999999e-06,1.8,-1.2591999999999999e-05,2.16,-0.00012592000000000001,2.16,-0.00012592000000000001,2.16,-0.012592,0.0
-1.572e-06,1.8,-1.2576e-05,2.16,-0.00012576000000000002,2.16,-0.00012576000000000002,2.16,-0.012576,0.0
-1.5699999999999998e-06,1.8,-1.2559999999999998e-05,2.16,-0.00012560000000000002,2.16,-0.00012560000000000002,2.16,-0.01256,0.0
-1.5679999999999999e-06,1.8,-1.2543999999999999e-05,2.12,-0.00012544000000000002,2.16,-0.00012544000000000002,2.16,-0.012544,0.04
-1.566e-06,1.8,-1.2528e-05,2.16,-0.00012528000000000002,2.16,-0.00012528000000000002,2.2,-0.012528000000000001,0.0
-1.5639999999999998e-06,1.8,-1.2511999999999998e-05,2.16,-0.00012512000000000002,2.16,-0.00012512000000000002,2.16,-0.012512,0.0
-1.5619999999999998e-06,1.8,-1.2495999999999999e-05,2.16,-0.00012496000000000002,2.16,-0.00012496000000000002,2.16,-0.012496,0.0
-1.5599999999999999e-06,1.84,-1.2479999999999999e-05,2.12,-0.0001248,2.16,-0.0001248,2.2,-0.012480000000000002,0.04
-1.558e-06,1.8,-1.2464e-05,2.16,-0.00012464000000000003,2.16,-0.00012464000000000003,2.16,-0.012464000000000001,0.0
-1.556e-06,1.8,-1.2448e-05,2.16,-0.00012448,2.16,-0.00012448,2.2,-0.012448,0.04
-1.5539999999999999e-06,1.8,-1.2431999999999999e-05,2.16,-0.00012432,2.2,-0.00012432,2.2,-0.012432,0.0
-1.552e-06,1.8,-1.2416e-05,2.16,-0.00012416,2.2,-0.00012416,2.16,-0.012416,0.0
-1.55e-06,1.84,-1.24e-05,2.16,-0.000124,2.2,-0.000124,2.2,-0.012400000000000001,0.0
-1.5479999999999998e-06,1.84,-1.2383999999999999e-05,2.16,-0.00012384,2.16,-0.00012384,2.16,-0.012384000000000001,0.04
-1.5459999999999999e-06,1.8,-1.2367999999999999e-05,2.16,-0.00012368,2.2,-0.00012368,2.2,-0.012368,0.04
-1.544e-06,1.8,-1.2352e-05,2.16,-0.00012352,2.2,-0.00012352,2.2,-0.012352,0.0
-1.5419999999999998e-06,1.8,-1.2335999999999998e-05,2.16,-0.00012336,2.16,-0.00012336,2.2,-0.012336,0.04
-1.5399999999999999e-06,1.8,-1.2319999999999999e-05,2.12,-0.0001232,2.24,-0.0001232,2.2,-0.012320000000000001,0.0
-1.538e-06,1.84,-1.2304e-05,2.16,-0.00012304000000000001,2.16,-0.00012304000000000001,2.24,-0.012304,0.04
-1.5359999999999998e-06,1.8,-1.2287999999999998e-05,2.16,-0.00012288000000000002,2.2,-0.00012288000000000002,2.16,-0.012288,0.0
-1.5339999999999998e-06,1.8,-1.2271999999999999e-05,2.16,-0.00012272000000000002,2.24,-0.00012272000000000002,2.2,-0.012272,0.0
-1.532e-06,1.84,-1.2256e-05,2.16,-0.00012256000000000002,2.2,-0.00012256000000000002,2.2,-0.012256,0.0
-1.5299999999999998e-06,1.84,-1.2239999999999998e-05,2.16,-0.00012240000000000002,2.2,-0.00012240000000000002,2.24,-0.012240000000000001,0.0
-1.5279999999999998e-06,1.84,-1.2223999999999998e-05,2.16,-0.00012224000000000002,2.2,-0.00012224000000000002,2.2,-0.012224,0.04
-1.5259999999999999e-06,1.8,-1.2207999999999999e-05,2.16,-0.00012208,2.2,-0.00012208,2.24,-0.012208,0.0
-1.524e-06,1.8,-1.2192e-05,2.16,-0.00012192000000000001,2.2,-0.00012192000000000001,2.2,-0.012192000000000001,0.04
-1.522e-06,1.8,-1.2176e-05,2.16,-0.00012176000000000001,2.24,-0.00012176000000000001,2.24,-0.012176000000000001,0.0
-1.5199999999999998e-06,1.84,-1.2159999999999999e-05,2.16,-0.00012160000000000001,2.2,-0.00012160000000000001,2.24,-0.01216,0.0
-1.518e-06,1.84,-1.2144e-05,2.16,-0.00012144,2.24,-0.00012144,2.2,-0.012144,0.0
-1.516e-06,1.92,-1.2128e-05,2.16,-0.00012128,2.24,-0.00012128,2.2,-0.012128,0.0
-1.5139999999999998e-06,2.0,-1.2111999999999999e-05,2.16,-0.00012112,2.24,-0.00012112,2.24,-0.012112000000000001,0.0
-1.5119999999999999e-06,2.04,-1.2095999999999999e-05,2.16,-0.00012096000000000001,2.24,-0.00012096000000000001,2.2,-0.012096,0.04
-1.51e-06,2.04,-1.208e-05,2.16,-0.00012080000000000001,2.24,-0.00012080000000000001,2.24,-0.01208,0.04
-1.5079999999999998e-06,2.04,-1.2063999999999998e-05,2.16,-0.00012064000000000001,2.24,-0.00012064000000000001,2.24,-0.012064000000000002,0.0
-1.5059999999999999e-06,2.08,-1.2047999999999999e-05,2.2,-0.00012048000000000001,2.24,-0.00012048000000000001,2.24,-0.012048,0.0
-1.504e-06,2.16,-1.2032e-05,2.16,-0.00012032000000000001,2.24,-0.00012032000000000001,2.2,-0.012032000000000001,0.04
-1.5019999999999998e-06,2.24,-1.2015999999999998e-05,2.16,-0.00012016000000000002,2.24,-0.00012016000000000002,2.24,-0.012016,0.04
-1.4999999999999998e-06,2.24,-1.1999999999999999e-05,2.16,-0.00012000000000000002,2.24,-0.00012000000000000002,2.2,-0.012,0.04
-1.4979999999999999e-06,2.2800000000000002,-1.1983999999999999e-05,2.16,-0.00011984000000000002,2.24,-0.00011984000000000002,2.24,-0.011984000000000002,0.04
-1.4959999999999997e-06,2.36,-1.1967999999999998e-05,2.2,-0.00011968000000000002,2.24,-0.00011968000000000002,2.24,-0.011968,0.0
-1.494e-06,2.48,-1.1952e-05,2.16,-0.00011952000000000002,2.2800000000000002,-0.00011952000000000002,2.24,-0.011952,0.0
-1.4919999999999999e-06,2.52,-1.1935999999999999e-05,2.16,-0.00011936000000000001,2.24,-0.00011936000000000001,2.24,-0.011936,0.04
-1.49e-06,2.52,-1.192e-05,2.12,-0.00011920000000000001,2.24,-0.00011920000000000001,2.24,-0.01192,0.0
-1.488e-06,2.56,-1.1904e-05,2.16,-0.00011904000000000001,2.2800000000000002,-0.00011904000000000001,2.24,-0.011904000000000001,0.0
-1.4859999999999998e-06,2.6,-1.1887999999999999e-05,2.16,-0.00011888000000000001,2.24,-0.00011888000000000001,2.2800000000000002,-0.011888,0.04
-1.484e-06,2.6,-1.1872e-05,2.16,-0.00011872000000000002,2.24,-0.00011872000000000002,2.24,-0.011872,0.0
-1.482e-06,2.52,-1.1856e-05,2.16,-0.00011856,2.2800000000000002,-0.00011856,2.24,-0.011856,0.0
-1.4799999999999998e-06,2.4,-1.1839999999999998e-05,2.16,-0.0001184,2.24,-0.0001184,2.24,-0.01184,0.0
-1.4779999999999999e-06,2.2800000000000002,-1.1823999999999999e-05,2.16,-0.00011824,2.2800000000000002,-0.00011824,2.24,-0.011824000000000001,0.0
-1.476e-06,2.2,-1.1808e-05,2.16,-0.00011808000000000001,2.2800000000000002,-0.00011808000000000001,2.24,-0.011808,0.0
-1.4739999999999998e-06,2.12,-1.1791999999999998e-05,2.16,-0.00011792000000000001,2.2800000000000002,-0.00011792000000000001,2.2800000000000002,-0.011792,0.04
-1.4719999999999998e-06,2.0,-1.1775999999999999e-05,2.16,-0.00011776000000000001,2.2800000000000002,-0.00011776000000000001,2.24,-0.011776000000000002,0.0
-1.47e-06,1.8800000000000001,-1.176e-05,2.2,-0.00011760000000000001,2.24,-0.00011760000000000001,2.2800000000000002,-0.01176,0.04
-1.4679999999999998e-06,1.8,-1.1743999999999998e-05,2.16,-0.00011744000000000001,2.2800000000000002,-0.00011744000000000001,2.2800000000000002,-0.011744000000000001,0.0
-1.466e-06,1.76,-1.1728e-05,2.16,-0.00011728000000000002,2.2800000000000002,-0.00011728000000000002,2.2800000000000002,-0.011728,0.0
-1.4639999999999999e-06,1.72,-1.1711999999999999e-05,2.16,-0.00011712000000000002,2.2800000000000002,-0.00011712000000000002,2.2800000000000002,-0.011712,0.04
-1.4619999999999997e-06,1.72,-1.1695999999999998e-05,2.16,-0.00011696000000000002,2.24,-0.00011696000000000002,2.2800000000000002,-0.011696000000000002,0.0
-1.46e-06,1.76,-1.168e-05,2.16,-0.00011680000000000002,2.2800000000000002,-0.00011680000000000002,2.2800000000000002,-0.01168,0.04
-1.4579999999999998e-06,1.84,-1.1663999999999999e-05,2.16,-0.00011664000000000002,2.2800000000000002,-0.00011664000000000002,2.24,-0.011664,0.04
-1.456e-06,1.92,-1.1648e-05,2.16,-0.00011648000000000001,2.2800000000000002,-0.00011648000000000001,2.2800000000000002,-0.011648,0.0
-1.454e-06,2.0,-1.1632e-05,2.16,-0.00011632000000000001,2.2800000000000002,-0.00011632000000000001,2.24,-0.011632,0.0
-1.4519999999999998e-06,2.08,-1.1615999999999999e-05,2.16,-0.00011616000000000001,2.2800000000000002,-0.00011616000000000001,2.2800000000000002,-0.011616000000000001,0.04
-1.4499999999999999e-06,2.2,-1.1599999999999999e-05,2.16,-0.00011600000000000001,2.2800000000000002,-0.00011600000000000001,2.2800000000000002,-0.011600000000000001,0.0
-1.448e-06,2.32,-1.1584e-05,2.16,-0.00011584,2.2800000000000002,-0.00011584,2.2800000000000002,-0.011584,0.04
-1.4459999999999998e-06,2.4,-1.1567999999999998e-05,2.2,-0.00011568,2.2800000000000002,-0.00011568,2.2800000000000002,-0.011568,0.04
-1.4439999999999999e-06,2.44,-1.1551999999999999e-05,2.12,-0.00011552,2.2800000000000002,-0.00011552,2.2800000000000002,-0.011552,0.0
-1.442e-06,2.44,-1.1536e-05,2.2,-0.00011536000000000001,2.2800000000000002,-0.00011536000000000001,2.2800000000000002,-0.011536000000000001,0.0
-1.4399999999999998e-06,2.48,-1.1519999999999998e-05,2.16,-0.00011520000000000001,2.2800000000000002,-0.00011520000000000001,2.2800000000000002,-0.01152,0.0
-1.4379999999999998e-06,2.48,-1.1503999999999999e-05,2.16,-0.00011504000000000001,2.32,-0.00011504000000000001,2.2800000000000002,-0.011504,0.04
-1.4359999999999999e-06,2.44,-1.1487999999999999e-05,2.16,-0.00011488000000000001,2.32,-0.00011488000000000001,2.2800000000000002,-0.011488000000000002,0.04
-1.4339999999999997e-06,2.36,-1.1471999999999998e-05,2.16,-0.00011472000000000001,2.2800000000000002,-0.00011472000000000001,2.32,-0.011472,0.0
-1.432e-06,2.24,-1.1456e-05,2.2,-0.00011456000000000001,2.32,-0.00011456000000000001,2.2800000000000002,-0.011456000000000001,0.04
-1.4299999999999999e-06,2.2,-1.1439999999999999e-05,2.16,-0.00011440000000000002,2.2800000000000002,-0.00011440000000000002,2.2800000000000002,-0.01144,0.0
-1.428e-06,2.12,-1.1424e-05,2.2,-0.00011424000000000002,2.2800000000000002,-0.00011424000000000002,2.32,-0.011424,0.04
-1.426e-06,2.08,-1.1408e-05,2.2,-0.00011408000000000002,2.32,-0.00011408000000000002,2.32,-0.011408000000000001,0.0
-1.4239999999999998e-06,2.0,-1.1391999999999999e-05,2.2,-0.00011392000000000002,2.32,-0.00011392000000000002,2.2800000000000002,-0.011392,0.0
-1.422e-06,1.96,-1.1376e-05,2.16,-0.00011376000000000002,2.2800000000000002,-0.00011376000000000002,2.32,-0.011376,0.0
-1.42e-06,1.92,-1.136e-05,2.16,-0.00011360000000000001,2.32,-0.00011360000000000001,2.32,-0.01136,0.0
-1.4179999999999998e-06,1.96,-1.1343999999999998e-05,2.16,-0.00011344000000000001,2.32,-0.00011344000000000001,2.2800000000000002,-0.011344,0.0
-1.4159999999999999e-06,2.0,-1.1327999999999999e-05,2.16,-0.00011328000000000001,2.32,-0.00011328000000000001,2.32,-0.011328000000000001,0.04
-1.414e-06,2.0,-1.1312e-05,2.16,-0.00011312000000000001,2.32,-0.00011312000000000001,2.32,-0.011312000000000001,0.0
-1.4119999999999998e-06,2.0,-1.1295999999999998e-05,2.16,-0.00011296,2.32,-0.00011296,2.32,-0.011296,0.0
-1.4099999999999998e-06,2.08,-1.1279999999999999e-05,2.16,-0.0001128,2.32,-0.0001128,2.32,-0.011280000000000002,0.04
-1.408e-06,2.12,-1.1264e-05,2.16,-0.00011264,2.32,-0.00011264,2.32,-0.011264,0.04
-1.4059999999999998e-06,2.16,-1.1247999999999998e-05,2.16,-0.00011248000000000001,2.32,-0.00011248000000000001,2.32,-0.011248000000000001,0.0
-1.404e-06,2.16,-1.1232e-05,2.16,-0.00011232000000000001,2.32,-0.00011232000000000001,2.36,-0.011232,0.0
-1.4019999999999999e-06,2.2,-1.1215999999999999e-05,2.16,-0.00011216000000000001,2.36,-0.00011216000000000001,2.32,-0.011216,0.04
-1.3999999999999997e-06,2.24,-1.1199999999999998e-05,2.2,-0.00011200000000000001,2.32,-0.00011200000000000001,2.32,-0.011200000000000002,0.0
-1.398e-06,2.24,-1.1184e-05,2.2,-0.00011184000000000001,2.32,-0.00011184000000000001,2.36,-0.011184,0.0
-1.3959999999999998e-06,2.2,-1.1167999999999999e-05,2.16,-0.00011168000000000001,2.32,-0.00011168000000000001,2.32,-0.011168,0.0
-1.394e-06,2.2,-1.1152e-05,2.16,-0.00011152000000000002,2.32,-0.00011152000000000002,2.36,-0.011152,0.0
-1.392e-06,2.16,-1.1136e-05,2.16,-0.00011136000000000002,2.36,-0.00011136000000000002,2.36,-0.011136,0.0
-1.3899999999999998e-06,2.16,-1.1119999999999999e-05,2.2,-0.00011120000000000002,2.36,-0.00011120000000000002,2.36,-0.011120000000000001,0.0
-1.3879999999999999e-06,2.16,-1.1103999999999999e-05,2.16,-0.00011104000000000002,2.36,-0.00011104000000000002,2.36,-0.011104,0.0
-1.386e-06,2.12,-1.1088e-05,2.16,-0.00011088000000000001,2.36,-0.00011088000000000001,2.36,-0.011088,0.0
-1.3839999999999998e-06,2.12,-1.1071999999999998e-05,2.2,-0.00011072000000000001,2.36,-0.00011072000000000001,2.36,-0.011072,0.0
-1.3819999999999999e-06,2.12,-1.1055999999999999e-05,2.16,-0.00011056000000000001,2.36,-0.00011056000000000001,2.32,-0.011056,0.0
-1.38e-06,2.12,-1.104e-05,2.2,-0.00011040000000000001,2.36,-0.00011040000000000001,2.36,-0.011040000000000001,0.0
-1.3779999999999998e-06,2.12,-1.1023999999999998e-05,2.16,-0.00011024000000000002,2.36,-0.00011024000000000002,2.32,-0.011024,0.04
-1.3759999999999998e-06,2.12,-1.1007999999999999e-05,2.2,-0.00011008,2.36,-0.00011008,2.36,-0.011008,0.0
-1.3739999999999999e-06,2.16,-1.0991999999999999e-05,2.16,-0.00010992,2.36,-0.00010992,2.36,-0.010992000000000002,0.04
-1.3719999999999997e-06,2.16,-1.0975999999999998e-05,2.2,-0.00010976,2.36,-0.00010976,2.36,-0.010976,0.04
-1.37e-06,2.16,-1.096e-05,2.16,-0.00010960000000000001,2.36,-0.00010960000000000001,2.36,-0.010960000000000001,0.04
-1.3679999999999999e-06,2.16,-1.0943999999999999e-05,2.16,-0.00010944000000000001,2.36,-0.00010944000000000001,2.36,-0.010944,0.0
-1.3659999999999997e-06,2.16,-1.0927999999999998e-05,2.16,-0.00010928000000000001,2.36,-0.00010928000000000001,2.32,-0.010928,0.04
-1.364e-06,2.16,-1.0912e-05,2.16,-0.00010912000000000001,2.36,-0.00010912000000000001,2.36,-0.010912000000000002,0.0
-1.3619999999999998e-06,2.16,-1.0895999999999999e-05,2.16,-0.00010896000000000001,2.36,-0.00010896000000000001,2.36,-0.010896,0.04
-1.36e-06,2.12,-1.088e-05,2.16,-0.00010880000000000002,2.36,-0.00010880000000000002,2.36,-0.01088,0.0
-1.358e-06,2.12,-1.0864e-05,2.2,-0.00010864000000000002,2.36,-0.00010864000000000002,2.4,-0.010864,0.0
-1.3559999999999998e-06,2.08,-1.0847999999999998e-05,2.16,-0.00010848000000000002,2.4,-0.00010848000000000002,2.36,-0.010848,0.0
-1.3539999999999999e-06,2.12,-1.0831999999999999e-05,2.16,-0.00010832000000000002,2.36,-0.00010832000000000002,2.36,-0.010832000000000001,0.0
-1.352e-06,2.12,-1.0816e-05,2.2,-0.00010816000000000002,2.36,-0.00010816000000000002,2.36,-0.010816000000000001,0.0
-1.3499999999999998e-06,2.12,-1.0799999999999998e-05,2.16,-0.00010800000000000001,2.4,-0.00010800000000000001,2.36,-0.0108,0.04
-1.3479999999999998e-06,2.12,-1.0783999999999999e-05,2.16,-0.00010784000000000001,2.36,-0.00010784000000000001,2.36,-0.010784,0.0
-1.346e-06,2.12,-1.0768e-05,2.16,-0.00010768000000000001,2.36,-0.00010768000000000001,2.36,-0.010768,0.0
-1.3439999999999998e-06,2.12,-1.0751999999999998e-05,2.16,-0.00010752000000000001,2.4,-0.00010752000000000001,2.36,-0.010752000000000001,0.04
-1.342e-06,2.16,-1.0736e-05,2.2,-0.00010736,2.36,-0.00010736,2.36,-0.010736,0.0
-1.3399999999999999e-06,2.16,-1.0719999999999999e-05,2.16,-0.0001072,2.36,-0.0001072,2.4,-0.01072,0.0
-1.3379999999999997e-06,2.16,-1.0703999999999998e-05,2.2,-0.00010704,2.36,-0.00010704,2.36,-0.010704000000000002,0.0
-1.336e-06,2.16,-1.0688e-05,2.2,-0.00010688,2.4,-0.00010688,2.36,-0.010688,0.0
-1.3339999999999998e-06,2.16,-1.0671999999999999e-05,2.16,-0.00010672000000000001,2.4,-0.00010672000000000001,2.36,-0.010672000000000001,0.04
-1.332e-06,2.2,-1.0656e-05,2.16,-0.00010656000000000001,2.4,-0.00010656000000000001,2.4,-0.010656,0.0
-1.33e-06,2.2,-1.064e-05,2.2,-0.00010640000000000001,2.4,-0.00010640000000000001,2.4,-0.01064,0.0
-1.3279999999999998e-06,2.16,-1.0623999999999999e-05,2.16,-0.00010624000000000001,2.4,-0.00010624000000000001,2.4,-0.010624000000000001,0.0
-1.3259999999999999e-06,2.16,-1.0607999999999999e-05,2.2,-0.00010608000000000001,2.4,-0.00010608000000000001,2.4,-0.010608,0.0
-1.324e-06,2.16,-1.0592e-05,2.16,-0.00010592000000000002,2.4,-0.00010592000000000002,2.4,-0.010592,0.04
-1.3219999999999998e-06,2.16,-1.0575999999999998e-05,2.16,-0.00010576000000000002,2.4,-0.00010576000000000002,2.4,-0.010576,0.0
-1.3199999999999999e-06,2.16,-1.0559999999999999e-05,2.16,-0.00010560000000000002,2.4,-0.00010560000000000002,2.4,-0.01056,0.0
-1.318e-06,2.12,-1.0544e-05,2.2,-0.00010544000000000002,2.44,-0.00010544000000000002,2.4,-0.010544000000000001,0.0
-1.3159999999999998e-06,2.12,-1.0527999999999998e-05,2.16,-0.00010528000000000002,2.4,-0.00010528000000000002,2.4,-0.010528000000000001,0.04
-1.3139999999999998e-06,2.12,-1.0511999999999999e-05,2.16,-0.00010512000000000001,2.4,-0.00010512000000000001,2.4,-0.010512,0.04
-1.3119999999999999e-06,2.16,-1.0495999999999999e-05,2.2,-0.00010496000000000001,2.44,-0.00010496000000000001,2.4,-0.010496000000000002,0.0
-1.3099999999999997e-06,2.16,-1.0479999999999998e-05,2.16,-0.00010480000000000001,2.4,-0.00010480000000000001,2.4,-0.01048,0.04
-1.308e-06,2.12,-1.0464e-05,2.2,-0.00010464000000000001,2.4,-0.00010464000000000001,2.4,-0.010464000000000001,0.0
-1.3059999999999999e-06,2.12,-1.0447999999999999e-05,2.16,-0.00010448,2.44,-0.00010448,2.4,-0.010448,0.0
-1.3039999999999997e-06,2.16,-1.0431999999999998e-05,2.2,-0.00010432,2.4,-0.00010432,2.4,-0.010432,0.0
-1.302e-06,2.16,-1.0416e-05,2.16,-0.00010416,2.4,-0.00010416,2.4,-0.010416000000000002,0.0
-1.2999999999999998e-06,2.16,-1.0399999999999999e-05,2.16,-0.00010400000000000001,2.44,-0.00010400000000000001,2.44,-0.0104,0.0
-1.298e-06,2.16,-1.0384e-05,2.16,-0.00010384000000000001,2.4,-0.00010384000000000001,2.4,-0.010384000000000001,0.0
-1.296e-06,2.16,-1.0368e-05,2.2,-0.00010368000000000001,2.44,-0.00010368000000000001,2.44,-0.010368,0.0
-1.2939999999999998e-06,2.16,-1.0351999999999998e-05,2.16,-0.00010352000000000001,2.44,-0.00010352000000000001,2.4,-0.010352,0.0
-1.2919999999999999e-06,2.16,-1.0335999999999999e-05,2.2,-0.00010336000000000001,2.4,-0.00010336000000000001,2.44,-0.010336000000000001,0.04
-1.29e-06,2.16,-1.032e-05,2.2,-0.00010320000000000001,2.44,-0.00010320000000000001,2.4,-0.01032,0.04
-1.2879999999999998e-06,2.12,-1.0303999999999998e-05,2.16,-0.00010304000000000002,2.4,-0.00010304000000000002,2.44,-0.010304,0.0
-1.2859999999999998e-06,2.12,-1.0287999999999999e-05,2.16,-0.00010288000000000002,2.4,-0.00010288000000000002,2.44,-0.010288,0.0
-1.284e-06,2.12,-1.0272e-05,2.16,-0.00010272000000000002,2.44,-0.00010272000000000002,2.4,-0.010272,0.04
-1.2819999999999998e-06,2.16,-1.0255999999999998e-05,2.2,-0.00010256000000000002,2.44,-0.00010256000000000002,2.44,-0.010256000000000001,0.0
-1.2799999999999998e-06,2.12,-1.0239999999999999e-05,2.16,-0.00010240000000000001,2.44,-0.00010240000000000001,2.4,-0.01024,0.0
-1.2779999999999999e-06,2.12,-1.0223999999999999e-05,2.2,-0.00010224000000000001,2.44,-0.00010224000000000001,2.44,-0.010224,0.0
-1.2759999999999997e-06,2.12,-1.0207999999999998e-05,2.2,-0.00010208000000000001,2.44,-0.00010208000000000001,2.44,-0.010208000000000002,0.0
-1.274e-06,2.12,-1.0192e-05,2.2,-0.00010192000000000001,2.4,-0.00010192000000000001,2.44,-0.010192,0.0
-1.2719999999999998e-06,2.16,-1.0175999999999999e-05,2.2,-0.00010176000000000002,2.44,-0.00010176000000000002,2.44,-0.010176000000000001,0.0
-1.27e-06,2.16,-1.016e-05,2.16,-0.0001016,2.44,-0.0001016,2.44,-0.01016,0.0
-1.268e-06,2.16,-1.0144e-05,2.16,-0.00010144,2.48,-0.00010144,2.4,-0.010144,0.0
-1.2659999999999998e-06,2.16,-1.0127999999999999e-05,2.2,-0.00010128,2.48,-0.00010128,2.44,-0.010128000000000002,0.0
-1.2639999999999999e-06,2.16,-1.0111999999999999e-05,2.2,-0.00010112000000000001,2.48,-0.00010112000000000001,2.44,-0.010112,0.0
-1.262e-06,2.2,-1.0096e-05,2.2,-0.00010096000000000001,2.44,-0.00010096000000000001,2.44,-0.010096,0.0
-1.2599999999999998e-06,2.2,-1.0079999999999998e-05,2.2,-0.00010080000000000001,2.48,-0.00010080000000000001,2.48,-0.01008,0.0
-1.2579999999999999e-06,2.2,-1.0063999999999999e-05,2.2,-0.00010064000000000001,2.44,-0.00010064000000000001,2.48,-0.010064,0.0
-1.256e-06,2.16,-1.0048e-05,2.2,-0.00010048000000000001,2.48,-0.00010048000000000001,2.44,-0.010048000000000001,0.04
-1.2539999999999998e-06,2.16,-1.0031999999999998e-05,2.16,-0.00010032000000000002,2.48,-0.00010032000000000002,2.44,-0.010032000000000001,0.0
-1.2519999999999998e-06,2.16,-1.0015999999999999e-05,2.2,-0.00010016000000000002,2.44,-0.00010016000000000002,2.44,-0.010016,0.0
-1.2499999999999999e-06,2.16,-9.999999999999999e-06,2.2,-0.00010000000000000002,2.48,-0.00010000000000000002,2.44,-0.01,0.0
-1.2479999999999997e-06,2.16,-9.983999999999998e-06,2.2,-9.984000000000002e-05,2.48,-9.984000000000002e-05,2.48,-0.009984,0.04
-1.246e-06,2.12,-9.968e-06,2.2,-9.968000000000002e-05,2.44,-9.968000000000002e-05,2.48,-0.009968000000000001,0.0
-1.2439999999999999e-06,2.12,-9.951999999999999e-06,2.2,-9.952000000000001e-05,2.48,-9.952000000000001e-05,2.44,-0.009952,0.0
-1.2419999999999997e-06,2.12,-9.935999999999998e-06,1.84,-9.936000000000001e-05,2.48,-9.936000000000001e-05,2.48,-0.009936,0.0
-1.24e-06,2.16,-9.92e-06,1.44,-9.920000000000001e-05,2.44,-9.920000000000001e-05,2.04,-0.009920000000000002,0.0
-1.2379999999999998e-06,2.16,-9.903999999999999e-06,1.96,-9.904000000000001e-05,2.08,-9.904000000000001e-05,2.12,-0.009904,0.6
-1.236e-06,2.12,-9.888e-06,2.16,-9.888000000000002e-05,2.12,-9.888000000000002e-05,2.12,-0.009888000000000001,0.92
-1.234e-06,2.12,-9.872e-06,1.52,-9.872000000000002e-05,2.08,-9.872000000000002e-05,2.08,-0.009872,1.24
-1.2319999999999998e-06,2.12,-9.855999999999998e-06,1.96,-9.856e-05,2.12,-9.856e-05,2.08,-0.009856,1.52
-1.2299999999999999e-06,2.16,-9.839999999999999e-06,1.8800000000000001,-9.84e-05,2.08,-9.84e-05,2.12,-0.009840000000000002,1.76
-1.228e-06,2.16,-9.824e-06,1.8,-9.824000000000001e-05,2.08,-9.824000000000001e-05,2.08,-0.009824,2.0
-1.2259999999999998e-06,2.16,-9.807999999999998e-06,1.8800000000000001,-9.808000000000001e-05,2.12,-9.808000000000001e-05,2.08,-0.009808,2.16
-1.2239999999999998e-06,2.16,-9.791999999999999e-06,1.84,-9.792000000000001e-05,2.08,-9.792000000000001e-05,2.08,-0.009792,2.32
-1.222e-06,2.16,-9.776e-06,1.8800000000000001,-9.776000000000001e-05,2.08,-9.776000000000001e-05,2.08,-0.009776,2.52
-1.2199999999999998e-06,2.16,-9.759999999999998e-06,1.8,-9.760000000000001e-05,2.08,-9.760000000000001e-05,2.08,-0.009760000000000001,2.6
-1.2179999999999998e-06,2.16,-9.743999999999999e-06,1.8800000000000001,-9.744000000000002e-05,2.08,-9.744000000000002e-05,2.08,-0.009744000000000001,2.7600000000000002
-1.2159999999999999e-06,2.16,-9.727999999999999e-06,1.84,-9.728000000000002e-05,2.08,-9.728000000000002e-05,2.08,-0.009728,2.88
-1.2139999999999997e-06,2.12,-9.711999999999998e-06,1.84,-9.712e-05,2.08,-9.712e-05,2.08,-0.009712000000000002,3.0
-1.212e-06,2.12,-9.696e-06,1.84,-9.696000000000001e-05,2.08,-9.696000000000001e-05,2.08,-0.009696,3.08
-1.2099999999999998e-06,2.16,-9.679999999999999e-06,1.8800000000000001,-9.680000000000001e-05,2.08,-9.680000000000001e-05,2.04,-0.009680000000000001,3.16
-1.208e-06,2.16,-9.664e-06,1.84,-9.664000000000001e-05,2.08,-9.664000000000001e-05,2.04,-0.009664,3.24
-1.206e-06,2.12,-9.648e-06,1.84,-9.648000000000001e-05,2.04,-9.648000000000001e-05,2.08,-0.009648,3.3200000000000003
-1.2039999999999998e-06,2.12,-9.631999999999999e-06,1.84,-9.632000000000001e-05,2.08,-9.632000000000001e-05,2.04,-0.009632000000000002,3.36
-1.2019999999999999e-06,2.12,-9.615999999999999e-06,1.84,-9.616000000000001e-05,2.04,-9.616000000000001e-05,2.08,-0.009616,3.44
-1.2e-06,2.16,-9.6e-06,1.8800000000000001,-9.600000000000002e-05,2.04,-9.600000000000002e-05,2.04,-0.009600000000000001,3.48
-1.1979999999999998e-06,2.16,-9.583999999999998e-06,1.8,-9.584000000000002e-05,2.08,-9.584000000000002e-05,2.04,-0.009584,3.52
-1.1959999999999999e-06,2.16,-9.567999999999999e-06,1.8800000000000001,-9.568e-05,2.04,-9.568e-05,2.04,-0.009568,3.56
-1.194e-06,2.16,-9.552e-06,1.8,-9.552000000000001e-05,2.04,-9.552000000000001e-05,2.04,-0.009552000000000001,3.6
-1.1919999999999998e-06,2.16,-9.535999999999998e-06,1.8800000000000001,-9.536000000000001e-05,2.04,-9.536000000000001e-05,2.04,-0.009536,3.68
-1.1899999999999998e-06,2.16,-9.519999999999999e-06,1.8,-9.520000000000001e-05,2.0,-9.520000000000001e-05,2.04,-0.00952,3.64
-1.1879999999999999e-06,2.16,-9.503999999999999e-06,1.84,-9.504000000000001e-05,2.04,-9.504000000000001e-05,2.04,-0.009504,3.72
-1.1859999999999997e-06,2.16,-9.487999999999998e-06,1.84,-9.488000000000001e-05,2.04,-9.488000000000001e-05,2.04,-0.009488,3.72
-1.184e-06,2.12,-9.472e-06,1.84,-9.472000000000001e-05,2.0,-9.472000000000001e-05,2.04,-0.009472000000000001,3.72
-1.1819999999999999e-06,2.12,-9.455999999999999e-06,1.84,-9.456000000000002e-05,2.04,-9.456000000000002e-05,2.04,-0.009456,3.8000000000000003
-1.1799999999999997e-06,2.12,-9.439999999999998e-06,1.84,-9.440000000000002e-05,2.04,-9.440000000000002e-05,2.0,-0.00944,3.7600000000000002
-1.178e-06,2.16,-9.424e-06,1.84,-9.424e-05,2.04,-9.424e-05,2.04,-0.009424000000000002,3.8000000000000003
-1.1759999999999998e-06,2.12,-9.407999999999999e-06,1.84,-9.408000000000001e-05,2.04,-9.408000000000001e-05,2.04,-0.009408,3.7600000000000002
-1.174e-06,2.12,-9.392e-06,1.84,-9.392000000000001e-05,2.04,-9.392000000000001e-05,2.0,-0.009392000000000001,3.8000000000000003
-1.172e-06,2.12,-9.376e-06,1.84,-9.376000000000001e-05,2.0,-9.376000000000001e-05,2.0,-0.009376,3.8000000000000003
-1.1699999999999998e-06,2.12,-9.359999999999998e-06,1.84,-9.360000000000001e-05,2.04,-9.360000000000001e-05,2.0,-0.00936,3.84
-1.1679999999999999e-06,2.12,-9.343999999999999e-06,1.84,-9.344000000000001e-05,2.04,-9.344000000000001e-05,2.0,-0.009344000000000002,3.88
-1.166e-06,2.16,-9.328e-06,1.84,-9.328000000000001e-05,2.0,-9.328000000000001e-05,2.04,-0.009328,3.84
-1.1639999999999998e-06,2.16,-9.311999999999998e-06,1.84,-9.312000000000002e-05,2.04,-9.312000000000002e-05,2.0,-0.009312,3.84
-1.1619999999999998e-06,2.16,-9.295999999999999e-06,1.84,-9.296000000000002e-05,2.0,-9.296000000000002e-05,2.0,-0.009296,3.88
-1.16e-06,2.16,-9.28e-06,1.8,-9.28e-05,2.0,-9.28e-05,2.04,-0.00928,3.92
-1.1579999999999998e-06,2.16,-9.263999999999998e-06,1.84,-9.264000000000001e-05,2.04,-9.264000000000001e-05,2.04,-0.009264000000000001,3.92
-1.1559999999999998e-06,2.16,-9.247999999999999e-06,1.84,-9.248000000000001e-05,2.0,-9.248000000000001e-05,1.96,-0.009248000000000001,3.92
-1.1539999999999999e-06,2.16,-9.231999999999999e-06,1.84,-9.232000000000001e-05,2.0,-9.232000000000001e-05,2.0,-0.009232,3.92
-1.1519999999999997e-06,2.16,-9.215999999999998e-06,1.84,-9.216000000000001e-05,2.04,-9.216000000000001e-05,2.0,-0.009216,3.92
-1.15e-06,2.16,-9.2e-06,1.84,-9.200000000000001e-05,2.04,-9.200000000000001e-05,1.96,-0.0092,3.92
-1.1479999999999999e-06,2.16,-9.183999999999999e-06,1.84,-9.184000000000002e-05,2.0,-9.184000000000002e-05,2.0,-0.009184000000000001,3.92
-1.1459999999999997e-06,2.16,-9.167999999999998e-06,1.84,-9.168000000000002e-05,2.0,-9.168000000000002e-05,1.96,-0.009168,3.92
-1.144e-06,2.16,-9.152e-06,1.84,-9.152000000000002e-05,2.0,-9.152000000000002e-05,2.0,-0.009152,3.96
-1.1419999999999998e-06,2.16,-9.135999999999999e-06,1.84,-9.136e-05,2.0,-9.136e-05,2.0,-0.009136000000000002,3.96
-1.1399999999999999e-06,2.16,-9.119999999999999e-06,1.84,-9.120000000000001e-05,2.0,-9.120000000000001e-05,2.0,-0.00912,3.92
-1.138e-06,2.16,-9.104e-06,1.84,-9.104000000000001e-05,1.96,-9.104000000000001e-05,2.0,-0.009104000000000001,3.96
-1.1359999999999998e-06,2.12,-9.087999999999998e-06,1.8,-9.088000000000001e-05,2.0,-9.088000000000001e-05,2.0,-0.009088,3.96
-1.1339999999999999e-06,2.12,-9.071999999999999e-06,1.8,-9.072000000000001e-05,2.0,-9.072000000000001e-05,1.96,-0.009072,3.96
-1.132e-06,2.12,-9.056e-06,1.84,-9.056000000000001e-05,2.0,-9.056000000000001e-05,1.96,-0.009056000000000002,3.96
-1.1299999999999998e-06,2.12,-9.039999999999998e-06,1.84,-9.040000000000002e-05,2.0,-9.040000000000002e-05,1.96,-0.00904,3.92
-1.1279999999999998e-06,2.16,-9.023999999999999e-06,1.84,-9.024000000000002e-05,1.96,-9.024000000000002e-05,1.96,-0.009024,3.96
-1.1259999999999999e-06,2.16,-9.007999999999999e-06,1.84,-9.008e-05,2.0,-9.008e-05,1.96,-0.009008,3.96
-1.1239999999999997e-06,2.16,-8.991999999999998e-06,1.84,-8.992e-05,2.0,-8.992e-05,2.0,-0.008992,3.96
-1.1219999999999998e-06,2.12,-8.975999999999998e-06,1.8,-8.976000000000001e-05,1.96,-8.976000000000001e-05,1.96,-0.008976000000000001,3.96
-1.1199999999999999e-06,2.16,-8.959999999999999e-06,1.84,-8.960000000000001e-05,1.96,-8.960000000000001e-05,1.96,-0.008960000000000001,3.96
-1.1179999999999997e-06,2.16,-8.943999999999998e-06,1.84,-8.944000000000001e-05,2.0,-8.944000000000001e-05,1.96,-0.008944,3.96
-1.116e-06,2.16,-8.928e-06,1.84,-8.928000000000001e-05,1.96,-8.928000000000001e-05,1.96,-0.008928000000000002,3.96
-1.1139999999999998e-06,2.16,-8.911999999999999e-06,1.84,-8.912000000000001e-05,1.96,-8.912000000000001e-05,1.92,-0.008912,3.96
-1.112e-06,2.16,-8.896e-06,1.84,-8.896000000000002e-05,1.96,-8.896000000000002e-05,1.96,-0.008896000000000001,4.0
-1.11e-06,2.16,-8.88e-06,1.84,-8.880000000000002e-05,1.96,-8.880000000000002e-05,1.92,-0.00888,3.96
-1.1079999999999998e-06,2.16,-8.863999999999998e-06,1.84,-8.864e-05,1.96,-8.864e-05,2.0,-0.008864,3.92
-1.1059999999999999e-06,2.12,-8.847999999999999e-06,1.84,-8.848e-05,1.96,-8.848e-05,1.92,-0.008848000000000002,3.96
-1.104e-06,2.12,-8.832e-06,1.84,-8.832000000000001e-05,1.96,-8.832000000000001e-05,1.92,-0.008832,4.0
-1.1019999999999998e-06,2.12,-8.815999999999998e-06,1.84,-8.816000000000001e-05,1.96,-8.816000000000001e-05,1.96,-0.008816000000000001,3.96
-1.0999999999999998e-06,2.16,-8.799999999999999e-06,1.84,-8.800000000000001e-05,2.0,-8.800000000000001e-05,1.96,-0.0088,3.96
-1.098e-06,2.16,-8.784e-06,1.84,-8.784000000000001e-05,1.92,-8.784000000000001e-05,1.92,-0.008784,3.96
-1.0959999999999998e-06,2.16,-8.767999999999998e-06,1.84,-8.768000000000001e-05,1.92,-8.768000000000001e-05,1.96,-0.008768000000000001,3.96
-1.0939999999999998e-06,2.16,-8.751999999999999e-06,1.8,-8.752000000000002e-05,1.96,-8.752000000000002e-05,1.96,-0.008752,3.96
-1.0919999999999999e-06,2.16,-8.735999999999999e-06,1.84,-8.736000000000002e-05,1.92,-8.736000000000002e-05,1.92,-0.008736,4.0
-1.0899999999999997e-06,2.16,-8.719999999999998e-06,1.84,-8.72e-05,1.96,-8.72e-05,1.92,-0.00872,3.96
-1.088e-06,2.16,-8.704e-06,1.8,-8.704000000000001e-05,1.92,-8.704000000000001e-05,1.92,-0.008704,3.96
-1.0859999999999999e-06,2.16,-8.687999999999999e-06,1.84,-8.688000000000001e-05,1.92,-8.688000000000001e-05,1.8800000000000001,-0.008688000000000001,4.0
-1.0839999999999997e-06,2.16,-8.671999999999998e-06,1.84,-8.672000000000001e-05,1.92,-8.672000000000001e-05,1.92,-0.008672000000000001,3.96
-1.082e-06,2.16,-8.656e-06,1.8,-8.656000000000001e-05,1.92,-8.656000000000001e-05,1.92,-0.008656,4.0
-1.0799999999999998e-06,2.16,-8.639999999999999e-06,1.84,-8.640000000000001e-05,1.92,-8.640000000000001e-05,1.92,-0.008640000000000002,3.96
-1.0779999999999999e-06,2.16,-8.623999999999999e-06,1.84,-8.624000000000001e-05,1.92,-8.624000000000001e-05,1.92,-0.008624,3.96
-1.076e-06,2.12,-8.608e-06,1.84,-8.608000000000002e-05,1.92,-8.608000000000002e-05,1.92,-0.008608000000000001,4.0
-1.0739999999999998e-06,2.12,-8.591999999999998e-06,1.8,-8.592000000000002e-05,1.92,-8.592000000000002e-05,1.92,-0.008592,3.96
-1.0719999999999999e-06,2.16,-8.575999999999999e-06,1.84,-8.576e-05,1.92,-8.576e-05,1.92,-0.008576,3.96
-1.07e-06,2.16,-8.56e-06,1.84,-8.560000000000001e-05,1.8800000000000001,-8.560000000000001e-05,1.8800000000000001,-0.008560000000000002,4.0
-1.0679999999999998e-06,2.16,-8.543999999999998e-06,1.84,-8.544000000000001e-05,1.8800000000000001,-8.544000000000001e-05,1.92,-0.008544,3.96
-1.0659999999999998e-06,2.12,-8.527999999999999e-06,1.8,-8.528000000000001e-05,1.8800000000000001,-8.528000000000001e-05,1.8800000000000001,-0.008528,4.0
-1.0639999999999999e-06,2.12,-8.511999999999999e-06,1.84,-8.512000000000001e-05,1.8800000000000001,-8.512000000000001e-05,1.92,-0.008512,4.0
-1.0619999999999997e-06,2.16,-8.495999999999998e-06,1.84,-8.496000000000001e-05,1.92,-8.496000000000001e-05,1.8800000000000001,-0.008496,3.96
-1.0599999999999998e-06,2.16,-8.479999999999998e-06,1.84,-8.480000000000001e-05,1.92,-8.480000000000001e-05,1.8800000000000001,-0.008480000000000001,4.0
-1.0579999999999999e-06,2.16,-8.463999999999999e-06,1.84,-8.464000000000002e-05,1.8800000000000001,-8.464000000000002e-05,1.8800000000000001,-0.008464000000000001,3.96
-1.0559999999999997e-06,2.12,-8.447999999999998e-06,1.84,-8.448000000000002e-05,1.8800000000000001,-8.448000000000002e-05,1.92,-0.008448,4.0
-1.054e-06,2.12,-8.432e-06,1.8,-8.432e-05,1.8800000000000001,-8.432e-05,1.8800000000000001,-0.008432,3.96
-1.0519999999999998e-06,2.16,-8.415999999999999e-06,1.8,-8.416000000000001e-05,1.8800000000000001,-8.416000000000001e-05,1.8800000000000001,-0.008416,3.96
-1.05e-06,2.2,-8.4e-06,1.84,-8.400000000000001e-05,1.8800000000000001,-8.400000000000001e-05,1.92,-0.008400000000000001,3.96
-1.048e-06,2.16,-8.384e-06,1.84,-8.384000000000001e-05,1.8800000000000001,-8.384000000000001e-05,1.8800000000000001,-0.008384,3.96
-1.0459999999999998e-06,2.12,-8.367999999999998e-06,1.84,-8.368000000000001e-05,1.84,-8.368000000000001e-05,1.8800000000000001,-0.008368,4.0
-1.0439999999999999e-06,2.12,-8.351999999999999e-06,1.84,-8.352000000000001e-05,1.8800000000000001,-8.352000000000001e-05,1.8800000000000001,-0.008352000000000002,3.96
-1.042e-06,2.16,-8.336e-06,1.84,-8.336000000000002e-05,1.8800000000000001,-8.336000000000002e-05,1.8800000000000001,-0.008336,4.0
-1.0399999999999998e-06,2.2,-8.319999999999998e-06,1.8,-8.320000000000002e-05,1.84,-8.320000000000002e-05,1.8800000000000001,-0.008320000000000001,4.0
-1.0379999999999998e-06,2.16,-8.303999999999999e-06,1.84,-8.304000000000002e-05,1.8800000000000001,-8.304000000000002e-05,1.8800000000000001,-0.008304,4.0
-1.036e-06,2.12,-8.288e-06,1.8,-8.288e-05,1.8800000000000001,-8.288e-05,1.84,-0.008288,3.96
-1.0339999999999998e-06,2.12,-8.271999999999998e-06,1.8,-8.272000000000001e-05,1.8800000000000001,-8.272000000000001e-05,1.8800000000000001,-0.008272000000000002,3.96
-1.0319999999999998e-06,2.16,-8.255999999999999e-06,1.84,-8.256000000000001e-05,1.8800000000000001,-8.256000000000001e-05,1.8800000000000001,-0.008256,4.0
-1.0299999999999999e-06,2.2,-8.239999999999999e-06,1.84,-8.240000000000001e-05,1.8800000000000001,-8.240000000000001e-05,1.84,-0.00824,4.0
-1.028e-06,2.16,-8.224e-06,1.8,-8.224000000000001e-05,1.84,-8.224000000000001e-05,1.84,-0.008224,4.0
-1.0259999999999998e-06,2.12,-8.207999999999998e-06,1.8,-8.208000000000001e-05,1.8800000000000001,-8.208000000000001e-05,1.84,-0.008208,3.96
-1.0239999999999999e-06,2.12,-8.191999999999999e-06,1.84,-8.192000000000002e-05,1.84,-8.192000000000002e-05,1.84,-0.008192000000000001,3.96
-1.022e-06,2.08,-8.176e-06,1.8,-8.176000000000002e-05,1.8800000000000001,-8.176000000000002e-05,1.84,-0.008176000000000001,3.96
-1.0199999999999998e-06,2.04,-8.159999999999998e-06,1.8,-8.16e-05,1.84,-8.16e-05,1.84,-0.00816,3.96
-1.0179999999999998e-06,1.96,-8.143999999999999e-06,1.8,-8.144e-05,1.84,-8.144e-05,1.84,-0.008144,3.96
-1.0159999999999999e-06,1.8800000000000001,-8.127999999999999e-06,1.84,-8.128000000000001e-05,1.84,-8.128000000000001e-05,1.84,-0.008128000000000002,3.96
-1.014e-06,1.92,-8.112e-06,1.8,-8.112000000000001e-05,1.8800000000000001,-8.112000000000001e-05,1.84,-0.008112000000000001,3.96
-1.0119999999999998e-06,1.92,-8.095999999999998e-06,1.84,-8.096000000000001e-05,1.84,-8.096000000000001e-05,1.84,-0.008096,4.0
-1.0099999999999999e-06,1.8800000000000001,-8.079999999999999e-06,1.8,-8.080000000000001e-05,1.8800000000000001,-8.080000000000001e-05,1.84,-0.00808,4.0
-1.008e-06,1.76,-8.064e-06,1.8,-8.064000000000001e-05,1.84,-8.064000000000001e-05,1.84,-0.008064,3.96
-1.0059999999999998e-06,1.72,-8.047999999999998e-06,1.8,-8.048000000000002e-05,1.8800000000000001,-8.048000000000002e-05,1.84,-0.008048000000000001,3.96
-1.0039999999999998e-06,1.72,-8.031999999999999e-06,1.84,-8.032000000000002e-05,1.84,-8.032000000000002e-05,1.84,-0.008032000000000001,3.96
-1.0019999999999999e-06,1.68,-8.015999999999999e-06,1.8,-8.016e-05,1.84,-8.016e-05,1.84,-0.008016,4.0
-9.999999999999997e-07,1.6,-7.999999999999998e-06,1.84,-8e-05,1.84,-8e-05,1.84,-0.008,3.96
-9.979999999999998e-07,1.48,-7.983999999999998e-06,1.8,-7.984000000000001e-05,1.84,-7.984000000000001e-05,1.84,-0.007984000000000002,3.96
-9.959999999999999e-07,1.44,-7.967999999999999e-06,1.8,-7.968000000000001e-05,1.84,-7.968000000000001e-05,1.84,-0.007968000000000001,4.0
-9.94e-07,1.4000000000000001,-7.952e-06,1.8,-7.952000000000001e-05,1.84,-7.952000000000001e-05,1.84,-0.007952,4.0
-9.919999999999998e-07,1.4000000000000001,-7.935999999999998e-06,1.8,-7.936000000000001e-05,1.8800000000000001,-7.936000000000001e-05,1.84,-0.007936,3.96
-9.899999999999998e-07,1.4000000000000001,-7.919999999999999e-06,1.8,-7.920000000000001e-05,1.84,-7.920000000000001e-05,1.8,-0.00792,4.0
-9.88e-07,1.4000000000000001,-7.904e-06,1.84,-7.904000000000002e-05,1.84,-7.904000000000002e-05,1.84,-0.007904000000000001,3.96
-9.859999999999997e-07,1.48,-7.887999999999998e-06,1.8,-7.888000000000002e-05,1.84,-7.888000000000002e-05,1.84,-0.007888000000000001,4.0
-9.839999999999998e-07,1.56,-7.871999999999998e-06,1.8,-7.872e-05,1.84,-7.872e-05,1.8,-0.007872,4.0
-9.819999999999999e-07,1.68,-7.855999999999999e-06,1.84,-7.856000000000001e-05,1.84,-7.856000000000001e-05,1.84,-0.007856,3.96
-9.8e-07,1.76,-7.84e-06,1.8,-7.840000000000001e-05,1.84,-7.840000000000001e-05,1.84,-0.007840000000000001,3.96
-9.779999999999998e-07,1.8800000000000001,-7.823999999999998e-06,1.84,-7.824000000000001e-05,1.8,-7.824000000000001e-05,1.8,-0.007824000000000001,3.96
-9.759999999999998e-07,2.0,-7.807999999999999e-06,1.8,-7.808000000000001e-05,1.84,-7.808000000000001e-05,1.8,-0.007808000000000001,3.96
-9.74e-07,2.12,-7.792e-06,1.8,-7.792000000000001e-05,1.8,-7.792000000000001e-05,1.84,-0.007792,3.96
-9.719999999999998e-07,2.2,-7.775999999999998e-06,1.8,-7.776000000000001e-05,1.8,-7.776000000000001e-05,1.8,-0.007776,4.0
-9.699999999999998e-07,2.24,-7.759999999999999e-06,1.8,-7.760000000000002e-05,1.8,-7.760000000000002e-05,1.8,-0.007760000000000001,3.96
-9.679999999999999e-07,2.24,-7.743999999999999e-06,1.84,-7.744000000000002e-05,1.8,-7.744000000000002e-05,1.8,-0.007744000000000001,4.0
-9.66e-07,2.24,-7.728e-06,1.8,-7.728e-05,1.8,-7.728e-05,1.8,-0.0077280000000000005,4.0
-9.639999999999998e-07,2.2,-7.711999999999998e-06,1.8,-7.712000000000001e-05,1.84,-7.712000000000001e-05,1.8,-0.007712,3.96
-9.619999999999999e-07,2.12,-7.695999999999999e-06,1.84,-7.696000000000001e-05,1.8,-7.696000000000001e-05,1.8,-0.0076960000000000015,4.0
-9.6e-07,2.04,-7.68e-06,1.8,-7.680000000000001e-05,1.84,-7.680000000000001e-05,1.8,-0.007680000000000001,4.0
-9.579999999999998e-07,1.96,-7.663999999999998e-06,1.84,-7.664000000000001e-05,1.8,-7.664000000000001e-05,1.8,-0.007664000000000001,3.96
-9.559999999999998e-07,1.84,-7.647999999999999e-06,1.8,-7.648000000000001e-05,1.8,-7.648000000000001e-05,1.8,-0.007648,3.96
-9.539999999999999e-07,1.72,-7.631999999999999e-06,1.8,-7.632000000000001e-05,1.8,-7.632000000000001e-05,1.76,-0.007632,4.0
-9.52e-07,1.6400000000000001,-7.616e-06,1.8,-7.616000000000002e-05,1.8,-7.616000000000002e-05,1.76,-0.007616000000000001,3.96
-9.499999999999998e-07,1.56,-7.599999999999998e-06,1.8,-7.600000000000002e-05,1.8,-7.600000000000002e-05,1.8,-0.007600000000000001,4.0
-9.479999999999999e-07,1.52,-7.583999999999999e-06,1.84,-7.584e-05,1.8,-7.584e-05,1.76,-0.0075840000000000005,4.0
-9.459999999999999e-07,1.48,-7.567999999999999e-06,1.8,-7.568000000000001e-05,1.8,-7.568000000000001e-05,1.8,-0.007568,3.96
-9.439999999999998e-07,1.48,-7.551999999999998e-06,1.8,-7.552000000000001e-05,1.76,-7.552000000000001e-05,1.76,-0.007552000000000001,4.0
-9.419999999999998e-07,1.48,-7.535999999999999e-06,1.8,-7.536000000000001e-05,1.76,-7.536000000000001e-05,1.8,-0.007536000000000001,3.96
-9.399999999999999e-07,1.56,-7.519999999999999e-06,1.8,-7.520000000000001e-05,1.76,-7.520000000000001e-05,1.76,-0.007520000000000001,3.96
-9.379999999999997e-07,1.6400000000000001,-7.503999999999998e-06,1.8,-7.504000000000001e-05,1.76,-7.504000000000001e-05,1.76,-0.007504,3.96
-9.359999999999998e-07,1.72,-7.4879999999999984e-06,1.8,-7.488000000000001e-05,1.8,-7.488000000000001e-05,1.76,-0.007488,4.0
-9.339999999999999e-07,1.8,-7.471999999999999e-06,1.8,-7.472000000000002e-05,1.76,-7.472000000000002e-05,1.76,-0.007472000000000001,4.0
-9.319999999999999e-07,1.84,-7.4559999999999994e-06,1.8,-7.456000000000002e-05,1.76,-7.456000000000002e-05,1.76,-0.007456000000000001,4.0
-9.299999999999998e-07,1.92,-7.439999999999998e-06,1.8,-7.44e-05,1.8,-7.44e-05,1.76,-0.00744,3.96
-9.279999999999998e-07,1.96,-7.423999999999999e-06,1.8,-7.424000000000001e-05,1.76,-7.424000000000001e-05,1.76,-0.007424,4.0
-9.259999999999999e-07,2.0,-7.407999999999999e-06,1.8,-7.408000000000001e-05,1.76,-7.408000000000001e-05,1.76,-0.007408000000000001,3.96
-9.239999999999998e-07,2.0,-7.391999999999998e-06,1.8,-7.392000000000001e-05,1.8,-7.392000000000001e-05,1.76,-0.007392000000000001,3.96
-9.219999999999998e-07,1.96,-7.3759999999999985e-06,1.84,-7.376000000000001e-05,1.76,-7.376000000000001e-05,1.76,-0.007376000000000001,3.96
-9.199999999999999e-07,1.96,-7.359999999999999e-06,1.8,-7.360000000000001e-05,1.76,-7.360000000000001e-05,1.76,-0.00736,4.0
-9.179999999999999e-07,1.96,-7.3439999999999995e-06,1.8,-7.344000000000002e-05,1.76,-7.344000000000002e-05,1.76,-0.007344000000000002,3.96
-9.159999999999998e-07,1.92,-7.327999999999998e-06,1.84,-7.328000000000002e-05,1.76,-7.328000000000002e-05,1.76,-0.007328000000000001,3.96
-9.139999999999998e-07,1.8800000000000001,-7.311999999999999e-06,1.84,-7.312e-05,1.76,-7.312e-05,1.72,-0.007312000000000001,4.0
-9.119999999999999e-07,1.8,-7.295999999999999e-06,1.8,-7.296e-05,1.76,-7.296e-05,1.76,-0.007296,4.0
-9.099999999999998e-07,1.76,-7.279999999999998e-06,1.8,-7.280000000000001e-05,1.76,-7.280000000000001e-05,1.76,-0.00728,4.0
-9.079999999999998e-07,1.76,-7.2639999999999986e-06,1.8,-7.264000000000001e-05,1.72,-7.264000000000001e-05,1.72,-0.007264000000000001,3.96
-9.059999999999999e-07,1.76,-7.247999999999999e-06,1.8,-7.248000000000001e-05,1.72,-7.248000000000001e-05,1.72,-0.007248000000000001,4.0
-9.039999999999999e-07,1.72,-7.2319999999999995e-06,1.8,-7.232000000000001e-05,1.76,-7.232000000000001e-05,1.76,-0.007232000000000001,3.96
-9.019999999999998e-07,1.72,-7.215999999999998e-06,1.8,-7.216000000000001e-05,1.76,-7.216000000000001e-05,1.76,-0.007216,4.0
-8.999999999999999e-07,1.72,-7.199999999999999e-06,1.8,-7.200000000000002e-05,1.72,-7.200000000000002e-05,1.72,-0.0072000000000000015,4.0
-8.979999999999999e-07,1.76,-7.183999999999999e-06,1.8,-7.184000000000002e-05,1.76,-7.184000000000002e-05,1.72,-0.007184000000000001,3.96
-8.959999999999998e-07,1.8,-7.167999999999998e-06,1.8,-7.168e-05,1.76,-7.168e-05,1.72,-0.007168000000000001,4.0
-8.939999999999998e-07,1.8,-7.151999999999999e-06,1.8,-7.152e-05,1.72,-7.152e-05,1.68,-0.007152,3.96
-8.919999999999999e-07,1.8,-7.135999999999999e-06,1.8,-7.136000000000001e-05,1.72,-7.136000000000001e-05,1.72,-0.007136,4.0
-8.899999999999997e-07,1.84,-7.119999999999998e-06,1.8,-7.120000000000001e-05,1.76,-7.120000000000001e-05,1.68,-0.007120000000000001,4.0
-8.879999999999998e-07,1.84,-7.103999999999998e-06,1.8,-7.104000000000001e-05,1.68,-7.104000000000001e-05,1.72,-0.007104000000000001,4.0
-8.859999999999999e-07,1.84,-7.087999999999999e-06,1.8,-7.088000000000001e-05,1.72,-7.088000000000001e-05,1.76,-0.0070880000000000006,3.96
-8.839999999999999e-07,1.84,-7.071999999999999e-06,1.8,-7.072000000000001e-05,1.72,-7.072000000000001e-05,1.72,-0.007072,3.96
-8.819999999999998e-07,1.84,-7.055999999999998e-06,1.8,-7.056000000000002e-05,1.72,-7.056000000000002e-05,1.72,-0.0070560000000000015,4.0
-8.799999999999998e-07,1.8,-7.039999999999999e-06,1.8,-7.040000000000002e-05,1.72,-7.040000000000002e-05,1.76,-0.007040000000000001,4.0
-8.779999999999999e-07,1.8,-7.023999999999999e-06,1.84,-7.024e-05,1.72,-7.024e-05,1.72,-0.007024000000000001,3.96
-8.759999999999997e-07,1.8,-7.007999999999998e-06,1.8,-7.008e-05,1.68,-7.008e-05,1.72,-0.007008,4.0
-8.739999999999998e-07,1.8,-6.9919999999999984e-06,1.8,-6.992000000000001e-05,1.72,-6.992000000000001e-05,1.72,-0.006992,4.0
-8.719999999999999e-07,1.8,-6.975999999999999e-06,1.8,-6.976000000000001e-05,1.68,-6.976000000000001e-05,1.68,-0.006976000000000001,4.0
-8.699999999999999e-07,1.8,-6.9599999999999994e-06,1.8,-6.960000000000001e-05,1.72,-6.960000000000001e-05,1.68,-0.006960000000000001,4.0
-8.679999999999998e-07,1.8,-6.943999999999998e-06,1.8,-6.944000000000001e-05,1.72,-6.944000000000001e-05,1.72,-0.0069440000000000005,3.96
-8.659999999999998e-07,1.8,-6.927999999999999e-06,1.8,-6.928000000000001e-05,1.72,-6.928000000000001e-05,1.68,-0.006928,4.0
-8.639999999999999e-07,1.8,-6.911999999999999e-06,1.8,-6.912000000000002e-05,1.68,-6.912000000000002e-05,1.72,-0.0069120000000000015,4.0
-8.619999999999998e-07,1.84,-6.895999999999998e-06,1.84,-6.896000000000002e-05,1.72,-6.896000000000002e-05,1.72,-0.006896000000000001,3.96
-8.599999999999998e-07,1.84,-6.8799999999999985e-06,1.76,-6.88e-05,1.68,-6.88e-05,1.72,-0.006880000000000001,4.0
-8.579999999999999e-07,1.84,-6.863999999999999e-06,1.84,-6.864000000000001e-05,1.68,-6.864000000000001e-05,1.68,-0.006864,3.96
-8.559999999999999e-07,1.84,-6.8479999999999995e-06,1.8,-6.848000000000001e-05,1.72,-6.848000000000001e-05,1.72,-0.006848,4.0
-8.539999999999998e-07,1.84,-6.831999999999998e-06,1.8,-6.832000000000001e-05,1.68,-6.832000000000001e-05,1.68,-0.006832000000000001,4.0
-8.519999999999998e-07,1.84,-6.815999999999999e-06,1.8,-6.816000000000001e-05,1.72,-6.816000000000001e-05,1.68,-0.006816000000000001,4.0
-8.499999999999999e-07,1.84,-6.799999999999999e-06,1.8,-6.800000000000001e-05,1.72,-6.800000000000001e-05,1.68,-0.0068000000000000005,4.0
-8.479999999999998e-07,1.8,-6.783999999999998e-06,1.8,-6.784000000000001e-05,1.72,-6.784000000000001e-05,1.72,-0.006784,3.96
-8.459999999999998e-07,1.8,-6.7679999999999986e-06,1.8,-6.768000000000002e-05,1.72,-6.768000000000002e-05,1.68,-0.0067680000000000014,4.0
-8.439999999999999e-07,1.8,-6.751999999999999e-06,1.8,-6.752000000000002e-05,1.72,-6.752000000000002e-05,1.68,-0.006752000000000001,4.0
-8.419999999999999e-07,1.8,-6.7359999999999995e-06,1.8,-6.736e-05,1.68,-6.736e-05,1.68,-0.006736000000000001,4.0
-8.399999999999998e-07,1.8,-6.719999999999998e-06,1.8,-6.720000000000001e-05,1.68,-6.720000000000001e-05,1.68,-0.00672,3.96
-8.379999999999999e-07,1.8,-6.703999999999999e-06,1.8,-6.704000000000001e-05,1.72,-6.704000000000001e-05,1.68,-0.006704,3.96
-8.359999999999999e-07,1.76,-6.687999999999999e-06,1.8,-6.688000000000001e-05,1.68,-6.688000000000001e-05,1.68,-0.006688000000000001,3.96
-8.339999999999998e-07,1.76,-6.671999999999998e-06,1.8,-6.672000000000001e-05,1.68,-6.672000000000001e-05,1.68,-0.006672000000000001,3.96
-8.319999999999998e-07,1.8,-6.655999999999999e-06,1.8,-6.656000000000001e-05,1.68,-6.656000000000001e-05,1.68,-0.0066560000000000005,3.96
-8.299999999999999e-07,1.84,-6.639999999999999e-06,1.76,-6.640000000000001e-05,1.68,-6.640000000000001e-05,1.68,-0.00664,3.96
-8.279999999999997e-07,1.8,-6.623999999999998e-06,1.8,-6.624000000000002e-05,1.68,-6.624000000000002e-05,1.68,-0.006624000000000001,4.0
-8.259999999999998e-07,1.8,-6.607999999999998e-06,1.8,-6.608000000000002e-05,1.68,-6.608000000000002e-05,1.68,-0.006608000000000001,4.0
-8.239999999999999e-07,1.8,-6.591999999999999e-06,1.84,-6.592e-05,1.68,-6.592e-05,1.68,-0.006592000000000001,4.0
-8.219999999999999e-07,1.84,-6.575999999999999e-06,1.8,-6.576000000000001e-05,1.68,-6.576000000000001e-05,1.68,-0.006576,3.96
-8.199999999999998e-07,1.84,-6.559999999999998e-06,1.8,-6.560000000000001e-05,1.68,-6.560000000000001e-05,1.68,-0.006560000000000002,4.0
-8.179999999999998e-07,1.84,-6.543999999999999e-06,1.8,-6.544000000000001e-05,1.68,-6.544000000000001e-05,1.6400000000000001,-0.006544000000000001,4.0
-8.159999999999999e-07,1.84,-6.527999999999999e-06,1.8,-6.528000000000001e-05,1.72,-6.528000000000001e-05,1.68,-0.006528000000000001,3.96
-8.139999999999997e-07,1.84,-6.511999999999998e-06,1.8,-6.512000000000001e-05,1.6400000000000001,-6.512000000000001e-05,1.6400000000000001,-0.006512,4.0
-8.119999999999998e-07,1.84,-6.4959999999999985e-06,1.8,-6.496000000000002e-05,1.68,-6.496000000000002e-05,1.6400000000000001,-0.006496,3.96
-8.099999999999999e-07,1.84,-6.479999999999999e-06,1.8,-6.480000000000002e-05,1.6400000000000001,-6.480000000000002e-05,1.6400000000000001,-0.006480000000000001,3.96
-8.079999999999999e-07,1.84,-6.4639999999999994e-06,1.8,-6.464e-05,1.68,-6.464e-05,1.6400000000000001,-0.006464000000000001,3.96
-8.059999999999998e-07,1.8,-6.447999999999998e-06,1.8,-6.448e-05,1.6400000000000001,-6.448e-05,1.6400000000000001,-0.006448000000000001,4.0
-8.039999999999998e-07,1.8,-6.431999999999999e-06,1.8,-6.432000000000001e-05,1.68,-6.432000000000001e-05,1.6400000000000001,-0.006432,3.96
-8.019999999999999e-07,1.8,-6.415999999999999e-06,1.8,-6.416000000000001e-05,1.6400000000000001,-6.416000000000001e-05,1.6400000000000001,-0.0064160000000000016,4.0
-7.999999999999998e-07,1.8,-6.399999999999998e-06,1.8,-6.400000000000001e-05,1.6400000000000001,-6.400000000000001e-05,1.6400000000000001,-0.006400000000000001,3.96
-7.979999999999998e-07,1.8,-6.3839999999999985e-06,1.8,-6.384000000000001e-05,1.6400000000000001,-6.384000000000001e-05,1.6400000000000001,-0.006384000000000001,4.0
-7.959999999999999e-07,1.8,-6.367999999999999e-06,1.8,-6.368000000000001e-05,1.6400000000000001,-6.368000000000001e-05,1.68,-0.006368,4.0
-7.939999999999999e-07,1.8,-6.3519999999999995e-06,1.8,-6.352000000000002e-05,1.6400000000000001,-6.352000000000002e-05,1.6400000000000001,-0.006352,3.96
-7.919999999999998e-07,1.84,-6.335999999999998e-06,1.8,-6.336000000000002e-05,1.6400000000000001,-6.336000000000002e-05,1.6400000000000001,-0.006336000000000001,4.0
-7.899999999999998e-07,1.84,-6.319999999999999e-06,1.8,-6.32e-05,1.6400000000000001,-6.32e-05,1.6400000000000001,-0.006320000000000001,3.96
-7.879999999999999e-07,1.84,-6.303999999999999e-06,1.8,-6.304e-05,1.6400000000000001,-6.304e-05,1.6400000000000001,-0.006304000000000001,3.96
-7.859999999999998e-07,1.8,-6.287999999999998e-06,1.8,-6.288000000000001e-05,1.6400000000000001,-6.288000000000001e-05,1.6400000000000001,-0.006288,4.0
-7.839999999999998e-07,1.8,-6.2719999999999986e-06,1.76,-6.272000000000001e-05,1.6400000000000001,-6.272000000000001e-05,1.6400000000000001,-0.0062720000000000015,3.96
-7.819999999999999e-07,1.8,-6.255999999999999e-06,1.8,-6.256000000000001e-05,1.6400000000000001,-6.256000000000001e-05,1.6,-0.006256000000000001,4.0
-7.799999999999997e-07,1.8,-6.239999999999998e-06,1.8,-6.240000000000001e-05,1.6400000000000001,-6.240000000000001e-05,1.6400000000000001,-0.006240000000000001,4.0
-7.779999999999998e-07,1.8,-6.223999999999998e-06,1.84,-6.224000000000001e-05,1.6,-6.224000000000001e-05,1.6,-0.006224,4.0
-7.759999999999999e-07,1.84,-6.207999999999999e-06,1.8,-6.208000000000002e-05,1.6400000000000001,-6.208000000000002e-05,1.6400000000000001,-0.006208,4.0
-7.739999999999999e-07,1.8,-6.191999999999999e-06,1.8,-6.192000000000002e-05,1.6,-6.192000000000002e-05,1.6,-0.006192000000000001,4.0
-7.719999999999998e-07,1.8,-6.175999999999998e-06,1.8,-6.176e-05,1.6400000000000001,-6.176e-05,1.6400000000000001,-0.006176000000000001,3.96
-7.699999999999998e-07,1.8,-6.159999999999999e-06,1.8,-6.16e-05,1.6,-6.16e-05,1.6400000000000001,-0.0061600000000000005,4.0
-7.679999999999999e-07,1.8,-6.143999999999999e-06,1.84,-6.144000000000001e-05,1.6,-6.144000000000001e-05,1.6,-0.006144,4.0
-7.659999999999997e-07,1.8,-6.127999999999998e-06,1.76,-6.128000000000001e-05,1.6400000000000001,-6.128000000000001e-05,1.6400000000000001,-0.0061280000000000015,4.0
-7.639999999999998e-07,1.8,-6.111999999999998e-06,1.8,-6.112000000000001e-05,1.6,-6.112000000000001e-05,1.6,-0.006112000000000001,3.96
-7.619999999999999e-07,1.8,-6.095999999999999e-06,1.76,-6.096000000000001e-05,1.6,-6.096000000000001e-05,1.6,-0.006096000000000001,3.96
-7.599999999999999e-07,1.8,-6.079999999999999e-06,1.8,-6.0800000000000014e-05,1.6,-6.0800000000000014e-05,1.6,-0.00608,3.96
-7.579999999999998e-07,1.8,-6.063999999999998e-06,1.76,-6.0640000000000016e-05,1.6400000000000001,-6.0640000000000016e-05,1.6,-0.006064,3.96
-7.559999999999998e-07,1.8,-6.047999999999999e-06,1.8,-6.048000000000002e-05,1.6,-6.048000000000002e-05,1.56,-0.006048000000000001,3.96
-7.539999999999999e-07,1.8,-6.031999999999999e-06,1.8,-6.0320000000000005e-05,1.6,-6.0320000000000005e-05,1.6400000000000001,-0.006032000000000001,3.96
-7.519999999999997e-07,1.84,-6.015999999999998e-06,1.8,-6.016000000000001e-05,1.6,-6.016000000000001e-05,1.6,-0.0060160000000000005,4.0
-7.499999999999998e-07,1.84,-5.9999999999999985e-06,1.8,-6.000000000000001e-05,1.6,-6.000000000000001e-05,1.6,-0.006,3.96
-7.479999999999999e-07,1.84,-5.983999999999999e-06,1.8,-5.984000000000001e-05,1.6,-5.984000000000001e-05,1.6400000000000001,-0.0059840000000000015,3.96
-7.459999999999999e-07,1.84,-5.9679999999999994e-06,1.8,-5.968000000000001e-05,1.56,-5.968000000000001e-05,1.6,-0.005968000000000001,4.0
-7.439999999999998e-07,1.84,-5.951999999999998e-06,1.76,-5.952000000000001e-05,1.56,-5.952000000000001e-05,1.6,-0.005952000000000001,3.96
-7.419999999999998e-07,1.84,-5.935999999999999e-06,1.8,-5.9360000000000014e-05,1.6,-5.9360000000000014e-05,1.6,-0.005936,4.0
-7.399999999999999e-07,1.84,-5.919999999999999e-06,1.8,-5.9200000000000016e-05,1.6,-5.9200000000000016e-05,1.6,-0.005920000000000002,4.0
-7.379999999999998e-07,1.8,-5.903999999999998e-06,1.8,-5.904000000000002e-05,1.6,-5.904000000000002e-05,1.6,-0.005904000000000001,3.96
-7.359999999999998e-07,1.8,-5.8879999999999985e-06,1.8,-5.8880000000000005e-05,1.6,-5.8880000000000005e-05,1.6,-0.005888000000000001,4.0
-7.339999999999999e-07,1.8,-5.871999999999999e-06,1.8,-5.872000000000001e-05,1.6,-5.872000000000001e-05,1.6,-0.0058720000000000005,3.96
-7.319999999999997e-07,1.8,-5.855999999999998e-06,1.76,-5.856000000000001e-05,1.6,-5.856000000000001e-05,1.6,-0.005856,4.0
-7.299999999999998e-07,1.8,-5.839999999999998e-06,1.8,-5.840000000000001e-05,1.6,-5.840000000000001e-05,1.6,-0.0058400000000000014,3.96
-7.279999999999998e-07,1.8,-5.823999999999999e-06,1.8,-5.824000000000001e-05,1.56,-5.824000000000001e-05,1.56,-0.005824000000000001,3.96
-7.259999999999999e-07,1.84,-5.807999999999999e-06,1.76,-5.808000000000001e-05,1.6400000000000001,-5.808000000000001e-05,1.56,-0.005808000000000001,4.0
-7.239999999999998e-07,1.8,-5.791999999999998e-06,1.8,-5.7920000000000015e-05,1.56,-5.7920000000000015e-05,1.56,-0.005792,3.96
-7.219999999999998e-07,1.8,-5.7759999999999986e-06,1.8,-5.7760000000000016e-05,1.56,-5.7760000000000016e-05,1.56,-0.005776000000000002,3.96
-7.199999999999999e-07,1.84,-5.759999999999999e-06,1.8,-5.760000000000002e-05,1.6,-5.760000000000002e-05,1.6,-0.005760000000000001,4.0
-7.179999999999997e-07,1.84,-5.743999999999998e-06,1.76,-5.7440000000000006e-05,1.56,-5.7440000000000006e-05,1.56,-0.005744000000000001,4.0
-7.159999999999998e-07,1.84,-5.727999999999998e-06,1.8,-5.728000000000001e-05,1.56,-5.728000000000001e-05,1.56,-0.0057280000000000005,3.96
-7.139999999999999e-07,1.84,-5.711999999999999e-06,1.76,-5.712000000000001e-05,1.6,-5.712000000000001e-05,1.6,-0.005712,4.0
-7.119999999999999e-07,1.84,-5.695999999999999e-06,1.76,-5.696000000000001e-05,1.56,-5.696000000000001e-05,1.56,-0.005696000000000001,4.0
-7.099999999999998e-07,1.84,-5.679999999999998e-06,1.8,-5.680000000000001e-05,1.6,-5.680000000000001e-05,1.56,-0.005680000000000001,3.96
-7.079999999999998e-07,1.84,-5.663999999999999e-06,1.8,-5.664000000000001e-05,1.6,-5.664000000000001e-05,1.56,-0.005664000000000001,3.96
-7.059999999999999e-07,1.84,-5.647999999999999e-06,1.76,-5.6480000000000015e-05,1.56,-5.6480000000000015e-05,1.56,-0.005648,3.96
-7.039999999999997e-07,1.8,-5.631999999999998e-06,1.8,-5.6320000000000016e-05,1.56,-5.6320000000000016e-05,1.56,-0.005632000000000002,4.0
-7.019999999999998e-07,1.76,-5.615999999999998e-06,1.8,-5.6160000000000004e-05,1.56,-5.6160000000000004e-05,1.56,-0.005616000000000001,4.0
-6.999999999999999e-07,1.76,-5.599999999999999e-06,1.76,-5.6000000000000006e-05,1.56,-5.6000000000000006e-05,1.52,-0.005600000000000001,4.0
-6.979999999999999e-07,1.8,-5.583999999999999e-06,1.8,-5.584000000000001e-05,1.56,-5.584000000000001e-05,1.52,-0.005584,4.0
-6.959999999999998e-07,1.8,-5.567999999999998e-06,1.76,-5.568000000000001e-05,1.56,-5.568000000000001e-05,1.56,-0.005568,4.0
-6.939999999999998e-07,1.8,-5.551999999999999e-06,1.76,-5.552000000000001e-05,1.52,-5.552000000000001e-05,1.52,-0.005552000000000001,3.96
-6.919999999999999e-07,1.8,-5.535999999999999e-06,1.8,-5.536000000000001e-05,1.56,-5.536000000000001e-05,1.52,-0.005536000000000001,3.96
-6.899999999999997e-07,1.8,-5.519999999999998e-06,1.76,-5.5200000000000014e-05,1.56,-5.5200000000000014e-05,1.56,-0.005520000000000001,3.96
-6.879999999999998e-07,1.8,-5.5039999999999985e-06,1.76,-5.5040000000000015e-05,1.56,-5.5040000000000015e-05,1.52,-0.005504,3.96
-6.859999999999999e-07,1.8,-5.487999999999999e-06,1.76,-5.488000000000002e-05,1.56,-5.488000000000002e-05,1.56,-0.0054880000000000016,3.96
-6.839999999999999e-07,1.8,-5.4719999999999994e-06,1.8,-5.4720000000000005e-05,1.52,-5.4720000000000005e-05,1.56,-0.005472000000000001,4.04
-6.819999999999998e-07,1.8,-5.455999999999998e-06,1.8,-5.4560000000000006e-05,1.56,-5.4560000000000006e-05,1.56,-0.005456000000000001,4.0
-6.799999999999998e-07,1.8,-5.439999999999999e-06,1.8,-5.440000000000001e-05,1.56,-5.440000000000001e-05,1.52,-0.00544,3.96
-6.779999999999999e-07,1.84,-5.423999999999999e-06,1.8,-5.424000000000001e-05,1.56,-5.424000000000001e-05,1.52,-0.005424,4.0
-6.759999999999998e-07,1.84,-5.407999999999998e-06,1.76,-5.408000000000001e-05,1.56,-5.408000000000001e-05,1.52,-0.005408000000000001,4.0
-6.739999999999998e-07,1.84,-5.3919999999999985e-06,1.8,-5.392000000000001e-05,1.56,-5.392000000000001e-05,1.52,-0.005392000000000001,3.96
-6.719999999999999e-07,1.8,-5.375999999999999e-06,1.76,-5.3760000000000014e-05,1.56,-5.3760000000000014e-05,1.52,-0.005376000000000001,4.0
-6.699999999999997e-07,1.8,-5.359999999999998e-06,1.8,-5.3600000000000015e-05,1.56,-5.3600000000000015e-05,1.52,-0.00536,4.0
-6.679999999999998e-07,1.8,-5.343999999999998e-06,1.76,-5.344000000000002e-05,1.52,-5.344000000000002e-05,1.52,-0.0053440000000000015,3.96
-6.659999999999998e-07,1.8,-5.327999999999999e-06,1.76,-5.3280000000000005e-05,1.52,-5.3280000000000005e-05,1.52,-0.005328000000000001,3.96
-6.639999999999999e-07,1.8,-5.311999999999999e-06,1.76,-5.3120000000000006e-05,1.52,-5.3120000000000006e-05,1.52,-0.005312000000000001,4.0
-6.619999999999998e-07,1.8,-5.295999999999998e-06,1.8,-5.296000000000001e-05,1.52,-5.296000000000001e-05,1.56,-0.005296,4.0
-6.599999999999998e-07,1.8,-5.2799999999999986e-06,1.8,-5.280000000000001e-05,1.52,-5.280000000000001e-05,1.52,-0.00528,3.96
-6.579999999999999e-07,1.8,-5.263999999999999e-06,1.8,-5.264000000000001e-05,1.56,-5.264000000000001e-05,1.52,-0.005264000000000001,3.96
-6.559999999999997e-07,1.8,-5.247999999999998e-06,1.76,-5.248000000000001e-05,1.52,-5.248000000000001e-05,1.52,-0.005248000000000001,4.0
-6.539999999999998e-07,1.8,-5.231999999999998e-06,1.76,-5.2320000000000014e-05,1.52,-5.2320000000000014e-05,1.52,-0.0052320000000000005,3.96
-6.519999999999999e-07,1.8,-5.215999999999999e-06,1.8,-5.2160000000000016e-05,1.52,-5.2160000000000016e-05,1.52,-0.005216,4.0
-6.499999999999999e-07,1.8,-5.199999999999999e-06,1.76,-5.200000000000002e-05,1.52,-5.200000000000002e-05,1.52,-0.0052000000000000015,4.0
-6.479999999999998e-07,1.8,-5.183999999999998e-06,1.76,-5.1840000000000005e-05,1.52,-5.1840000000000005e-05,1.52,-0.005184000000000001,4.0
-6.459999999999998e-07,1.8,-5.167999999999999e-06,1.76,-5.168000000000001e-05,1.52,-5.168000000000001e-05,1.52,-0.005168000000000001,3.96
-6.439999999999999e-07,1.8,-5.151999999999999e-06,1.8,-5.152000000000001e-05,1.52,-5.152000000000001e-05,1.48,-0.005152,3.96
-6.419999999999997e-07,1.84,-5.135999999999998e-06,1.76,-5.136000000000001e-05,1.52,-5.136000000000001e-05,1.48,-0.005136000000000002,4.0
-6.399999999999998e-07,1.84,-5.119999999999998e-06,1.76,-5.120000000000001e-05,1.52,-5.120000000000001e-05,1.52,-0.005120000000000001,3.96
-6.379999999999999e-07,1.8,-5.103999999999999e-06,1.8,-5.104000000000001e-05,1.48,-5.104000000000001e-05,1.52,-0.005104000000000001,3.96
-6.359999999999999e-07,1.8,-5.087999999999999e-06,1.76,-5.0880000000000014e-05,1.52,-5.0880000000000014e-05,1.48,-0.0050880000000000005,3.96
-6.339999999999998e-07,1.8,-5.071999999999998e-06,1.8,-5.0720000000000016e-05,1.52,-5.0720000000000016e-05,1.52,-0.005072,4.0
-6.319999999999998e-07,1.8,-5.055999999999999e-06,1.8,-5.056000000000002e-05,1.48,-5.056000000000002e-05,1.52,-0.0050560000000000015,3.96
-6.299999999999999e-07,1.8,-5.039999999999999e-06,1.76,-5.0400000000000005e-05,1.52,-5.0400000000000005e-05,1.48,-0.005040000000000001,4.0
-6.279999999999997e-07,1.8,-5.023999999999998e-06,1.8,-5.024000000000001e-05,1.52,-5.024000000000001e-05,1.52,-0.005024000000000001,4.0
-6.259999999999998e-07,1.8,-5.0079999999999985e-06,1.8,-5.008000000000001e-05,1.48,-5.008000000000001e-05,1.48,-0.005008,3.96
-6.239999999999999e-07,1.8,-4.991999999999999e-06,1.96,-4.992000000000001e-05,1.52,-4.992000000000001e-05,1.48,-0.004992000000000002,4.0
-6.219999999999997e-07,1.8,-4.975999999999998e-06,2.2800000000000002,-4.976000000000001e-05,1.52,-4.976000000000001e-05,2.04,-0.004976000000000001,4.0
-6.199999999999998e-07,1.8,-4.959999999999998e-06,2.48,-4.960000000000001e-05,1.4000000000000001,-4.960000000000001e-05,1.8800000000000001,-0.004960000000000001,4.0
-6.179999999999998e-07,1.8,-4.943999999999999e-06,1.72,-4.9440000000000015e-05,1.84,-4.9440000000000015e-05,1.84,-0.0049440000000000005,3.2800000000000002
-6.159999999999999e-07,1.8,-4.927999999999999e-06,2.16,-4.9280000000000016e-05,1.84,-4.9280000000000016e-05,1.84,-0.004928,2.92
-6.139999999999998e-07,1.84,-4.911999999999998e-06,2.32,-4.9120000000000004e-05,1.8800000000000001,-4.9120000000000004e-05,1.84,-0.0049120000000000014,2.64
-6.119999999999998e-07,1.8,-4.8959999999999985e-06,1.92,-4.8960000000000006e-05,1.8800000000000001,-4.8960000000000006e-05,1.84,-0.004896000000000001,2.32
-6.099999999999999e-07,1.8,-4.879999999999999e-06,2.2,-4.880000000000001e-05,1.84,-4.880000000000001e-05,1.8800000000000001,-0.004880000000000001,2.16
-6.079999999999997e-07,1.8,-4.863999999999998e-06,2.08,-4.864000000000001e-05,1.8800000000000001,-4.864000000000001e-05,1.84,-0.004864,1.96
-6.059999999999998e-07,1.84,-4.847999999999998e-06,2.12,-4.848000000000001e-05,1.8800000000000001,-4.848000000000001e-05,1.8800000000000001,-0.004848000000000002,1.72
-6.039999999999998e-07,1.8,-4.831999999999999e-06,2.08,-4.832000000000001e-05,1.84,-4.832000000000001e-05,1.8800000000000001,-0.004832000000000001,1.56
-6.019999999999999e-07,1.8,-4.815999999999999e-06,2.16,-4.816000000000001e-05,1.8800000000000001,-4.816000000000001e-05,1.8800000000000001,-0.004816000000000001,1.44
-5.999999999999998e-07,1.8,-4.799999999999998e-06,2.12,-4.8000000000000015e-05,1.8800000000000001,-4.8000000000000015e-05,1.8800000000000001,-0.0048000000000000004,1.28
-5.979999999999998e-07,1.8,-4.783999999999999e-06,2.12,-4.7840000000000016e-05,1.8800000000000001,-4.7840000000000016e-05,1.8800000000000001,-0.004784,1.16
-5.959999999999999e-07,1.8,-4.767999999999999e-06,2.12,-4.7680000000000004e-05,1.92,-4.7680000000000004e-05,1.8800000000000001,-0.004768000000000001,1.04
-5.939999999999997e-07,1.8,-4.751999999999998e-06,2.08,-4.7520000000000006e-05,1.92,-4.7520000000000006e-05,1.8800000000000001,-0.004752000000000001,0.96
-5.919999999999998e-07,1.8,-4.735999999999998e-06,2.12,-4.736000000000001e-05,1.8800000000000001,-4.736000000000001e-05,1.8800000000000001,-0.004736000000000001,0.88
-5.899999999999999e-07,1.8,-4.719999999999999e-06,2.08,-4.720000000000001e-05,1.92,-4.720000000000001e-05,1.8800000000000001,-0.00472,0.8
-5.879999999999999e-07,1.8,-4.703999999999999e-06,2.16,-4.704000000000001e-05,1.8800000000000001,-4.704000000000001e-05,1.92,-0.004704000000000002,0.72
-5.859999999999998e-07,1.8,-4.687999999999998e-06,2.08,-4.688000000000001e-05,1.8800000000000001,-4.688000000000001e-05,1.8800000000000001,-0.004688000000000001,0.68
-5.839999999999998e-07,1.8,-4.671999999999999e-06,2.16,-4.6720000000000013e-05,1.92,-4.6720000000000013e-05,1.8800000000000001,-0.004672000000000001,0.6
-5.819999999999999e-07,1.8,-4.655999999999999e-06,2.12,-4.6560000000000015e-05,1.8800000000000001,-4.6560000000000015e-05,1.8800000000000001,-0.004656,0.52
-5.799999999999997e-07,1.8,-4.639999999999998e-06,2.12,-4.6400000000000017e-05,1.92,-4.6400000000000017e-05,1.8800000000000001,-0.00464,0.48
-5.779999999999998e-07,1.8,-4.623999999999998e-06,2.12,-4.6240000000000005e-05,1.92,-4.6240000000000005e-05,1.8800000000000001,-0.004624000000000001,0.44
-5.759999999999999e-07,1.8,-4.607999999999999e-06,2.12,-4.6080000000000006e-05,1.92,-4.6080000000000006e-05,1.92,-0.004608000000000001,0.44
-5.739999999999999e-07,1.84,-4.591999999999999e-06,2.12,-4.592000000000001e-05,1.92,-4.592000000000001e-05,1.8800000000000001,-0.004592000000000001,0.36
-5.719999999999998e-07,1.8,-4.575999999999998e-06,2.08,-4.576000000000001e-05,1.92,-4.576000000000001e-05,1.8800000000000001,-0.004576,0.32
-5.699999999999998e-07,1.8,-4.559999999999999e-06,2.16,-4.560000000000001e-05,1.92,-4.560000000000001e-05,1.92,-0.0045600000000000016,0.32
-5.679999999999999e-07,1.8,-4.543999999999999e-06,2.12,-4.544000000000001e-05,1.92,-4.544000000000001e-05,1.92,-0.004544000000000001,0.28
-5.659999999999997e-07,1.8,-4.527999999999998e-06,2.12,-4.5280000000000014e-05,1.92,-4.5280000000000014e-05,1.8800000000000001,-0.004528000000000001,0.28
-5.639999999999998e-07,1.8,-4.5119999999999985e-06,2.12,-4.5120000000000015e-05,1.92,-4.5120000000000015e-05,1.92,-0.004512,0.24
-5.619999999999999e-07,1.8,-4.495999999999999e-06,2.12,-4.496000000000002e-05,1.96,-4.496000000000002e-05,1.92,-0.004496,0.24
-5.599999999999997e-07,1.8,-4.479999999999998e-06,2.12,-4.4800000000000005e-05,1.92,-4.4800000000000005e-05,1.92,-0.004480000000000001,0.2
-5.579999999999998e-07,1.8,-4.463999999999998e-06,2.12,-4.4640000000000006e-05,1.92,-4.4640000000000006e-05,1.96,-0.004464000000000001,0.16
-5.559999999999998e-07,1.8,-4.447999999999999e-06,2.12,-4.448000000000001e-05,1.96,-4.448000000000001e-05,1.92,-0.0044480000000000006,0.16
-5.539999999999999e-07,1.8,-4.431999999999999e-06,2.12,-4.432000000000001e-05,1.92,-4.432000000000001e-05,1.92,-0.004432,0.16
-5.519999999999998e-07,1.8,-4.415999999999998e-06,2.12,-4.416000000000001e-05,1.92,-4.416000000000001e-05,1.96,-0.0044160000000000015,0.12
-5.499999999999998e-07,1.8,-4.3999999999999985e-06,2.12,-4.400000000000001e-05,1.96,-4.400000000000001e-05,1.96,-0.004400000000000001,0.12
-5.479999999999999e-07,1.8,-4.383999999999999e-06,2.12,-4.3840000000000014e-05,1.92,-4.3840000000000014e-05,1.92,-0.004384000000000001,0.12
-5.459999999999997e-07,1.8,-4.367999999999998e-06,2.12,-4.3680000000000015e-05,1.96,-4.3680000000000015e-05,1.92,-0.004368,0.12
-5.439999999999998e-07,1.8,-4.351999999999998e-06,2.16,-4.352000000000002e-05,1.96,-4.352000000000002e-05,1.92,-0.004352000000000002,0.12
-5.419999999999999e-07,1.8,-4.335999999999999e-06,2.12,-4.3360000000000005e-05,1.96,-4.3360000000000005e-05,1.96,-0.004336000000000001,0.12
-5.399999999999999e-07,1.8,-4.319999999999999e-06,2.12,-4.3200000000000007e-05,1.96,-4.3200000000000007e-05,1.96,-0.004320000000000001,0.08
-5.379999999999998e-07,1.8,-4.303999999999998e-06,2.12,-4.304000000000001e-05,1.96,-4.304000000000001e-05,1.96,-0.0043040000000000005,0.08
-5.359999999999998e-07,1.8,-4.287999999999999e-06,2.16,-4.288000000000001e-05,1.96,-4.288000000000001e-05,1.96,-0.004288,0.08
-5.339999999999999e-07,1.8,-4.271999999999999e-06,2.12,-4.272000000000001e-05,2.0,-4.272000000000001e-05,1.96,-0.0042720000000000015,0.04
-5.319999999999997e-07,1.8,-4.255999999999998e-06,2.12,-4.256000000000001e-05,2.0,-4.256000000000001e-05,1.96,-0.004256000000000001,0.08
-5.299999999999998e-07,1.8,-4.239999999999998e-06,2.12,-4.2400000000000014e-05,1.96,-4.2400000000000014e-05,1.96,-0.004240000000000001,0.08
-5.279999999999999e-07,1.84,-4.223999999999999e-06,2.16,-4.2240000000000016e-05,1.96,-4.2240000000000016e-05,1.96,-0.004224,0.08
-5.259999999999999e-07,1.92,-4.207999999999999e-06,2.12,-4.208000000000002e-05,1.96,-4.208000000000002e-05,1.96,-0.004208000000000002,0.08
-5.239999999999998e-07,1.96,-4.191999999999998e-06,2.16,-4.1920000000000005e-05,1.96,-4.1920000000000005e-05,1.96,-0.004192000000000001,0.08
-5.219999999999998e-07,2.0,-4.175999999999999e-06,2.12,-4.176000000000001e-05,1.96,-4.176000000000001e-05,1.96,-0.004176000000000001,0.04
-5.199999999999999e-07,2.04,-4.159999999999999e-06,2.12,-4.160000000000001e-05,1.96,-4.160000000000001e-05,1.96,-0.0041600000000000005,0.04
-5.179999999999997e-07,2.04,-4.143999999999998e-06,2.12,-4.144000000000001e-05,1.96,-4.144000000000001e-05,1.96,-0.004144,0.08
-5.159999999999998e-07,2.08,-4.1279999999999984e-06,2.12,-4.128000000000001e-05,2.0,-4.128000000000001e-05,2.0,-0.0041280000000000015,0.04
-5.139999999999999e-07,2.12,-4.111999999999999e-06,2.12,-4.112000000000001e-05,1.96,-4.112000000000001e-05,1.96,-0.004112000000000001,0.08
-5.119999999999997e-07,2.2,-4.095999999999998e-06,2.12,-4.0960000000000014e-05,1.96,-4.0960000000000014e-05,2.0,-0.004096000000000001,0.04
-5.099999999999998e-07,2.24,-4.079999999999998e-06,2.12,-4.0800000000000016e-05,2.0,-4.0800000000000016e-05,1.96,-0.00408,0.04
-5.079999999999998e-07,2.2800000000000002,-4.063999999999999e-06,2.12,-4.0640000000000004e-05,2.0,-4.0640000000000004e-05,2.0,-0.004064000000000002,0.04
-5.059999999999999e-07,2.36,-4.047999999999999e-06,2.12,-4.0480000000000005e-05,2.0,-4.0480000000000005e-05,2.0,-0.004048000000000001,0.04
-5.039999999999997e-07,2.44,-4.031999999999998e-06,2.12,-4.032000000000001e-05,2.0,-4.032000000000001e-05,2.0,-0.004032000000000001,0.04
-5.019999999999998e-07,2.48,-4.0159999999999985e-06,2.12,-4.016000000000001e-05,2.0,-4.016000000000001e-05,2.0,-0.0040160000000000005,0.04
-4.999999999999999e-07,2.52,-3.999999999999999e-06,2.12,-4.000000000000001e-05,2.0,-4.000000000000001e-05,2.0,-0.004,0.04
-4.979999999999997e-07,2.6,-3.983999999999998e-06,2.12,-3.984000000000001e-05,2.0,-3.984000000000001e-05,1.96,-0.003984000000000001,0.04
-4.959999999999998e-07,2.6,-3.967999999999998e-06,2.12,-3.968000000000001e-05,2.0,-3.968000000000001e-05,2.0,-0.003968000000000001,0.04
-4.939999999999998e-07,2.56,-3.951999999999999e-06,2.16,-3.9520000000000015e-05,2.0,-3.9520000000000015e-05,2.0,-0.003952000000000001,0.0
-4.919999999999999e-07,2.48,-3.935999999999999e-06,2.16,-3.9360000000000016e-05,2.0,-3.9360000000000016e-05,1.96,-0.003936,0.04
-4.899999999999998e-07,2.44,-3.919999999999998e-06,2.12,-3.9200000000000004e-05,2.0,-3.9200000000000004e-05,2.0,-0.003920000000000002,0.04
-4.879999999999998e-07,2.36,-3.9039999999999985e-06,2.12,-3.9040000000000006e-05,2.0,-3.9040000000000006e-05,2.0,-0.0039040000000000012,0.0
-4.859999999999999e-07,2.2800000000000002,-3.887999999999999e-06,2.16,-3.888000000000001e-05,2.0,-3.888000000000001e-05,2.0,-0.003888000000000001,0.04
-4.839999999999997e-07,2.12,-3.871999999999998e-06,2.12,-3.872000000000001e-05,2.0,-3.872000000000001e-05,2.04,-0.0038720000000000004,0.04
-4.819999999999998e-07,2.0,-3.855999999999998e-06,2.12,-3.856000000000001e-05,2.04,-3.856000000000001e-05,2.0,-0.003856,0.0
-4.799999999999999e-07,1.92,-3.839999999999999e-06,2.12,-3.840000000000001e-05,2.04,-3.840000000000001e-05,2.0,-0.0038400000000000014,0.04
-4.779999999999999e-07,1.84,-3.823999999999999e-06,2.16,-3.824000000000001e-05,2.04,-3.824000000000001e-05,2.0,-0.003824000000000001,0.04
-4.7599999999999976e-07,1.76,-3.807999999999998e-06,2.12,-3.8080000000000015e-05,2.04,-3.8080000000000015e-05,2.0,-0.0038080000000000006,0.04
-4.739999999999998e-07,1.72,-3.7919999999999986e-06,2.12,-3.7920000000000016e-05,2.04,-3.7920000000000016e-05,2.0,-0.0037920000000000002,0.04
-4.719999999999999e-07,1.72,-3.775999999999999e-06,2.16,-3.776000000000002e-05,2.04,-3.776000000000002e-05,2.04,-0.0037760000000000016,0.04
-4.6999999999999974e-07,1.76,-3.759999999999998e-06,2.12,-3.760000000000002e-05,2.04,-3.760000000000002e-05,2.0,-0.003760000000000001,0.0
-4.679999999999998e-07,1.8,-3.7439999999999984e-06,2.16,-3.744000000000002e-05,2.0,-3.744000000000002e-05,2.0,-0.003744000000000001,0.04
-4.6599999999999986e-07,1.8800000000000001,-3.727999999999999e-06,2.12,-3.728000000000002e-05,2.04,-3.728000000000002e-05,2.04,-0.0037280000000000004,0.08
-4.639999999999997e-07,1.96,-3.7119999999999977e-06,2.16,-3.712e-05,2.04,-3.712e-05,2.0,-0.003712,0.04
-4.6199999999999977e-07,2.04,-3.695999999999998e-06,2.12,-3.696e-05,2.04,-3.696e-05,2.04,-0.0036960000000000014,0.08
-4.5999999999999983e-07,2.16,-3.6799999999999986e-06,2.12,-3.68e-05,2.08,-3.68e-05,2.04,-0.003680000000000001,0.04
-4.579999999999999e-07,2.2800000000000002,-3.663999999999999e-06,2.16,-3.664e-05,2.04,-3.664e-05,2.04,-0.0036640000000000006,0.0
-4.5599999999999974e-07,2.36,-3.647999999999998e-06,2.12,-3.648e-05,2.04,-3.648e-05,2.04,-0.003648,0.04
-4.539999999999998e-07,2.4,-3.6319999999999984e-06,2.16,-3.6320000000000005e-05,2.08,-3.6320000000000005e-05,2.04,-0.0036320000000000015,0.04
-4.5199999999999987e-07,2.48,-3.615999999999999e-06,2.12,-3.6160000000000006e-05,2.04,-3.6160000000000006e-05,2.04,-0.003616000000000001,0.04
-4.499999999999997e-07,2.52,-3.5999999999999977e-06,2.16,-3.600000000000001e-05,2.08,-3.600000000000001e-05,2.04,-0.0036000000000000008,0.0
-4.479999999999998e-07,2.48,-3.583999999999998e-06,2.12,-3.584000000000001e-05,2.04,-3.584000000000001e-05,2.04,-0.0035840000000000004,0.0
-4.4599999999999984e-07,2.44,-3.5679999999999987e-06,2.16,-3.568000000000001e-05,2.08,-3.568000000000001e-05,2.04,-0.0035680000000000017,0.04
-4.439999999999999e-07,2.36,-3.551999999999999e-06,2.12,-3.552000000000001e-05,2.04,-3.552000000000001e-05,2.08,-0.0035520000000000013,0.04
-4.4199999999999975e-07,2.32,-3.535999999999998e-06,2.12,-3.5360000000000014e-05,2.08,-3.5360000000000014e-05,2.04,-0.003536000000000001,0.0
-4.399999999999998e-07,2.24,-3.5199999999999985e-06,2.16,-3.5200000000000015e-05,2.04,-3.5200000000000015e-05,2.08,-0.0035200000000000006,0.0
-4.3799999999999987e-07,2.16,-3.503999999999999e-06,2.16,-3.504000000000002e-05,2.08,-3.504000000000002e-05,2.08,-0.003504,0.04
-4.359999999999997e-07,2.08,-3.4879999999999978e-06,2.12,-3.488000000000002e-05,2.08,-3.488000000000002e-05,2.08,-0.0034880000000000015,0.0
-4.339999999999998e-07,2.0,-3.4719999999999983e-06,2.16,-3.472000000000002e-05,2.08,-3.472000000000002e-05,2.08,-0.003472000000000001,0.04
-4.3199999999999984e-07,2.0,-3.4559999999999988e-06,2.12,-3.456000000000002e-05,2.08,-3.456000000000002e-05,2.08,-0.0034560000000000007,0.0
-4.299999999999999e-07,1.96,-3.4399999999999993e-06,2.16,-3.440000000000002e-05,2.08,-3.440000000000002e-05,2.08,-0.0034400000000000003,0.0
-4.2799999999999976e-07,1.96,-3.423999999999998e-06,2.16,-3.424e-05,2.08,-3.424e-05,2.04,-0.0034240000000000017,0.0
-4.259999999999998e-07,1.96,-3.4079999999999985e-06,2.12,-3.408e-05,2.08,-3.408e-05,2.08,-0.0034080000000000013,0.0
-4.239999999999999e-07,2.0,-3.391999999999999e-06,2.12,-3.392e-05,2.08,-3.392e-05,2.08,-0.003392000000000001,0.04
-4.2199999999999973e-07,2.04,-3.375999999999998e-06,2.16,-3.376e-05,2.12,-3.376e-05,2.08,-0.0033760000000000005,0.0
-4.199999999999998e-07,2.08,-3.3599999999999983e-06,2.16,-3.3600000000000004e-05,2.12,-3.3600000000000004e-05,2.12,-0.00336,0.0
-4.1799999999999985e-07,2.12,-3.343999999999999e-06,2.12,-3.3440000000000005e-05,2.08,-3.3440000000000005e-05,2.08,-0.0033440000000000015,0.04
-4.159999999999999e-07,2.16,-3.3279999999999993e-06,2.16,-3.328000000000001e-05,2.08,-3.328000000000001e-05,2.08,-0.003328000000000001,0.0
-4.1399999999999976e-07,2.2,-3.311999999999998e-06,2.16,-3.312000000000001e-05,2.08,-3.312000000000001e-05,2.08,-0.0033120000000000007,0.04
-4.119999999999998e-07,2.24,-3.2959999999999986e-06,2.12,-3.296000000000001e-05,2.08,-3.296000000000001e-05,2.08,-0.0032960000000000003,0.04
-4.099999999999999e-07,2.24,-3.279999999999999e-06,2.12,-3.280000000000001e-05,2.08,-3.280000000000001e-05,2.08,-0.0032800000000000017,0.04
-4.0799999999999974e-07,2.24,-3.263999999999998e-06,2.16,-3.264000000000001e-05,2.08,-3.264000000000001e-05,2.12,-0.0032640000000000013,0.0
-4.059999999999998e-07,2.2,-3.2479999999999984e-06,2.12,-3.2480000000000014e-05,2.08,-3.2480000000000014e-05,2.08,-0.003248000000000001,0.0
-4.0399999999999986e-07,2.2,-3.231999999999999e-06,2.16,-3.2320000000000016e-05,2.08,-3.2320000000000016e-05,2.16,-0.0032320000000000005,0.04
-4.019999999999997e-07,2.2,-3.2159999999999977e-06,2.16,-3.216000000000002e-05,2.12,-3.216000000000002e-05,2.12,-0.003216,0.04
-3.9999999999999977e-07,2.16,-3.199999999999998e-06,2.16,-3.200000000000002e-05,2.08,-3.200000000000002e-05,2.08,-0.0032000000000000015,0.0
-3.9799999999999983e-07,2.16,-3.1839999999999987e-06,2.16,-3.184000000000002e-05,2.08,-3.184000000000002e-05,2.12,-0.003184000000000001,0.0
-3.959999999999999e-07,2.12,-3.167999999999999e-06,2.16,-3.168000000000002e-05,2.12,-3.168000000000002e-05,2.08,-0.0031680000000000007,0.04
-3.9399999999999974e-07,2.12,-3.151999999999998e-06,2.16,-3.1520000000000023e-05,2.12,-3.1520000000000023e-05,2.08,-0.0031520000000000003,0.04
-3.919999999999998e-07,2.12,-3.1359999999999984e-06,2.12,-3.136e-05,2.12,-3.136e-05,2.08,-0.0031360000000000016,0.04
-3.8999999999999987e-07,2.12,-3.119999999999999e-06,2.16,-3.12e-05,2.12,-3.12e-05,2.08,-0.0031200000000000012,0.04
-3.879999999999997e-07,2.12,-3.1039999999999977e-06,2.16,-3.104e-05,2.12,-3.104e-05,2.08,-0.003104000000000001,0.0
-3.859999999999998e-07,2.12,-3.0879999999999982e-06,2.16,-3.088e-05,2.12,-3.088e-05,2.12,-0.0030880000000000005,0.04
-3.8399999999999984e-07,2.12,-3.0719999999999987e-06,2.16,-3.0720000000000004e-05,2.12,-3.0720000000000004e-05,2.08,-0.003072,0.0
-3.819999999999999e-07,2.16,-3.055999999999999e-06,2.16,-3.0560000000000006e-05,2.12,-3.0560000000000006e-05,2.12,-0.0030560000000000014,0.04
-3.7999999999999975e-07,2.12,-3.039999999999998e-06,2.12,-3.0400000000000007e-05,2.08,-3.0400000000000007e-05,2.12,-0.003040000000000001,0.04
-3.779999999999998e-07,2.16,-3.0239999999999985e-06,2.16,-3.024000000000001e-05,2.12,-3.024000000000001e-05,2.12,-0.0030240000000000006,0.0
-3.7599999999999987e-07,2.16,-3.007999999999999e-06,2.12,-3.008000000000001e-05,2.12,-3.008000000000001e-05,2.12,-0.0030080000000000003,0.04
-3.739999999999997e-07,2.16,-2.9919999999999978e-06,2.16,-2.992000000000001e-05,2.16,-2.992000000000001e-05,2.16,-0.0029920000000000016,0.04
-3.719999999999998e-07,2.16,-2.9759999999999983e-06,2.12,-2.9760000000000013e-05,2.12,-2.9760000000000013e-05,2.12,-0.002976000000000001,0.04
-3.6999999999999985e-07,2.12,-2.9599999999999988e-06,2.16,-2.9600000000000015e-05,2.12,-2.9600000000000015e-05,2.12,-0.002960000000000001,0.0
-3.679999999999999e-07,2.12,-2.9439999999999993e-06,2.16,-2.9440000000000016e-05,2.12,-2.9440000000000016e-05,2.12,-0.0029440000000000004,0.0
-3.6599999999999976e-07,2.12,-2.927999999999998e-06,2.12,-2.9280000000000018e-05,2.16,-2.9280000000000018e-05,2.12,-0.0029280000000000018,0.04
-3.639999999999998e-07,2.12,-2.9119999999999985e-06,2.16,-2.912000000000002e-05,2.12,-2.912000000000002e-05,2.16,-0.0029120000000000014,0.04
-3.619999999999999e-07,2.12,-2.895999999999999e-06,2.12,-2.896000000000002e-05,2.12,-2.896000000000002e-05,2.16,-0.002896000000000001,0.04
-3.5999999999999973e-07,2.12,-2.879999999999998e-06,2.16,-2.8800000000000022e-05,2.16,-2.8800000000000022e-05,2.12,-0.0028800000000000006,0.04
-3.579999999999998e-07,2.08,-2.8639999999999983e-06,2.16,-2.8639999999999997e-05,2.16,-2.8639999999999997e-05,2.16,-0.0028640000000000002,0.04
-3.5599999999999985e-07,2.12,-2.847999999999999e-06,2.16,-2.848e-05,2.16,-2.848e-05,2.16,-0.0028480000000000016,0.04
-3.539999999999997e-07,2.16,-2.8319999999999976e-06,2.16,-2.832e-05,2.16,-2.832e-05,2.16,-0.002832000000000001,0.0
-3.5199999999999976e-07,2.16,-2.815999999999998e-06,2.16,-2.816e-05,2.12,-2.816e-05,2.16,-0.002816000000000001,0.0
-3.499999999999998e-07,2.16,-2.7999999999999986e-06,2.12,-2.8000000000000003e-05,2.16,-2.8000000000000003e-05,2.16,-0.0028000000000000004,0.0
-3.479999999999999e-07,2.16,-2.783999999999999e-06,2.16,-2.7840000000000005e-05,2.16,-2.7840000000000005e-05,2.16,-0.0027840000000000018,0.04
-3.4599999999999974e-07,2.16,-2.767999999999998e-06,2.16,-2.7680000000000006e-05,2.16,-2.7680000000000006e-05,2.16,-0.0027680000000000014,0.0
-3.439999999999998e-07,2.16,-2.7519999999999984e-06,2.16,-2.7520000000000008e-05,2.16,-2.7520000000000008e-05,2.16,-0.002752000000000001,0.0
-3.4199999999999986e-07,2.16,-2.735999999999999e-06,2.16,-2.736000000000001e-05,2.16,-2.736000000000001e-05,2.16,-0.0027360000000000006,0.04
-3.399999999999997e-07,2.16,-2.7199999999999977e-06,2.16,-2.720000000000001e-05,2.16,-2.720000000000001e-05,2.16,-0.00272,0.04
-3.3799999999999977e-07,2.16,-2.703999999999998e-06,2.16,-2.7040000000000012e-05,2.2,-2.7040000000000012e-05,2.16,-0.0027040000000000015,0.0
-3.3599999999999983e-07,2.16,-2.6879999999999987e-06,2.16,-2.6880000000000014e-05,2.16,-2.6880000000000014e-05,2.2,-0.002688000000000001,0.04
-3.339999999999999e-07,2.16,-2.671999999999999e-06,2.16,-2.6720000000000015e-05,2.2,-2.6720000000000015e-05,2.16,-0.0026720000000000008,0.04
-3.3199999999999974e-07,2.16,-2.655999999999998e-06,2.16,-2.6560000000000017e-05,2.2,-2.6560000000000017e-05,2.16,-0.0026560000000000004,0.0
-3.299999999999998e-07,2.16,-2.6399999999999984e-06,2.16,-2.6400000000000018e-05,2.16,-2.6400000000000018e-05,2.16,-0.0026400000000000017,0.04
-3.2799999999999987e-07,2.12,-2.623999999999999e-06,2.16,-2.624000000000002e-05,2.16,-2.624000000000002e-05,2.16,-0.0026240000000000013,0.04
-3.259999999999997e-07,2.12,-2.6079999999999977e-06,2.16,-2.608000000000002e-05,2.2,-2.608000000000002e-05,2.2,-0.002608000000000001,0.0
-3.239999999999998e-07,2.12,-2.5919999999999982e-06,2.16,-2.5920000000000023e-05,2.16,-2.5920000000000023e-05,2.2,-0.0025920000000000006,0.0
-3.2199999999999984e-07,2.12,-2.5759999999999987e-06,2.16,-2.5759999999999997e-05,2.2,-2.5759999999999997e-05,2.2,-0.002576,0.0
-3.199999999999999e-07,2.16,-2.559999999999999e-06,2.16,-2.56e-05,2.2,-2.56e-05,2.16,-0.0025600000000000015,0.0
-3.1799999999999975e-07,2.16,-2.543999999999998e-06,2.16,-2.544e-05,2.16,-2.544e-05,2.2,-0.002544000000000001,0.0
-3.159999999999998e-07,2.16,-2.5279999999999985e-06,2.12,-2.5280000000000002e-05,2.16,-2.5280000000000002e-05,2.16,-0.0025280000000000007,0.0
-3.139999999999999e-07,2.12,-2.511999999999999e-06,2.16,-2.5120000000000003e-05,2.2,-2.5120000000000003e-05,2.16,-0.0025120000000000003,0.04
-3.119999999999997e-07,2.16,-2.4959999999999978e-06,2.12,-2.4960000000000005e-05,2.2,-2.4960000000000005e-05,2.2,-0.0024960000000000017,0.0
-3.099999999999998e-07,2.16,-2.4799999999999983e-06,2.16,-2.4800000000000007e-05,2.2,-2.4800000000000007e-05,2.2,-0.0024800000000000013,0.0
-3.0799999999999985e-07,2.16,-2.4639999999999988e-06,2.16,-2.4640000000000008e-05,2.24,-2.4640000000000008e-05,2.2,-0.002464000000000001,0.0
-3.059999999999999e-07,2.16,-2.4479999999999993e-06,2.16,-2.448000000000001e-05,2.2,-2.448000000000001e-05,2.2,-0.0024480000000000005,0.04
-3.0399999999999976e-07,2.16,-2.431999999999998e-06,2.16,-2.432000000000001e-05,2.2,-2.432000000000001e-05,2.2,-0.002432,0.0
-3.019999999999998e-07,2.16,-2.4159999999999986e-06,2.16,-2.4160000000000013e-05,2.2,-2.4160000000000013e-05,2.2,-0.0024160000000000015,0.0
-2.999999999999999e-07,2.16,-2.399999999999999e-06,2.16,-2.4000000000000014e-05,2.2,-2.4000000000000014e-05,2.2,-0.002400000000000001,0.0
-2.9799999999999973e-07,2.16,-2.383999999999998e-06,2.12,-2.3840000000000016e-05,2.2,-2.3840000000000016e-05,2.2,-0.0023840000000000007,0.04
-2.959999999999998e-07,2.16,-2.3679999999999983e-06,2.16,-2.3680000000000017e-05,2.2,-2.3680000000000017e-05,2.2,-0.0023680000000000003,0.0
-2.9399999999999985e-07,2.12,-2.351999999999999e-06,2.16,-2.352000000000002e-05,2.2,-2.352000000000002e-05,2.2,-0.0023520000000000017,0.04
-2.919999999999997e-07,2.12,-2.3359999999999976e-06,2.2,-2.336000000000002e-05,2.2,-2.336000000000002e-05,2.2,-0.0023360000000000013,0.0
-2.8999999999999976e-07,2.16,-2.319999999999998e-06,2.12,-2.3200000000000022e-05,2.2,-2.3200000000000022e-05,2.2,-0.002320000000000001,0.04
-2.879999999999998e-07,2.12,-2.3039999999999986e-06,2.16,-2.3040000000000023e-05,2.24,-2.3040000000000023e-05,2.2,-0.0023040000000000005,0.0
-2.859999999999999e-07,2.12,-2.287999999999999e-06,2.12,-2.2879999999999998e-05,2.2,-2.2879999999999998e-05,2.2,-0.002288,0.04
-2.8399999999999974e-07,2.12,-2.271999999999998e-06,2.16,-2.272e-05,2.24,-2.272e-05,2.24,-0.0022720000000000014,0.0
-2.819999999999998e-07,2.12,-2.2559999999999984e-06,2.16,-2.256e-05,2.2,-2.256e-05,2.2,-0.002256000000000001,0.04
-2.7999999999999986e-07,2.16,-2.239999999999999e-06,2.16,-2.2400000000000002e-05,2.24,-2.2400000000000002e-05,2.16,-0.0022400000000000007,0.04
-2.779999999999997e-07,2.16,-2.2239999999999977e-06,2.12,-2.2240000000000004e-05,2.24,-2.2240000000000004e-05,2.2,-0.0022240000000000003,0.04
-2.7599999999999977e-07,2.16,-2.207999999999998e-06,2.16,-2.2080000000000005e-05,2.24,-2.2080000000000005e-05,2.2,-0.0022080000000000016,0.04
-2.7399999999999983e-07,2.16,-2.1919999999999987e-06,2.16,-2.1920000000000007e-05,2.24,-2.1920000000000007e-05,2.2,-0.0021920000000000012,0.0
-2.719999999999999e-07,2.16,-2.175999999999999e-06,2.12,-2.176000000000001e-05,2.24,-2.176000000000001e-05,2.24,-0.002176000000000001,0.0
-2.6999999999999974e-07,2.16,-2.159999999999998e-06,2.16,-2.160000000000001e-05,2.24,-2.160000000000001e-05,2.2,-0.0021600000000000005,0.04
-2.679999999999998e-07,2.16,-2.1439999999999984e-06,2.16,-2.144000000000001e-05,2.2,-2.144000000000001e-05,2.24,-0.002144000000000002,0.04
-2.6599999999999987e-07,2.16,-2.127999999999999e-06,2.16,-2.1280000000000013e-05,2.24,-2.1280000000000013e-05,2.24,-0.0021280000000000014,0.04
-2.639999999999997e-07,2.16,-2.1119999999999977e-06,2.16,-2.1120000000000015e-05,2.24,-2.1120000000000015e-05,2.24,-0.002112000000000001,0.04
-2.619999999999998e-07,2.16,-2.0959999999999982e-06,2.16,-2.0960000000000016e-05,2.24,-2.0960000000000016e-05,2.24,-0.0020960000000000006,0.0
-2.5999999999999984e-07,2.16,-2.0799999999999987e-06,2.16,-2.0800000000000018e-05,2.24,-2.0800000000000018e-05,2.24,-0.0020800000000000003,0.04
-2.579999999999999e-07,2.16,-2.0639999999999992e-06,2.16,-2.064000000000002e-05,2.2800000000000002,-2.064000000000002e-05,2.24,-0.0020640000000000016,0.0
-2.5599999999999975e-07,2.16,-2.047999999999998e-06,2.16,-2.048000000000002e-05,2.24,-2.048000000000002e-05,2.24,-0.002048000000000001,0.0
-2.539999999999998e-07,2.16,-2.0319999999999985e-06,2.16,-2.0320000000000022e-05,2.24,-2.0320000000000022e-05,2.2800000000000002,-0.002032000000000001,0.04
-2.519999999999999e-07,2.12,-2.015999999999999e-06,2.16,-2.0159999999999997e-05,2.2800000000000002,-2.0159999999999997e-05,2.24,-0.0020160000000000004,0.04
-2.499999999999997e-07,2.12,-1.999999999999998e-06,2.16,-1.9999999999999998e-05,2.24,-1.9999999999999998e-05,2.24,-0.0020000000000000018,0.0
-2.479999999999998e-07,2.16,-1.9839999999999983e-06,2.16,-1.984e-05,2.24,-1.984e-05,2.24,-0.0019840000000000014,0.04
-2.4599999999999985e-07,2.16,-1.9679999999999988e-06,2.16,-1.968e-05,2.24,-1.968e-05,2.2800000000000002,-0.001968000000000001,0.0
-2.439999999999997e-07,2.16,-1.9519999999999976e-06,2.16,-1.9520000000000003e-05,2.24,-1.9520000000000003e-05,2.24,-0.0019520000000000006,0.04
-2.4199999999999976e-07,2.16,-1.935999999999998e-06,2.16,-1.9360000000000004e-05,2.2800000000000002,-1.9360000000000004e-05,2.2800000000000002,-0.0019360000000000002,0.0
-2.399999999999998e-07,2.16,-1.9199999999999986e-06,2.16,-1.9200000000000006e-05,2.24,-1.9200000000000006e-05,2.2800000000000002,-0.0019200000000000016,0.0
-2.3799999999999988e-07,2.16,-1.903999999999999e-06,2.16,-1.9040000000000007e-05,2.24,-1.9040000000000007e-05,2.2800000000000002,-0.0019040000000000012,0.0
-2.3599999999999973e-07,2.16,-1.8879999999999978e-06,2.16,-1.888000000000001e-05,2.2800000000000002,-1.888000000000001e-05,2.2800000000000002,-0.0018880000000000008,0.0
-2.339999999999998e-07,2.16,-1.8719999999999983e-06,2.16,-1.872000000000001e-05,2.2800000000000002,-1.872000000000001e-05,2.24,-0.0018720000000000004,0.04
-2.3199999999999985e-07,2.16,-1.8559999999999988e-06,2.16,-1.8560000000000012e-05,2.24,-1.8560000000000012e-05,2.2800000000000002,-0.0018560000000000017,0.0
-2.299999999999997e-07,2.16,-1.8399999999999976e-06,2.16,-1.8400000000000014e-05,2.32,-1.8400000000000014e-05,2.24,-0.0018400000000000014,0.0
-2.2799999999999977e-07,2.16,-1.8239999999999981e-06,2.2,-1.8240000000000015e-05,2.2800000000000002,-1.8240000000000015e-05,2.24,-0.001824000000000001,0.0
-2.2599999999999983e-07,2.16,-1.8079999999999986e-06,2.16,-1.8080000000000017e-05,2.2800000000000002,-1.8080000000000017e-05,2.2800000000000002,-0.0018080000000000006,0.04
-2.239999999999999e-07,2.16,-1.791999999999999e-06,2.2,-1.7920000000000018e-05,2.2800000000000002,-1.7920000000000018e-05,2.2800000000000002,-0.0017920000000000002,0.0
-2.2199999999999974e-07,2.12,-1.775999999999998e-06,2.16,-1.776000000000002e-05,2.2800000000000002,-1.776000000000002e-05,2.2800000000000002,-0.0017760000000000015,0.0
-2.199999999999998e-07,2.16,-1.7599999999999984e-06,2.16,-1.760000000000002e-05,2.24,-1.760000000000002e-05,2.2800000000000002,-0.0017600000000000011,0.04
-2.1799999999999986e-07,2.16,-1.7439999999999989e-06,2.16,-1.7440000000000023e-05,2.2800000000000002,-1.7440000000000023e-05,2.2800000000000002,-0.0017440000000000008,0.0
-2.159999999999997e-07,2.16,-1.7279999999999977e-06,2.2,-1.7279999999999997e-05,2.2800000000000002,-1.7279999999999997e-05,2.32,-0.0017280000000000004,0.0
-2.1399999999999977e-07,2.16,-1.7119999999999982e-06,2.16,-1.712e-05,2.2800000000000002,-1.712e-05,2.32,-0.0017120000000000017,0.0
-2.1199999999999983e-07,2.12,-1.6959999999999987e-06,2.16,-1.696e-05,2.2800000000000002,-1.696e-05,2.2800000000000002,-0.0016960000000000013,0.04
-2.099999999999999e-07,2.16,-1.6799999999999992e-06,2.16,-1.6800000000000002e-05,2.2800000000000002,-1.6800000000000002e-05,2.2800000000000002,-0.001680000000000001,0.0
-2.0799999999999974e-07,2.16,-1.663999999999998e-06,2.16,-1.6640000000000003e-05,2.2800000000000002,-1.6640000000000003e-05,2.32,-0.0016640000000000005,0.04
-2.059999999999998e-07,2.16,-1.6479999999999985e-06,2.16,-1.6480000000000005e-05,2.2800000000000002,-1.6480000000000005e-05,2.2800000000000002,-0.0016480000000000002,0.0
-2.0399999999999987e-07,2.16,-1.631999999999999e-06,2.16,-1.6320000000000006e-05,2.2800000000000002,-1.6320000000000006e-05,2.2800000000000002,-0.0016320000000000015,0.04
-2.0199999999999972e-07,2.16,-1.6159999999999977e-06,2.16,-1.6160000000000008e-05,2.2800000000000002,-1.6160000000000008e-05,2.2800000000000002,-0.0016160000000000011,0.0
-1.9999999999999978e-07,2.16,-1.5999999999999982e-06,2.16,-1.600000000000001e-05,2.32,-1.600000000000001e-05,2.2800000000000002,-0.0016000000000000007,0.0
-1.9799999999999984e-07,2.16,-1.5839999999999987e-06,2.16,-1.584000000000001e-05,2.2800000000000002,-1.584000000000001e-05,2.2800000000000002,-0.0015840000000000003,0.0
-1.959999999999999e-07,2.16,-1.5679999999999992e-06,2.16,-1.5680000000000013e-05,2.32,-1.5680000000000013e-05,2.32,-0.0015680000000000017,0.04
-1.9399999999999975e-07,2.12,-1.551999999999998e-06,2.16,-1.5520000000000014e-05,2.32,-1.5520000000000014e-05,2.2800000000000002,-0.0015520000000000013,0.0
-1.9199999999999981e-07,2.12,-1.5359999999999985e-06,2.16,-1.5360000000000016e-05,2.32,-1.5360000000000016e-05,2.32,-0.001536000000000001,0.04
-1.8999999999999987e-07,2.12,-1.519999999999999e-06,2.16,-1.5200000000000017e-05,2.2800000000000002,-1.5200000000000017e-05,2.2800000000000002,-0.0015200000000000005,0.04
-1.8799999999999972e-07,2.16,-1.5039999999999978e-06,2.16,-1.5040000000000019e-05,2.2800000000000002,-1.5040000000000019e-05,2.32,-0.0015040000000000001,0.0
-1.8599999999999979e-07,2.16,-1.4879999999999983e-06,2.16,-1.488000000000002e-05,2.2800000000000002,-1.488000000000002e-05,2.32,-0.0014880000000000015,0.04
-1.8399999999999985e-07,2.12,-1.4719999999999988e-06,2.16,-1.4720000000000022e-05,2.32,-1.4720000000000022e-05,2.32,-0.001472000000000001,0.0
-1.819999999999997e-07,2.12,-1.4559999999999976e-06,2.16,-1.4560000000000023e-05,2.2800000000000002,-1.4560000000000023e-05,2.2800000000000002,-0.0014560000000000007,0.0
-1.7999999999999976e-07,2.12,-1.439999999999998e-06,2.16,-1.4399999999999998e-05,2.2800000000000002,-1.4399999999999998e-05,2.32,-0.0014400000000000003,0.0
-1.7799999999999982e-07,2.16,-1.4239999999999986e-06,2.16,-1.424e-05,2.32,-1.424e-05,2.32,-0.0014240000000000017,0.0
-1.7599999999999988e-07,2.16,-1.407999999999999e-06,2.16,-1.408e-05,2.36,-1.408e-05,2.32,-0.0014080000000000013,0.0
-1.7399999999999973e-07,2.16,-1.3919999999999979e-06,2.16,-1.3920000000000002e-05,2.2800000000000002,-1.3920000000000002e-05,2.32,-0.0013920000000000009,0.0
-1.719999999999998e-07,2.16,-1.3759999999999983e-06,2.16,-1.3760000000000004e-05,2.36,-1.3760000000000004e-05,2.32,-0.0013760000000000005,0.0
-1.6999999999999985e-07,2.16,-1.3599999999999988e-06,2.16,-1.3600000000000005e-05,2.32,-1.3600000000000005e-05,2.32,-0.0013600000000000018,0.0
-1.679999999999997e-07,2.16,-1.3439999999999976e-06,2.16,-1.3440000000000007e-05,2.32,-1.3440000000000007e-05,2.32,-0.0013440000000000014,0.04
-1.6599999999999977e-07,2.16,-1.3279999999999981e-06,2.16,-1.3280000000000008e-05,2.32,-1.3280000000000008e-05,2.32,-0.001328000000000001,0.0
-1.6399999999999983e-07,2.16,-1.3119999999999986e-06,2.2,-1.312000000000001e-05,2.32,-1.312000000000001e-05,2.32,-0.0013120000000000007,0.0
-1.619999999999999e-07,2.2,-1.2959999999999991e-06,2.16,-1.2960000000000011e-05,2.32,-1.2960000000000011e-05,2.36,-0.0012960000000000003,0.04
-1.5999999999999974e-07,2.2,-1.279999999999998e-06,2.2,-1.2800000000000013e-05,2.32,-1.2800000000000013e-05,2.32,-0.0012800000000000016,0.0
-1.579999999999998e-07,2.2,-1.2639999999999984e-06,2.16,-1.2640000000000015e-05,2.32,-1.2640000000000015e-05,2.32,-0.0012640000000000012,0.0
-1.5599999999999986e-07,2.16,-1.2479999999999989e-06,2.16,-1.2480000000000016e-05,2.32,-1.2480000000000016e-05,2.36,-0.0012480000000000008,0.0
-1.539999999999997e-07,2.16,-1.2319999999999977e-06,2.16,-1.2320000000000018e-05,2.32,-1.2320000000000018e-05,2.32,-0.0012320000000000005,0.04
-1.5199999999999977e-07,2.16,-1.2159999999999982e-06,2.16,-1.2160000000000019e-05,2.32,-1.2160000000000019e-05,2.32,-0.0012160000000000018,0.0
-1.4999999999999983e-07,2.16,-1.1999999999999987e-06,2.16,-1.200000000000002e-05,2.32,-1.200000000000002e-05,2.32,-0.0012000000000000014,0.04
-1.479999999999999e-07,2.16,-1.1839999999999992e-06,2.16,-1.1840000000000022e-05,2.36,-1.1840000000000022e-05,2.32,-0.001184000000000001,0.04
-1.4599999999999975e-07,2.16,-1.167999999999998e-06,2.2,-1.1679999999999997e-05,2.32,-1.1679999999999997e-05,2.36,-0.0011680000000000006,0.0
-1.439999999999998e-07,2.12,-1.1519999999999985e-06,2.16,-1.1519999999999998e-05,2.32,-1.1519999999999998e-05,2.36,-0.0011520000000000002,0.0
-1.4199999999999987e-07,2.12,-1.135999999999999e-06,2.16,-1.136e-05,2.36,-1.136e-05,2.36,-0.0011360000000000016,0.0
-1.3999999999999972e-07,2.12,-1.1199999999999977e-06,2.16,-1.1200000000000001e-05,2.32,-1.1200000000000001e-05,2.36,-0.0011200000000000012,0.04
-1.3799999999999978e-07,2.12,-1.1039999999999982e-06,2.16,-1.1040000000000003e-05,2.36,-1.1040000000000003e-05,2.36,-0.0011040000000000008,0.04
-1.3599999999999984e-07,2.12,-1.0879999999999987e-06,2.16,-1.0880000000000004e-05,2.36,-1.0880000000000004e-05,2.36,-0.0010880000000000004,0.0
-1.339999999999997e-07,2.12,-1.0719999999999975e-06,2.2,-1.0720000000000006e-05,2.36,-1.0720000000000006e-05,2.36,-0.0010720000000000018,0.0
-1.3199999999999975e-07,2.16,-1.055999999999998e-06,2.16,-1.0560000000000007e-05,2.36,-1.0560000000000007e-05,2.36,-0.0010560000000000014,0.04
-1.2999999999999981e-07,2.16,-1.0399999999999985e-06,2.2,-1.0400000000000009e-05,2.36,-1.0400000000000009e-05,2.36,-0.001040000000000001,0.0
-1.2799999999999988e-07,2.16,-1.023999999999999e-06,2.16,-1.024000000000001e-05,2.36,-1.024000000000001e-05,2.36,-0.0010240000000000006,0.0
-1.2599999999999973e-07,2.16,-1.0079999999999978e-06,2.2,-1.0080000000000012e-05,2.36,-1.0080000000000012e-05,2.36,-0.0010080000000000002,0.0
-1.239999999999998e-07,2.16,-9.919999999999983e-07,2.16,-9.920000000000013e-06,2.36,-9.920000000000013e-06,2.36,-0.0009920000000000016,0.0
-1.2199999999999985e-07,2.16,-9.759999999999988e-07,2.16,-9.760000000000015e-06,2.36,-9.760000000000015e-06,2.4,-0.0009760000000000012,0.0
-1.199999999999997e-07,2.16,-9.599999999999976e-07,2.16,-9.600000000000017e-06,2.36,-9.600000000000017e-06,2.4,-0.0009600000000000008,0.04
-1.1799999999999976e-07,2.16,-9.439999999999981e-07,2.2,-9.440000000000018e-06,2.36,-9.440000000000018e-06,2.36,-0.0009440000000000004,0.04
-1.1599999999999982e-07,2.12,-9.279999999999986e-07,2.2,-9.28000000000002e-06,2.36,-9.28000000000002e-06,2.36,-0.0009280000000000017,0.0
-1.1399999999999988e-07,2.12,-9.119999999999991e-07,2.16,-9.120000000000021e-06,2.4,-9.120000000000021e-06,2.4,-0.0009120000000000014,0.04
-1.1199999999999973e-07,2.16,-8.959999999999979e-07,2.2,-8.960000000000023e-06,2.4,-8.960000000000023e-06,2.4,-0.000896000000000001,0.04
-1.099999999999998e-07,2.16,-8.799999999999984e-07,2.16,-8.799999999999997e-06,2.36,-8.799999999999997e-06,2.4,-0.0008800000000000006,0.0
-1.0799999999999986e-07,2.16,-8.639999999999988e-07,2.2,-8.639999999999999e-06,2.4,-8.639999999999999e-06,2.36,-0.0008640000000000002,0.04
-1.059999999999997e-07,2.12,-8.479999999999976e-07,2.16,-8.48e-06,2.36,-8.48e-06,2.4,-0.0008480000000000015,0.0
-1.0399999999999977e-07,2.12,-8.319999999999981e-07,2.16,-8.320000000000002e-06,2.4,-8.320000000000002e-06,2.36,-0.0008320000000000011,0.0
-1.0199999999999983e-07,2.16,-8.159999999999986e-07,2.16,-8.160000000000003e-06,2.4,-8.160000000000003e-06,2.4,-0.0008160000000000008,0.04
-9.999999999999989e-08,2.16,-7.999999999999991e-07,2.2,-8.000000000000005e-06,2.4,-8.000000000000005e-06,2.36,-0.0008000000000000004,0.0
-9.799999999999974e-08,2.16,-7.839999999999979e-07,2.16,-7.840000000000006e-06,2.36,-7.840000000000006e-06,2.4,-0.0007840000000000017,0.0
-9.59999999999998e-08,2.12,-7.679999999999984e-07,2.16,-7.680000000000008e-06,2.4,-7.680000000000008e-06,2.4,-0.0007680000000000013,0.0
-9.399999999999986e-08,2.16,-7.519999999999989e-07,2.2,-7.520000000000009e-06,2.36,-7.520000000000009e-06,2.4,-0.0007520000000000009,0.0
-9.199999999999971e-08,2.16,-7.359999999999977e-07,2.16,-7.360000000000011e-06,2.4,-7.360000000000011e-06,2.4,-0.0007360000000000005,0.0
-8.999999999999999e-08,2.16,-7.199999999999999e-07,2.2,-7.200000000000012e-06,2.4,-7.200000000000012e-06,2.4,-0.0007200000000000019,0.0
-8.799999999999984e-08,2.16,-7.039999999999987e-07,2.2,-7.040000000000014e-06,2.44,-7.040000000000014e-06,2.4,-0.0007040000000000015,0.0
-8.599999999999968e-08,2.12,-6.879999999999975e-07,2.2,-6.8800000000000154e-06,2.4,-6.8800000000000154e-06,2.4,-0.0006880000000000011,0.0
-8.399999999999996e-08,2.12,-6.719999999999997e-07,2.16,-6.720000000000017e-06,2.44,-6.720000000000017e-06,2.4,-0.0006720000000000007,0.0
-8.199999999999981e-08,2.16,-6.559999999999985e-07,2.16,-6.5600000000000185e-06,2.4,-6.5600000000000185e-06,2.4,-0.0006560000000000003,0.0
-7.999999999999966e-08,2.16,-6.399999999999973e-07,2.16,-6.40000000000002e-06,2.4,-6.40000000000002e-06,2.4,-0.0006400000000000017,0.04
-7.799999999999993e-08,2.16,-6.239999999999994e-07,2.16,-6.2400000000000216e-06,2.4,-6.2400000000000216e-06,2.44,-0.0006240000000000013,0.0
-7.599999999999978e-08,2.12,-6.079999999999982e-07,2.16,-6.080000000000023e-06,2.4,-6.080000000000023e-06,2.4,-0.0006080000000000009,0.0
-7.399999999999963e-08,2.12,-5.91999999999997e-07,2.2,-5.9199999999999975e-06,2.4,-5.9199999999999975e-06,2.4,-0.0005920000000000005,0.04
-7.19999999999999e-08,2.16,-5.759999999999992e-07,2.16,-5.759999999999999e-06,2.44,-5.759999999999999e-06,2.4,-0.0005760000000000019,0.04
-6.999999999999975e-08,2.16,-5.59999999999998e-07,2.2,-5.600000000000001e-06,2.44,-5.600000000000001e-06,2.44,-0.0005600000000000015,0.04
-6.79999999999996e-08,2.16,-5.439999999999968e-07,2.2,-5.440000000000002e-06,2.44,-5.440000000000002e-06,2.4,-0.0005440000000000011,0.04
-6.599999999999988e-08,2.16,-5.27999999999999e-07,2.2,-5.280000000000004e-06,2.44,-5.280000000000004e-06,2.4,-0.0005280000000000007,0.0
-6.399999999999973e-08,2.16,-5.119999999999978e-07,2.2,-5.120000000000005e-06,2.44,-5.120000000000005e-06,2.4,-0.0005120000000000003,0.0
-6.2e-08,2.16,-4.96e-07,2.16,-4.960000000000007e-06,2.44,-4.960000000000007e-06,2.44,-0.0004960000000000016,0.0
-5.999999999999985e-08,2.16,-4.799999999999988e-07,2.16,-4.800000000000008e-06,2.4,-4.800000000000008e-06,2.4,-0.00048000000000000126,0.04
-5.79999999999997e-08,2.16,-4.639999999999976e-07,2.2,-4.64000000000001e-06,2.44,-4.64000000000001e-06,2.44,-0.00046400000000000087,0.04
-5.599999999999997e-08,2.16,-4.479999999999998e-07,2.2,-4.480000000000011e-06,2.44,-4.480000000000011e-06,2.4,-0.0004480000000000005,0.0
-5.399999999999982e-08,2.16,-4.319999999999986e-07,2.16,-4.320000000000013e-06,2.44,-4.320000000000013e-06,2.4,-0.0004320000000000018,0.04
-5.199999999999967e-08,2.16,-4.1599999999999737e-07,2.16,-4.160000000000014e-06,2.44,-4.160000000000014e-06,2.44,-0.00041600000000000144,0.04
-4.9999999999999945e-08,2.16,-3.9999999999999956e-07,2.2,-4.000000000000016e-06,2.44,-4.000000000000016e-06,2.4,-0.00040000000000000105,0.04
-4.7999999999999795e-08,2.16,-3.8399999999999836e-07,2.2,-3.8400000000000174e-06,2.4,-3.8400000000000174e-06,2.4,-0.00038400000000000066,0.0
-4.5999999999999644e-08,2.16,-3.6799999999999715e-07,2.16,-3.680000000000019e-06,2.44,-3.680000000000019e-06,2.44,-0.00036800000000000027,0.0
-4.399999999999992e-08,2.12,-3.5199999999999934e-07,2.2,-3.5200000000000205e-06,2.44,-3.5200000000000205e-06,2.44,-0.0003520000000000016,0.0
-4.199999999999977e-08,2.16,-3.3599999999999814e-07,2.16,-3.360000000000022e-06,2.4,-3.360000000000022e-06,2.44,-0.0003359999999999995,0.04
-3.999999999999962e-08,2.16,-3.1999999999999694e-07,2.2,-3.1999999999999965e-06,2.48,-3.1999999999999965e-06,2.48,-0.00032000000000000084,0.04
-3.799999999999989e-08,2.16,-3.039999999999991e-07,2.16,-3.039999999999998e-06,2.44,-3.039999999999998e-06,2.44,-0.0003040000000000022,0.0
-3.599999999999974e-08,2.16,-2.879999999999979e-07,2.2,-2.8799999999999995e-06,2.44,-2.8799999999999995e-06,2.4,-0.00028800000000000006,0.04
-3.399999999999959e-08,2.16,-2.719999999999967e-07,2.2,-2.720000000000001e-06,2.44,-2.720000000000001e-06,2.44,-0.0002720000000000014,0.0
-3.199999999999986e-08,2.12,-2.559999999999989e-07,2.16,-2.5600000000000026e-06,2.44,-2.5600000000000026e-06,2.4,-0.00025600000000000275,0.0
-2.999999999999971e-08,2.08,-2.399999999999977e-07,2.2,-2.400000000000004e-06,2.44,-2.400000000000004e-06,2.44,-0.00024000000000000063,0.04
-2.7999999999999986e-08,2.0,-2.239999999999999e-07,2.2,-2.2400000000000057e-06,2.44,-2.2400000000000057e-06,2.44,-0.00022400000000000198,0.04
-2.5999999999999836e-08,1.92,-2.0799999999999869e-07,2.16,-2.080000000000007e-06,2.44,-2.080000000000007e-06,2.44,-0.00020799999999999985,0.04
-2.3999999999999686e-08,1.92,-1.9199999999999748e-07,2.2,-1.9200000000000087e-06,2.44,-1.9200000000000087e-06,2.48,-0.0001920000000000012,0.04
-2.199999999999996e-08,1.92,-1.7599999999999967e-07,2.2,-1.7600000000000103e-06,2.48,-1.7600000000000103e-06,2.48,-0.00017600000000000254,0.0
-1.999999999999981e-08,1.8800000000000001,-1.5999999999999847e-07,2.16,-1.6000000000000118e-06,2.44,-1.6000000000000118e-06,2.44,-0.00016000000000000042,0.04
-1.7999999999999658e-08,1.8,-1.4399999999999727e-07,2.2,-1.4400000000000133e-06,2.44,-1.4400000000000133e-06,2.48,-0.00014400000000000177,0.04
-1.599999999999993e-08,1.72,-1.2799999999999945e-07,2.16,-1.2800000000000148e-06,2.48,-1.2800000000000148e-06,2.44,-0.00012799999999999964,0.04
-1.3999999999999781e-08,1.72,-1.1199999999999825e-07,2.2,-1.1200000000000164e-06,2.44,-1.1200000000000164e-06,2.48,-0.00011200000000000099,0.04
-1.1999999999999631e-08,1.68,-9.599999999999705e-08,2.16,-9.60000000000018e-07,2.44,-9.60000000000018e-07,2.48,-9.600000000000233e-05,0.0
-9.999999999999904e-09,1.6,-7.999999999999923e-08,2.2,-8.000000000000194e-07,2.48,-8.000000000000194e-07,2.48,-8.000000000000021e-05,0.0
-7.999999999999754e-09,1.52,-6.399999999999803e-08,2.16,-6.40000000000021e-07,2.44,-6.40000000000021e-07,2.44,-6.400000000000156e-05,0.04
-5.999999999999604e-09,1.44,-4.799999999999683e-08,2.2,-4.800000000000225e-07,2.48,-4.800000000000225e-07,2.48,-4.799999999999943e-05,0.0
-3.999999999999877e-09,1.4000000000000001,-3.1999999999999016e-08,1.96,-3.1999999999999694e-07,2.48,-3.1999999999999694e-07,2.44,-3.200000000000078e-05,0.0
-1.9999999999997267e-09,1.4000000000000001,-1.5999999999997814e-08,1.44,-1.5999999999999847e-07,2.48,-1.5999999999999847e-07,1.8800000000000001,-1.6000000000002124e-05,0.0
4.235164736271502e-22,1.4000000000000001,3.3881317890172014e-21,1.8,0.0,2.04,0.0,2.12,0.0,0.48
2.0000000000001503e-09,1.44,1.6000000000001202e-08,2.24,1.5999999999999847e-07,2.16,1.5999999999999847e-07,2.08,1.5999999999998654e-05,0.84
4.0000000000003005e-09,1.48,3.2000000000002404e-08,1.56,3.1999999999999694e-07,2.08,3.1999999999999694e-07,2.08,3.199999999999731e-05,1.16
6.000000000000027e-09,1.52,4.800000000000022e-08,1.8800000000000001,4.799999999999954e-07,2.12,4.799999999999954e-07,2.12,4.799999999999943e-05,1.48
8.000000000000178e-09,1.6400000000000001,6.400000000000142e-08,1.96,6.399999999999939e-07,2.08,6.399999999999939e-07,2.08,6.399999999999809e-05,1.72
1.0000000000000328e-08,1.76,8.000000000000262e-08,1.76,7.999999999999923e-07,2.12,7.999999999999923e-07,2.08,8.000000000000021e-05,1.92
1.2000000000000055e-08,1.8800000000000001,9.600000000000044e-08,1.8800000000000001,9.599999999999908e-07,2.12,9.599999999999908e-07,2.08,9.599999999999886e-05,2.12
1.4000000000000205e-08,2.0,1.1200000000000164e-07,1.84,1.1199999999999893e-06,2.08,1.1199999999999893e-06,2.08,0.00011199999999999752,2.2800000000000002
1.6000000000000355e-08,2.04,1.2800000000000284e-07,1.92,1.2799999999999877e-06,2.08,1.2799999999999877e-06,2.08,0.00012799999999999964,2.44
1.8000000000000082e-08,2.12,1.4400000000000065e-07,1.8,1.4399999999999862e-06,2.12,1.4399999999999862e-06,2.08,0.0001439999999999983,2.6
2.0000000000000232e-08,2.24,1.6000000000000186e-07,1.92,1.5999999999999847e-06,2.08,1.5999999999999847e-06,2.08,0.00016000000000000042,2.72
2.2000000000000382e-08,2.2800000000000002,1.7600000000000306e-07,1.84,1.7599999999999831e-06,2.08,1.7599999999999831e-06,2.08,0.00017599999999999907,2.84
2.400000000000011e-08,2.2800000000000002,1.9200000000000087e-07,1.84,1.9199999999999816e-06,2.12,1.9199999999999816e-06,2.08,0.00019199999999999773,2.96
2.600000000000026e-08,2.2,2.0800000000000207e-07,1.8800000000000001,2.07999999999998e-06,2.08,2.07999999999998e-06,2.04,0.00020799999999999985,3.08
2.800000000000041e-08,2.12,2.2400000000000328e-07,1.84,2.2399999999999786e-06,2.08,2.2399999999999786e-06,2.04,0.0002239999999999985,3.16
3.0000000000000136e-08,2.08,2.400000000000011e-07,1.84,2.399999999999977e-06,2.08,2.399999999999977e-06,2.08,0.00024000000000000063,3.2
3.2000000000000287e-08,2.0,2.560000000000023e-07,1.84,2.5600000000000026e-06,2.08,2.5600000000000026e-06,2.04,0.0002559999999999993,3.3200000000000003
3.400000000000001e-08,1.8800000000000001,2.720000000000001e-07,1.8800000000000001,2.720000000000001e-06,2.04,2.720000000000001e-06,2.08,0.00027199999999999794,3.36
3.6000000000000164e-08,1.72,2.880000000000013e-07,1.84,2.8799999999999995e-06,2.08,2.8799999999999995e-06,2.08,0.00028800000000000006,3.4
3.8000000000000314e-08,1.6400000000000001,3.040000000000025e-07,1.84,3.039999999999998e-06,2.04,3.039999999999998e-06,2.08,0.0003039999999999987,3.44
4.000000000000004e-08,1.56,3.200000000000003e-07,1.84,3.1999999999999965e-06,2.08,3.1999999999999965e-06,2.04,0.00031999999999999737,3.52
4.200000000000019e-08,1.56,3.360000000000015e-07,1.84,3.359999999999995e-06,2.08,3.359999999999995e-06,2.08,0.0003359999999999995,3.56
4.400000000000034e-08,1.52,3.5200000000000273e-07,1.84,3.5199999999999934e-06,2.04,3.5199999999999934e-06,2.04,0.00035199999999999815,3.6
4.600000000000007e-08,1.48,3.6800000000000054e-07,1.84,3.679999999999992e-06,2.04,3.679999999999992e-06,2.04,0.00036800000000000027,3.6
4.800000000000022e-08,1.48,3.8400000000000174e-07,1.84,3.83999999999999e-06,2.04,3.83999999999999e-06,2.0,0.0003839999999999989,3.64
5.000000000000037e-08,1.56,4.0000000000000295e-07,1.84,3.999999999999989e-06,2.04,3.999999999999989e-06,2.0,0.0003999999999999976,3.68
5.2000000000000095e-08,1.6400000000000001,4.1600000000000076e-07,1.84,4.159999999999987e-06,2.04,4.159999999999987e-06,2.04,0.0004159999999999997,3.72
5.4000000000000245e-08,1.72,4.3200000000000196e-07,1.84,4.319999999999986e-06,2.04,4.319999999999986e-06,2.04,0.00043199999999999836,3.72
5.6000000000000396e-08,1.76,4.4800000000000316e-07,1.84,4.479999999999984e-06,2.04,4.479999999999984e-06,2.04,0.0004480000000000005,3.72
5.800000000000012e-08,1.84,4.64000000000001e-07,1.84,4.639999999999983e-06,2.04,4.639999999999983e-06,2.04,0.00046399999999999914,3.7600000000000002
6.000000000000027e-08,1.92,4.800000000000022e-07,1.84,4.799999999999981e-06,2.04,4.799999999999981e-06,2.04,0.0004799999999999978,3.8000000000000003
6.200000000000042e-08,2.0,4.960000000000034e-07,1.84,4.95999999999998e-06,2.04,4.95999999999998e-06,2.0,0.0004959999999999999,3.8000000000000003
6.400000000000015e-08,2.0,5.120000000000012e-07,1.84,5.119999999999978e-06,2.0,5.119999999999978e-06,2.0,0.0005119999999999986,3.84
6.60000000000003e-08,2.0,5.280000000000024e-07,1.84,5.280000000000004e-06,2.0,5.280000000000004e-06,2.0,0.0005279999999999972,3.84
6.800000000000003e-08,2.0,5.440000000000002e-07,1.84,5.440000000000002e-06,2.0,5.440000000000002e-06,2.04,0.0005439999999999993,3.84
7.000000000000018e-08,2.0,5.600000000000014e-07,1.84,5.600000000000001e-06,2.0,5.600000000000001e-06,2.0,0.000559999999999998,3.88
7.200000000000033e-08,2.0,5.760000000000026e-07,1.84,5.759999999999999e-06,2.0,5.759999999999999e-06,2.0,0.0005760000000000001,3.88
7.400000000000005e-08,1.92,5.920000000000004e-07,1.84,5.9199999999999975e-06,2.04,5.9199999999999975e-06,2.04,0.0005919999999999988,3.88
7.60000000000002e-08,1.8800000000000001,6.080000000000016e-07,1.84,6.079999999999996e-06,2.04,6.079999999999996e-06,2.0,0.0006079999999999974,3.88
7.800000000000035e-08,1.8,6.240000000000028e-07,1.84,6.2399999999999945e-06,2.0,6.2399999999999945e-06,2.0,0.0006239999999999996,3.88
8.000000000000008e-08,1.8,6.400000000000006e-07,1.84,6.399999999999993e-06,2.0,6.399999999999993e-06,2.0,0.0006399999999999982,3.88
8.200000000000023e-08,1.76,6.560000000000019e-07,1.8,6.559999999999991e-06,2.0,6.559999999999991e-06,2.0,0.0006560000000000003,3.92
8.400000000000038e-08,1.76,6.72000000000003e-07,1.84,6.71999999999999e-06,2.0,6.71999999999999e-06,2.0,0.000671999999999999,3.92
8.600000000000011e-08,1.72,6.880000000000009e-07,1.84,6.879999999999988e-06,2.0,6.879999999999988e-06,2.0,0.0006879999999999976,3.92
8.800000000000026e-08,1.72,7.040000000000021e-07,1.84,7.039999999999987e-06,2.0,7.039999999999987e-06,2.0,0.0007039999999999998,3.92
9.000000000000041e-08,1.72,7.200000000000033e-07,1.84,7.199999999999985e-06,2.0,7.199999999999985e-06,2.0,0.0007199999999999984,3.92
9.200000000000014e-08,1.76,7.360000000000011e-07,1.84,7.359999999999984e-06,2.0,7.359999999999984e-06,2.0,0.0007360000000000005,3.92
9.400000000000029e-08,1.76,7.520000000000023e-07,1.84,7.519999999999982e-06,2.0,7.519999999999982e-06,2.0,0.0007519999999999992,3.96
9.600000000000001e-08,1.8,7.680000000000001e-07,1.84,7.67999999999998e-06,2.0,7.67999999999998e-06,2.0,0.0007679999999999979,3.92
9.800000000000016e-08,1.8,7.840000000000013e-07,1.84,7.839999999999979e-06,2.0,7.839999999999979e-06,2.0,0.000784,3.96
1.0000000000000031e-07,1.84,8.000000000000025e-07,1.8,7.999999999999978e-06,1.96,7.999999999999978e-06,1.96,0.0007999999999999986,3.92
1.0200000000000004e-07,1.84,8.160000000000003e-07,1.84,8.160000000000003e-06,1.96,8.160000000000003e-06,1.96,0.0008159999999999973,3.96
1.0400000000000019e-07,1.8800000000000001,8.320000000000015e-07,1.84,8.320000000000002e-06,2.0,8.320000000000002e-06,2.0,0.0008319999999999994,3.96
1.0600000000000034e-07,1.84,8.480000000000027e-07,1.84,8.48e-06,1.96,8.48e-06,1.96,0.0008479999999999981,3.96
1.0800000000000007e-07,1.84,8.640000000000005e-07,1.84,8.639999999999999e-06,2.0,8.639999999999999e-06,2.0,0.0008640000000000002,3.92
1.1000000000000022e-07,1.84,8.800000000000017e-07,1.84,8.799999999999997e-06,2.0,8.799999999999997e-06,1.96,0.0008799999999999988,3.92
1.1200000000000037e-07,1.84,8.960000000000029e-07,1.8,8.959999999999996e-06,1.96,8.959999999999996e-06,1.96,0.0008959999999999975,3.96
1.140000000000001e-07,1.8,9.120000000000008e-07,1.8,9.119999999999994e-06,1.96,9.119999999999994e-06,2.0,0.0009119999999999996,3.96
1.1600000000000024e-07,1.8,9.28000000000002e-07,1.84,9.279999999999992e-06,1.96,9.279999999999992e-06,1.96,0.0009279999999999983,3.96
1.180000000000004e-07,1.8,9.440000000000032e-07,1.84,9.439999999999991e-06,1.96,9.439999999999991e-06,1.96,0.0009440000000000004,3.96
1.2000000000000012e-07,1.8,9.60000000000001e-07,1.84,9.59999999999999e-06,1.96,9.59999999999999e-06,2.0,0.000959999999999999,3.96
1.2200000000000027e-07,1.8,9.760000000000022e-07,1.84,9.759999999999988e-06,1.96,9.759999999999988e-06,1.96,0.0009759999999999977,3.96
1.2400000000000042e-07,1.8,9.920000000000034e-07,1.84,9.919999999999986e-06,1.96,9.919999999999986e-06,1.96,0.0009919999999999998,3.96
1.2600000000000015e-07,1.8,1.0080000000000012e-06,1.84,1.0079999999999985e-05,1.96,1.0079999999999985e-05,1.96,0.0010079999999999985,3.96
1.280000000000003e-07,1.84,1.0240000000000024e-06,1.84,1.0239999999999983e-05,1.92,1.0239999999999983e-05,1.96,0.0010240000000000006,3.96
1.3000000000000003e-07,1.84,1.0400000000000002e-06,1.84,1.0399999999999982e-05,1.96,1.0399999999999982e-05,1.96,0.0010399999999999993,3.96
1.3200000000000018e-07,1.84,1.0560000000000014e-06,1.8,1.055999999999998e-05,1.96,1.055999999999998e-05,1.96,0.001055999999999998,3.96
1.3400000000000033e-07,1.84,1.0720000000000026e-06,1.8,1.0719999999999979e-05,1.96,1.0719999999999979e-05,1.92,0.001072,3.96
1.3600000000000005e-07,1.84,1.0880000000000004e-06,1.84,1.0879999999999977e-05,1.96,1.0879999999999977e-05,1.96,0.0010879999999999987,3.96
1.380000000000002e-07,1.84,1.1040000000000016e-06,1.84,1.1040000000000003e-05,1.96,1.1040000000000003e-05,1.96,0.0011039999999999973,4.0
1.4000000000000035e-07,1.84,1.1200000000000028e-06,1.84,1.1200000000000001e-05,1.96,1.1200000000000001e-05,1.92,0.0011199999999999995,4.0
1.4200000000000008e-07,1.84,1.1360000000000006e-06,1.84,1.136e-05,1.96,1.136e-05,1.96,0.0011359999999999981,3.96
1.4400000000000023e-07,1.8,1.1520000000000018e-06,1.84,1.1519999999999998e-05,1.96,1.1519999999999998e-05,1.92,0.0011520000000000002,3.96
1.4600000000000038e-07,1.8,1.168000000000003e-06,1.8,1.1679999999999997e-05,1.92,1.1679999999999997e-05,1.8800000000000001,0.001167999999999999,3.96
1.480000000000001e-07,1.8,1.1840000000000009e-06,1.84,1.1839999999999995e-05,1.96,1.1839999999999995e-05,1.92,0.0011839999999999976,4.0
1.5000000000000026e-07,1.8,1.200000000000002e-06,1.84,1.1999999999999994e-05,1.92,1.1999999999999994e-05,1.92,0.0011999999999999997,3.96
1.520000000000004e-07,1.76,1.2160000000000033e-06,1.8,1.2159999999999992e-05,1.92,1.2159999999999992e-05,1.92,0.0012159999999999983,4.0
1.5400000000000013e-07,1.76,1.232000000000001e-06,1.84,1.231999999999999e-05,1.96,1.231999999999999e-05,1.92,0.0012320000000000005,3.96
1.5600000000000029e-07,1.76,1.2480000000000023e-06,1.84,1.2479999999999989e-05,1.92,1.2479999999999989e-05,1.92,0.0012479999999999991,4.0
1.5800000000000044e-07,1.8,1.2640000000000035e-06,1.84,1.2639999999999987e-05,1.92,1.2639999999999987e-05,1.8800000000000001,0.0012639999999999978,3.96
1.6000000000000016e-07,1.8,1.2800000000000013e-06,1.8,1.2799999999999986e-05,1.96,1.2799999999999986e-05,1.92,0.0012799999999999999,3.96
1.620000000000003e-07,1.8,1.2960000000000025e-06,1.8,1.2959999999999984e-05,1.92,1.2959999999999984e-05,1.8800000000000001,0.0012959999999999985,3.96
1.6400000000000004e-07,1.8,1.3120000000000003e-06,1.8,1.3119999999999983e-05,1.92,1.3119999999999983e-05,1.8800000000000001,0.0013119999999999972,3.96
1.660000000000002e-07,1.84,1.3280000000000015e-06,1.84,1.3279999999999981e-05,1.92,1.3279999999999981e-05,1.92,0.0013279999999999993,4.0
1.6800000000000034e-07,1.84,1.3440000000000027e-06,1.84,1.343999999999998e-05,1.92,1.343999999999998e-05,1.92,0.001343999999999998,3.96
1.7000000000000007e-07,1.84,1.3600000000000005e-06,1.84,1.3599999999999978e-05,1.92,1.3599999999999978e-05,1.92,0.00136,3.96
1.7200000000000022e-07,1.84,1.3760000000000017e-06,1.84,1.3760000000000004e-05,1.92,1.3760000000000004e-05,1.92,0.0013759999999999988,4.0
1.7400000000000037e-07,1.84,1.392000000000003e-06,1.84,1.3920000000000002e-05,1.8800000000000001,1.3920000000000002e-05,1.92,0.0013919999999999974,3.96
1.760000000000001e-07,1.84,1.4080000000000007e-06,1.84,1.408e-05,1.92,1.408e-05,1.8800000000000001,0.0014079999999999995,3.96
1.7800000000000024e-07,1.84,1.424000000000002e-06,1.84,1.424e-05,1.8800000000000001,1.424e-05,1.8800000000000001,0.0014239999999999982,4.0
1.800000000000004e-07,1.84,1.4400000000000032e-06,1.8,1.4399999999999998e-05,1.8800000000000001,1.4399999999999998e-05,1.8800000000000001,0.0014400000000000003,3.96
1.8200000000000012e-07,1.8,1.456000000000001e-06,1.84,1.4559999999999996e-05,1.8800000000000001,1.4559999999999996e-05,1.8800000000000001,0.001455999999999999,3.96
1.8400000000000027e-07,1.8,1.4720000000000022e-06,1.84,1.4719999999999995e-05,1.92,1.4719999999999995e-05,1.8800000000000001,0.0014719999999999976,4.0
1.8600000000000042e-07,1.8,1.4880000000000034e-06,1.8,1.4879999999999993e-05,1.8800000000000001,1.4879999999999993e-05,1.8800000000000001,0.0014879999999999997,4.0
1.8800000000000015e-07,1.8,1.5040000000000012e-06,1.84,1.5039999999999992e-05,1.8800000000000001,1.5039999999999992e-05,1.8800000000000001,0.0015039999999999984,3.96
1.900000000000003e-07,1.8,1.5200000000000024e-06,1.84,1.519999999999999e-05,1.8800000000000001,1.519999999999999e-05,1.8800000000000001,0.0015200000000000005,3.96
1.9200000000000003e-07,1.8,1.5360000000000002e-06,1.8,1.535999999999999e-05,1.92,1.535999999999999e-05,1.8800000000000001,0.0015359999999999992,3.96
1.9400000000000018e-07,1.8,1.5520000000000014e-06,1.84,1.5519999999999987e-05,1.8800000000000001,1.5519999999999987e-05,1.8800000000000001,0.0015519999999999978,3.96
1.9600000000000033e-07,1.8,1.5680000000000026e-06,1.84,1.5679999999999985e-05,1.8800000000000001,1.5679999999999985e-05,1.8800000000000001,0.001568,3.96
1.9800000000000005e-07,1.8,1.5840000000000004e-06,1.8,1.5839999999999984e-05,1.8800000000000001,1.5839999999999984e-05,1.8800000000000001,0.0015839999999999986,3.96
2.000000000000002e-07,1.84,1.6000000000000016e-06,1.84,1.5999999999999982e-05,1.8800000000000001,1.5999999999999982e-05,1.8800000000000001,0.0015999999999999973,4.0
2.0200000000000035e-07,1.84,1.6160000000000028e-06,1.8,1.615999999999998e-05,1.8800000000000001,1.615999999999998e-05,1.8800000000000001,0.0016159999999999994,3.96
2.0400000000000008e-07,1.84,1.6320000000000006e-06,1.8,1.631999999999998e-05,1.8800000000000001,1.631999999999998e-05,1.8800000000000001,0.001631999999999998,3.96
2.0600000000000023e-07,1.84,1.6480000000000018e-06,1.84,1.6479999999999978e-05,1.8800000000000001,1.6479999999999978e-05,1.8800000000000001,0.0016480000000000002,4.0
2.0800000000000038e-07,1.84,1.664000000000003e-06,1.8,1.6640000000000003e-05,1.84,1.6640000000000003e-05,1.8800000000000001,0.0016639999999999988,3.96
2.100000000000001e-07,1.84,1.6800000000000009e-06,1.8,1.6800000000000002e-05,1.84,1.6800000000000002e-05,1.8800000000000001,0.0016799999999999975,4.0
2.1200000000000026e-07,1.84,1.696000000000002e-06,1.8,1.696e-05,1.84,1.696e-05,1.84,0.0016959999999999996,3.96
2.140000000000004e-07,1.84,1.7120000000000033e-06,1.84,1.712e-05,1.84,1.712e-05,1.84,0.0017119999999999982,3.96
2.1600000000000013e-07,1.8,1.728000000000001e-06,1.8,1.7279999999999997e-05,1.8800000000000001,1.7279999999999997e-05,1.84,0.0017280000000000004,3.96
2.1800000000000028e-07,1.8,1.7440000000000023e-06,1.84,1.7439999999999996e-05,1.84,1.7439999999999996e-05,1.8800000000000001,0.001743999999999999,4.0
2.2000000000000043e-07,1.8,1.7600000000000035e-06,1.8,1.7599999999999994e-05,1.8800000000000001,1.7599999999999994e-05,1.84,0.0017599999999999977,3.96
2.2200000000000016e-07,1.84,1.7760000000000013e-06,1.8,1.7759999999999993e-05,1.8800000000000001,1.7759999999999993e-05,1.8800000000000001,0.0017759999999999998,4.0
2.240000000000003e-07,1.8,1.7920000000000025e-06,1.8,1.791999999999999e-05,1.84,1.791999999999999e-05,1.8800000000000001,0.0017919999999999985,4.0
2.2600000000000004e-07,1.76,1.8080000000000003e-06,1.8,1.807999999999999e-05,1.84,1.807999999999999e-05,1.84,0.0018080000000000006,3.96
2.280000000000002e-07,1.76,1.8240000000000015e-06,1.8,1.8239999999999988e-05,1.84,1.8239999999999988e-05,1.84,0.0018239999999999992,4.0
2.3000000000000034e-07,1.8,1.8400000000000027e-06,1.84,1.8399999999999986e-05,1.8,1.8399999999999986e-05,1.84,0.0018399999999999979,4.0
2.3200000000000007e-07,1.8,1.8560000000000005e-06,1.8,1.8559999999999985e-05,1.84,1.8559999999999985e-05,1.84,0.001856,4.0
2.3400000000000022e-07,1.8,1.8720000000000017e-06,1.84,1.8719999999999983e-05,1.8800000000000001,1.8719999999999983e-05,1.84,0.0018719999999999987,3.96
2.3600000000000037e-07,1.8,1.888000000000003e-06,1.8,1.8879999999999982e-05,1.84,1.8879999999999982e-05,1.84,0.0018879999999999973,4.0
2.380000000000001e-07,1.8,1.9040000000000007e-06,1.8,1.903999999999998e-05,1.84,1.903999999999998e-05,1.84,0.0019039999999999994,4.0
2.4000000000000024e-07,1.84,1.920000000000002e-06,1.84,1.919999999999998e-05,1.84,1.919999999999998e-05,1.84,0.001919999999999998,3.96
2.420000000000004e-07,1.84,1.936000000000003e-06,1.8,1.9359999999999977e-05,1.84,1.9359999999999977e-05,1.84,0.0019360000000000002,4.0
2.440000000000001e-07,1.84,1.952000000000001e-06,1.84,1.9520000000000003e-05,1.84,1.9520000000000003e-05,1.84,0.0019519999999999989,3.96
2.4600000000000027e-07,1.8,1.968000000000002e-06,1.84,1.968e-05,1.84,1.968e-05,1.84,0.0019679999999999975,4.0
2.480000000000004e-07,1.8,1.9840000000000034e-06,1.8,1.984e-05,1.84,1.984e-05,1.8,0.0019839999999999997,3.96
2.5000000000000015e-07,1.8,2.000000000000001e-06,1.8,1.9999999999999998e-05,1.8800000000000001,1.9999999999999998e-05,1.8,0.0019999999999999983,3.96
2.520000000000003e-07,1.84,2.0160000000000024e-06,1.84,2.0159999999999997e-05,1.84,2.0159999999999997e-05,1.8,0.0020160000000000004,4.0
2.54e-07,1.8,2.032e-06,1.8,2.0319999999999995e-05,1.84,2.0319999999999995e-05,1.84,0.002031999999999999,4.0
2.560000000000002e-07,1.8,2.0480000000000014e-06,1.84,2.0479999999999994e-05,1.84,2.0479999999999994e-05,1.84,0.0020479999999999977,3.96
2.580000000000003e-07,1.8,2.0640000000000026e-06,1.8,2.0639999999999992e-05,1.8,2.0639999999999992e-05,1.8,0.002064,3.96
2.6000000000000005e-07,1.8,2.0800000000000004e-06,1.84,2.079999999999999e-05,1.84,2.079999999999999e-05,1.8,0.0020799999999999985,3.96
2.620000000000002e-07,1.8,2.0960000000000016e-06,1.8,2.095999999999999e-05,1.84,2.095999999999999e-05,1.84,0.002095999999999997,4.0
2.6400000000000035e-07,1.8,2.112000000000003e-06,1.8,2.1119999999999988e-05,1.8,2.1119999999999988e-05,1.8,0.0021119999999999993,3.96
2.660000000000001e-07,1.8,2.1280000000000006e-06,1.8,2.1279999999999986e-05,1.84,2.1279999999999986e-05,1.8,0.002127999999999998,4.0
2.6800000000000023e-07,1.8,2.144000000000002e-06,1.8,2.1439999999999984e-05,1.8,2.1439999999999984e-05,1.8,0.002144,3.96
2.700000000000004e-07,1.84,2.160000000000003e-06,1.8,2.1599999999999983e-05,1.8,2.1599999999999983e-05,1.84,0.0021599999999999987,3.96
2.720000000000001e-07,1.84,2.176000000000001e-06,1.8,2.175999999999998e-05,1.84,2.175999999999998e-05,1.8,0.0021759999999999974,4.0
2.7400000000000026e-07,1.84,2.192000000000002e-06,1.84,2.191999999999998e-05,1.84,2.191999999999998e-05,1.76,0.0021919999999999995,4.0
2.760000000000004e-07,1.84,2.2080000000000033e-06,1.8,2.207999999999998e-05,1.8,2.207999999999998e-05,1.8,0.002207999999999998,3.96
2.7800000000000013e-07,1.84,2.224000000000001e-06,1.84,2.2240000000000004e-05,1.84,2.2240000000000004e-05,1.8,0.0022240000000000003,4.0
2.800000000000003e-07,1.84,2.2400000000000023e-06,1.8,2.2400000000000002e-05,1.8,2.2400000000000002e-05,1.8,0.002239999999999999,4.0
2.8200000000000043e-07,1.84,2.2560000000000035e-06,1.8,2.256e-05,1.8,2.256e-05,1.76,0.0022559999999999976,4.0
2.8400000000000016e-07,1.8,2.2720000000000013e-06,1.8,2.272e-05,1.8,2.272e-05,1.76,0.0022719999999999997,4.0
2.860000000000003e-07,1.8,2.2880000000000025e-06,1.84,2.2879999999999998e-05,1.8,2.2879999999999998e-05,1.8,0.0022879999999999984,3.96
2.8800000000000004e-07,1.8,2.3040000000000003e-06,1.8,2.3039999999999996e-05,1.8,2.3039999999999996e-05,1.8,0.0023040000000000005,4.0
2.900000000000002e-07,1.8,2.3200000000000015e-06,1.84,2.3199999999999995e-05,1.8,2.3199999999999995e-05,1.8,0.002319999999999999,4.0
2.9200000000000034e-07,1.8,2.3360000000000027e-06,1.8,2.3359999999999993e-05,1.8,2.3359999999999993e-05,1.8,0.002335999999999998,3.96
2.9400000000000007e-07,1.8,2.3520000000000005e-06,1.8,2.351999999999999e-05,1.76,2.351999999999999e-05,1.76,0.002352,3.96
2.960000000000002e-07,1.8,2.3680000000000017e-06,1.8,2.367999999999999e-05,1.8,2.367999999999999e-05,1.76,0.0023679999999999986,3.96
2.9800000000000037e-07,1.8,2.384000000000003e-06,1.8,2.383999999999999e-05,1.8,2.383999999999999e-05,1.76,0.0023839999999999972,4.0
3.000000000000001e-07,1.8,2.4000000000000007e-06,1.8,2.3999999999999987e-05,1.8,2.3999999999999987e-05,1.76,0.0023999999999999994,3.96
3.0200000000000024e-07,1.8,2.416000000000002e-06,1.84,2.4159999999999986e-05,1.76,2.4159999999999986e-05,1.76,0.002415999999999998,4.0
3.040000000000004e-07,1.8,2.432000000000003e-06,1.84,2.4319999999999984e-05,1.76,2.4319999999999984e-05,1.8,0.002432,3.96
3.060000000000001e-07,1.84,2.448000000000001e-06,1.8,2.4479999999999982e-05,1.76,2.4479999999999982e-05,1.8,0.002447999999999999,4.0
3.0800000000000027e-07,1.84,2.464000000000002e-06,1.8,2.463999999999998e-05,1.76,2.463999999999998e-05,1.8,0.0024639999999999974,3.96
3.100000000000004e-07,1.8,2.4800000000000034e-06,1.8,2.479999999999998e-05,1.76,2.479999999999998e-05,1.76,0.0024799999999999996,3.96
3.1200000000000015e-07,1.8,2.496000000000001e-06,1.8,2.4959999999999978e-05,1.76,2.4959999999999978e-05,1.76,0.0024959999999999982,4.0
3.140000000000003e-07,1.84,2.5120000000000024e-06,1.8,2.5120000000000003e-05,1.76,2.5120000000000003e-05,1.76,0.0025120000000000003,4.0
3.16e-07,1.84,2.528e-06,1.8,2.5280000000000002e-05,1.76,2.5280000000000002e-05,1.76,0.002527999999999999,4.0
3.180000000000002e-07,1.84,2.5440000000000014e-06,1.76,2.544e-05,1.76,2.544e-05,1.76,0.0025439999999999977,4.0
3.200000000000003e-07,1.84,2.5600000000000026e-06,1.8,2.56e-05,1.76,2.56e-05,1.76,0.0025599999999999998,4.0
3.2200000000000005e-07,1.8,2.5760000000000004e-06,1.8,2.5759999999999997e-05,1.76,2.5759999999999997e-05,1.76,0.0025759999999999984,3.96
3.240000000000002e-07,1.8,2.5920000000000016e-06,1.8,2.5919999999999996e-05,1.76,2.5919999999999996e-05,1.76,0.0025920000000000006,3.96
3.2600000000000035e-07,1.8,2.608000000000003e-06,1.8,2.6079999999999994e-05,1.76,2.6079999999999994e-05,1.76,0.002607999999999999,4.0
3.280000000000001e-07,1.8,2.6240000000000006e-06,1.8,2.6239999999999993e-05,1.76,2.6239999999999993e-05,1.72,0.002623999999999998,4.0
3.3000000000000023e-07,1.8,2.640000000000002e-06,1.8,2.639999999999999e-05,1.76,2.639999999999999e-05,1.76,0.00264,4.0
3.320000000000004e-07,1.76,2.656000000000003e-06,1.8,2.655999999999999e-05,1.76,2.655999999999999e-05,1.76,0.0026559999999999986,4.0
3.340000000000001e-07,1.8,2.672000000000001e-06,1.8,2.6719999999999988e-05,1.76,2.6719999999999988e-05,1.76,0.0026719999999999973,4.0
3.3600000000000026e-07,1.8,2.688000000000002e-06,1.8,2.6879999999999987e-05,1.76,2.6879999999999987e-05,1.72,0.0026879999999999994,4.0
3.380000000000004e-07,1.8,2.7040000000000032e-06,1.8,2.7039999999999985e-05,1.72,2.7039999999999985e-05,1.76,0.002703999999999998,3.96
3.4000000000000013e-07,1.8,2.720000000000001e-06,1.8,2.7199999999999984e-05,1.76,2.7199999999999984e-05,1.76,0.00272,4.0
3.420000000000003e-07,1.8,2.7360000000000023e-06,1.8,2.7359999999999982e-05,1.76,2.7359999999999982e-05,1.76,0.002735999999999999,4.0
3.4400000000000043e-07,1.8,2.7520000000000035e-06,1.8,2.751999999999998e-05,1.76,2.751999999999998e-05,1.76,0.0027519999999999975,3.96
3.4600000000000016e-07,1.84,2.7680000000000013e-06,1.8,2.767999999999998e-05,1.76,2.767999999999998e-05,1.72,0.0027679999999999996,3.96
3.480000000000003e-07,1.84,2.7840000000000025e-06,1.8,2.7839999999999977e-05,1.76,2.7839999999999977e-05,1.72,0.0027839999999999983,3.96
3.5000000000000004e-07,1.8,2.8000000000000003e-06,1.8,2.8000000000000003e-05,1.72,2.8000000000000003e-05,1.76,0.0028000000000000004,4.0
3.520000000000002e-07,1.8,2.8160000000000015e-06,1.76,2.816e-05,1.76,2.816e-05,1.72,0.002815999999999999,3.96
3.5400000000000034e-07,1.8,2.8320000000000027e-06,1.84,2.832e-05,1.72,2.832e-05,1.72,0.0028319999999999977,3.96
3.5600000000000006e-07,1.84,2.8480000000000005e-06,1.8,2.848e-05,1.72,2.848e-05,1.72,0.002848,3.96
3.580000000000002e-07,1.84,2.8640000000000017e-06,1.8,2.8639999999999997e-05,1.76,2.8639999999999997e-05,1.72,0.0028639999999999985,3.96
3.6000000000000036e-07,1.8,2.880000000000003e-06,1.8,2.8799999999999995e-05,1.72,2.8799999999999995e-05,1.68,0.002879999999999997,3.96
3.620000000000001e-07,1.8,2.8960000000000007e-06,1.76,2.8959999999999994e-05,1.76,2.8959999999999994e-05,1.72,0.0028959999999999993,3.96
3.6400000000000024e-07,1.8,2.912000000000002e-06,1.8,2.9119999999999992e-05,1.76,2.9119999999999992e-05,1.72,0.002911999999999998,4.0
3.660000000000004e-07,1.8,2.928000000000003e-06,1.8,2.927999999999999e-05,1.72,2.927999999999999e-05,1.68,0.002928,3.96
3.680000000000001e-07,1.8,2.944000000000001e-06,1.8,2.943999999999999e-05,1.72,2.943999999999999e-05,1.72,0.0029439999999999987,3.96
3.7000000000000027e-07,1.8,2.960000000000002e-06,1.8,2.9599999999999988e-05,1.72,2.9599999999999988e-05,1.72,0.0029599999999999974,4.0
3.720000000000004e-07,1.8,2.9760000000000034e-06,1.8,2.9759999999999986e-05,1.72,2.9759999999999986e-05,1.68,0.0029759999999999995,3.96
3.7400000000000015e-07,1.8,2.992000000000001e-06,1.8,2.9919999999999985e-05,1.72,2.9919999999999985e-05,1.72,0.002991999999999998,4.0
3.760000000000003e-07,1.8,3.0080000000000024e-06,1.8,3.0079999999999983e-05,1.72,3.0079999999999983e-05,1.68,0.0030080000000000003,4.0
3.7800000000000045e-07,1.84,3.0240000000000036e-06,1.8,3.023999999999998e-05,1.72,3.023999999999998e-05,1.68,0.003023999999999999,3.96
3.8000000000000017e-07,1.84,3.0400000000000014e-06,1.8,3.039999999999998e-05,1.72,3.039999999999998e-05,1.68,0.0030399999999999976,3.96
3.820000000000003e-07,1.8,3.0560000000000026e-06,1.8,3.055999999999998e-05,1.72,3.055999999999998e-05,1.68,0.0030559999999999997,3.96
3.8400000000000005e-07,1.8,3.0720000000000004e-06,1.8,3.0720000000000004e-05,1.68,3.0720000000000004e-05,1.68,0.0030719999999999983,4.0
3.860000000000002e-07,1.8,3.0880000000000016e-06,1.8,3.088e-05,1.72,3.088e-05,1.72,0.0030880000000000005,4.0
3.8800000000000035e-07,1.8,3.104000000000003e-06,1.8,3.104e-05,1.68,3.104e-05,1.68,0.003103999999999999,3.96
3.900000000000001e-07,1.84,3.1200000000000006e-06,1.8,3.12e-05,1.68,3.12e-05,1.68,0.0031199999999999978,3.96
3.9200000000000023e-07,1.84,3.136000000000002e-06,1.76,3.136e-05,1.68,3.136e-05,1.68,0.003136,4.0
3.940000000000004e-07,1.84,3.152000000000003e-06,1.8,3.1519999999999996e-05,1.72,3.1519999999999996e-05,1.68,0.0031519999999999986,3.96
3.960000000000001e-07,1.8,3.168000000000001e-06,1.8,3.1679999999999995e-05,1.68,3.1679999999999995e-05,1.68,0.003167999999999997,3.96
3.9800000000000026e-07,1.8,3.184000000000002e-06,1.8,3.183999999999999e-05,1.72,3.183999999999999e-05,1.68,0.0031839999999999993,3.96
4.000000000000004e-07,1.8,3.2000000000000032e-06,1.8,3.199999999999999e-05,1.68,3.199999999999999e-05,1.68,0.003199999999999998,4.0
4.0200000000000013e-07,1.8,3.216000000000001e-06,1.8,3.215999999999999e-05,1.68,3.215999999999999e-05,1.68,0.003216,3.96
4.040000000000003e-07,1.8,3.2320000000000023e-06,1.8,3.231999999999999e-05,1.68,3.231999999999999e-05,1.6400000000000001,0.0032319999999999988,3.96
4.0600000000000043e-07,1.8,3.2480000000000035e-06,1.8,3.247999999999999e-05,1.68,3.247999999999999e-05,1.68,0.0032479999999999974,4.0
4.0800000000000016e-07,1.8,3.2640000000000013e-06,1.8,3.2639999999999986e-05,1.68,3.2639999999999986e-05,1.68,0.0032639999999999995,3.96
4.100000000000003e-07,1.84,3.2800000000000025e-06,1.84,3.2799999999999984e-05,1.68,3.2799999999999984e-05,1.68,0.003279999999999998,3.96
4.1200000000000004e-07,1.84,3.2960000000000003e-06,1.8,3.295999999999998e-05,1.68,3.295999999999998e-05,1.68,0.0032960000000000003,4.0
4.140000000000002e-07,1.8,3.3120000000000015e-06,1.84,3.311999999999998e-05,1.68,3.311999999999998e-05,1.68,0.003311999999999999,4.0
4.1600000000000034e-07,1.8,3.3280000000000027e-06,1.8,3.327999999999998e-05,1.68,3.327999999999998e-05,1.68,0.0033279999999999976,3.96
4.1800000000000006e-07,1.8,3.3440000000000005e-06,1.8,3.343999999999998e-05,1.68,3.343999999999998e-05,1.68,0.0033439999999999998,4.0
4.200000000000002e-07,1.84,3.3600000000000017e-06,1.8,3.3600000000000004e-05,1.68,3.3600000000000004e-05,1.68,0.0033599999999999984,3.96
4.2200000000000036e-07,1.84,3.376000000000003e-06,1.8,3.376e-05,1.68,3.376e-05,1.68,0.003375999999999997,4.0
4.240000000000001e-07,1.8,3.3920000000000007e-06,1.8,3.392e-05,1.68,3.392e-05,1.68,0.003391999999999999,3.96
4.2600000000000024e-07,1.8,3.408000000000002e-06,1.8,3.408e-05,1.68,3.408e-05,1.68,0.003407999999999998,4.0
4.280000000000004e-07,1.8,3.424000000000003e-06,1.8,3.424e-05,1.68,3.424e-05,1.6400000000000001,0.003424,3.96
4.300000000000001e-07,1.84,3.440000000000001e-06,1.8,3.4399999999999996e-05,1.6400000000000001,3.4399999999999996e-05,1.6400000000000001,0.0034399999999999986,3.96
4.3200000000000027e-07,1.84,3.456000000000002e-06,1.8,3.4559999999999994e-05,1.68,3.4559999999999994e-05,1.6400000000000001,0.0034559999999999973,3.92
4.340000000000004e-07,1.8,3.4720000000000033e-06,1.8,3.471999999999999e-05,1.6400000000000001,3.471999999999999e-05,1.6400000000000001,0.0034719999999999994,3.96
4.3600000000000015e-07,1.8,3.488000000000001e-06,1.8,3.487999999999999e-05,1.6400000000000001,3.487999999999999e-05,1.6400000000000001,0.003487999999999998,3.96
4.380000000000003e-07,1.8,3.5040000000000024e-06,1.8,3.503999999999999e-05,1.68,3.503999999999999e-05,1.6400000000000001,0.003504,4.0
4.4000000000000045e-07,1.84,3.5200000000000036e-06,1.8,3.519999999999999e-05,1.68,3.519999999999999e-05,1.6400000000000001,0.003519999999999999,4.0
4.4200000000000017e-07,1.84,3.5360000000000014e-06,1.8,3.535999999999999e-05,1.68,3.535999999999999e-05,1.68,0.0035359999999999975,4.0
4.440000000000003e-07,1.8,3.5520000000000026e-06,1.84,3.5519999999999985e-05,1.6400000000000001,3.5519999999999985e-05,1.68,0.0035519999999999996,3.96
4.4600000000000005e-07,1.8,3.5680000000000004e-06,1.8,3.5679999999999984e-05,1.6400000000000001,3.5679999999999984e-05,1.6400000000000001,0.0035679999999999983,3.96
4.480000000000002e-07,1.8,3.5840000000000016e-06,1.8,3.583999999999998e-05,1.6400000000000001,3.583999999999998e-05,1.6400000000000001,0.0035840000000000004,3.96
4.5000000000000035e-07,1.84,3.600000000000003e-06,1.8,3.599999999999998e-05,1.6400000000000001,3.599999999999998e-05,1.6400000000000001,0.003599999999999999,4.0
4.520000000000001e-07,1.84,3.6160000000000006e-06,1.8,3.615999999999998e-05,1.6400000000000001,3.615999999999998e-05,1.6400000000000001,0.0036159999999999977,3.96
4.5400000000000023e-07,1.84,3.632000000000002e-06,1.76,3.631999999999998e-05,1.68,3.631999999999998e-05,1.6,0.003632,4.0
4.560000000000004e-07,1.8,3.648000000000003e-06,1.8,3.648e-05,1.6400000000000001,3.648e-05,1.6400000000000001,0.0036479999999999985,4.0
4.580000000000001e-07,1.8,3.664000000000001e-06,1.8,3.664e-05,1.6400000000000001,3.664e-05,1.6400000000000001,0.003663999999999997,3.96
4.6000000000000025e-07,1.8,3.680000000000002e-06,1.8,3.68e-05,1.6400000000000001,3.68e-05,1.6400000000000001,0.0036799999999999992,4.0
4.620000000000004e-07,1.84,3.6960000000000032e-06,1.8,3.696e-05,1.6,3.696e-05,1.6,0.003695999999999998,3.96
4.6400000000000013e-07,1.8800000000000001,3.712000000000001e-06,1.76,3.712e-05,1.6400000000000001,3.712e-05,1.6400000000000001,0.003712,4.0
4.660000000000003e-07,1.92,3.7280000000000023e-06,1.8,3.7279999999999995e-05,1.6400000000000001,3.7279999999999995e-05,1.6400000000000001,0.0037279999999999987,4.0
4.6800000000000043e-07,2.0,3.7440000000000035e-06,1.8,3.7439999999999994e-05,1.68,3.7439999999999994e-05,1.6,0.0037439999999999973,3.96
4.7000000000000016e-07,2.08,3.7600000000000013e-06,1.8,3.759999999999999e-05,1.6400000000000001,3.759999999999999e-05,1.6,0.0037599999999999995,4.0
4.720000000000003e-07,2.08,3.7760000000000025e-06,1.76,3.775999999999999e-05,1.6400000000000001,3.775999999999999e-05,1.6400000000000001,0.003775999999999998,3.96
4.7400000000000004e-07,2.04,3.7920000000000003e-06,1.8,3.791999999999999e-05,1.6400000000000001,3.791999999999999e-05,1.6,0.0037920000000000002,4.0
4.760000000000002e-07,2.12,3.8080000000000015e-06,1.76,3.807999999999999e-05,1.6400000000000001,3.807999999999999e-05,1.6400000000000001,0.003807999999999999,4.0
4.780000000000003e-07,2.2,3.824000000000003e-06,1.8,3.8239999999999986e-05,1.6400000000000001,3.8239999999999986e-05,1.6,0.0038239999999999975,3.96
4.800000000000001e-07,2.24,3.8400000000000005e-06,1.8,3.8399999999999985e-05,1.6,3.8399999999999985e-05,1.6,0.0038399999999999997,4.04
4.820000000000002e-07,2.24,3.856000000000002e-06,1.76,3.855999999999998e-05,1.6400000000000001,3.855999999999998e-05,1.6,0.0038559999999999983,4.0
4.840000000000004e-07,2.32,3.872000000000003e-06,1.8,3.871999999999998e-05,1.6,3.871999999999998e-05,1.6,0.0038720000000000004,3.96
4.860000000000001e-07,2.4,3.888000000000001e-06,1.8,3.887999999999998e-05,1.6,3.887999999999998e-05,1.6,0.003887999999999999,4.0
4.880000000000002e-07,2.52,3.904000000000002e-06,1.76,3.903999999999998e-05,1.6400000000000001,3.903999999999998e-05,1.6,0.0039039999999999977,4.0
4.900000000000004e-07,2.52,3.920000000000003e-06,1.8,3.9200000000000004e-05,1.6,3.9200000000000004e-05,1.6,0.00392,4.0
4.920000000000001e-07,2.56,3.936000000000001e-06,1.8,3.936e-05,1.6,3.936e-05,1.6,0.0039359999999999985,3.96
4.940000000000003e-07,2.56,3.952000000000002e-06,1.76,3.952e-05,1.6,3.952e-05,1.6,0.003951999999999997,4.0
4.960000000000004e-07,2.56,3.968000000000003e-06,1.8,3.968e-05,1.6400000000000001,3.968e-05,1.6,0.003967999999999999,3.96
4.980000000000001e-07,2.56,3.984000000000001e-06,1.76,3.984e-05,1.6,3.984e-05,1.56,0.003983999999999998,3.96
5.000000000000003e-07,2.48,4.000000000000002e-06,1.8,3.9999999999999996e-05,1.6,3.9999999999999996e-05,1.6,0.004,4.0
5.020000000000004e-07,2.4,4.0160000000000036e-06,1.76,4.0159999999999995e-05,1.6,4.0159999999999995e-05,1.56,0.004015999999999999,3.96
5.040000000000002e-07,2.2800000000000002,4.032000000000001e-06,1.76,4.0319999999999993e-05,1.6,4.0319999999999993e-05,1.6,0.004031999999999997,4.0
5.060000000000003e-07,2.16,4.048000000000003e-06,1.76,4.047999999999999e-05,1.6,4.047999999999999e-05,1.56,0.0040479999999999995,4.0
5.08e-07,2.08,4.064e-06,1.8,4.063999999999999e-05,1.6,4.063999999999999e-05,1.56,0.004063999999999998,4.0
5.100000000000002e-07,1.96,4.080000000000002e-06,1.8,4.079999999999999e-05,1.56,4.079999999999999e-05,1.56,0.00408,4.0
5.120000000000003e-07,1.8800000000000001,4.096000000000003e-06,1.76,4.095999999999999e-05,1.6,4.095999999999999e-05,1.56,0.004095999999999999,3.96
5.140000000000001e-07,1.8,4.112000000000001e-06,1.8,4.1119999999999986e-05,1.56,4.1119999999999986e-05,1.56,0.004111999999999998,4.0
5.160000000000002e-07,1.72,4.128000000000002e-06,1.76,4.1279999999999984e-05,1.56,4.1279999999999984e-05,1.56,0.004128,4.0
5.180000000000004e-07,1.72,4.144000000000003e-06,1.76,4.143999999999998e-05,1.56,4.143999999999998e-05,1.56,0.004143999999999998,4.0
5.200000000000001e-07,1.72,4.160000000000001e-06,1.76,4.159999999999998e-05,1.56,4.159999999999998e-05,1.56,0.004159999999999997,3.96
5.220000000000003e-07,1.76,4.176000000000002e-06,1.76,4.175999999999998e-05,1.56,4.175999999999998e-05,1.56,0.004175999999999999,4.0
5.240000000000004e-07,1.84,4.192000000000003e-06,1.8,4.191999999999998e-05,1.6,4.191999999999998e-05,1.56,0.004191999999999998,4.0
5.260000000000001e-07,1.92,4.208000000000001e-06,1.8,4.2080000000000004e-05,1.56,4.2080000000000004e-05,1.56,0.004208,4.0
5.280000000000003e-07,2.0,4.224000000000002e-06,1.8,4.224e-05,1.56,4.224e-05,1.56,0.004223999999999999,3.96
5.300000000000004e-07,2.12,4.2400000000000035e-06,1.8,4.24e-05,1.56,4.24e-05,1.56,0.004239999999999997,3.96
5.320000000000002e-07,2.2800000000000002,4.256000000000001e-06,1.8,4.256e-05,1.56,4.256e-05,1.56,0.004255999999999999,3.96
5.340000000000003e-07,2.36,4.2720000000000025e-06,1.8,4.272e-05,1.56,4.272e-05,1.56,0.004271999999999998,4.0
5.360000000000005e-07,2.4,4.288000000000004e-06,1.76,4.2879999999999996e-05,1.56,4.2879999999999996e-05,1.56,0.004288,4.0
5.380000000000002e-07,2.44,4.3040000000000015e-06,1.8,4.3039999999999994e-05,1.56,4.3039999999999994e-05,1.52,0.004303999999999999,3.96
5.400000000000003e-07,2.48,4.320000000000003e-06,1.76,4.319999999999999e-05,1.56,4.319999999999999e-05,1.56,0.0043199999999999975,3.96
5.420000000000001e-07,2.48,4.3360000000000005e-06,1.8,4.335999999999999e-05,1.56,4.335999999999999e-05,1.52,0.004336,4.0
5.440000000000002e-07,2.44,4.352000000000002e-06,1.76,4.351999999999999e-05,1.56,4.351999999999999e-05,1.56,0.004351999999999998,3.96
5.460000000000004e-07,2.4,4.368000000000003e-06,1.76,4.367999999999999e-05,1.56,4.367999999999999e-05,1.56,0.004368,4.0
5.480000000000001e-07,2.32,4.384000000000001e-06,1.8,4.383999999999999e-05,1.56,4.383999999999999e-05,1.56,0.004383999999999999,3.96
5.500000000000002e-07,2.2800000000000002,4.400000000000002e-06,1.76,4.3999999999999985e-05,1.56,4.3999999999999985e-05,1.56,0.004399999999999998,3.96
5.520000000000004e-07,2.2,4.416000000000003e-06,1.8,4.4159999999999984e-05,1.56,4.4159999999999984e-05,1.56,0.004416,4.0
5.540000000000001e-07,2.12,4.432000000000001e-06,1.76,4.431999999999998e-05,1.52,4.431999999999998e-05,1.56,0.0044319999999999984,3.96
5.560000000000003e-07,2.04,4.448000000000002e-06,1.8,4.447999999999998e-05,1.56,4.447999999999998e-05,1.56,0.004447999999999997,4.0
5.580000000000004e-07,1.96,4.464000000000003e-06,1.76,4.463999999999998e-05,1.56,4.463999999999998e-05,1.56,0.004463999999999999,3.96
5.600000000000001e-07,1.96,4.480000000000001e-06,1.8,4.479999999999998e-05,1.52,4.479999999999998e-05,1.52,0.004479999999999998,4.0
5.620000000000003e-07,1.96,4.496000000000002e-06,1.76,4.496e-05,1.56,4.496e-05,1.56,0.004496,3.96
5.640000000000004e-07,1.96,4.5120000000000036e-06,1.8,4.512e-05,1.56,4.512e-05,1.56,0.004511999999999999,3.96
5.660000000000002e-07,1.96,4.528000000000001e-06,1.76,4.528e-05,1.52,4.528e-05,1.52,0.004527999999999997,3.96
5.680000000000003e-07,2.0,4.5440000000000026e-06,1.76,4.544e-05,1.56,4.544e-05,1.52,0.004543999999999999,4.0
5.7e-07,2.04,4.56e-06,1.8,4.56e-05,1.52,4.56e-05,1.56,0.004559999999999998,3.96
5.720000000000002e-07,2.12,4.576000000000002e-06,1.76,4.5759999999999996e-05,1.52,4.5759999999999996e-05,1.52,0.004576,4.0
5.740000000000003e-07,2.12,4.592000000000003e-06,1.8,4.5919999999999994e-05,1.56,4.5919999999999994e-05,1.52,0.004591999999999999,4.0
5.760000000000001e-07,2.16,4.608000000000001e-06,1.76,4.607999999999999e-05,1.56,4.607999999999999e-05,1.52,0.0046079999999999975,4.0
5.780000000000002e-07,2.2,4.624000000000002e-06,1.76,4.623999999999999e-05,1.52,4.623999999999999e-05,1.52,0.004624,3.96
5.800000000000004e-07,2.24,4.640000000000003e-06,1.76,4.639999999999999e-05,1.52,4.639999999999999e-05,1.52,0.004639999999999998,4.0
5.820000000000001e-07,2.24,4.656000000000001e-06,1.8,4.655999999999999e-05,1.56,4.655999999999999e-05,1.52,0.004656,4.0
5.840000000000003e-07,2.24,4.672000000000002e-06,1.8,4.6719999999999986e-05,1.52,4.6719999999999986e-05,1.52,0.004671999999999999,4.0
5.860000000000004e-07,2.24,4.688000000000003e-06,1.76,4.6879999999999985e-05,1.56,4.6879999999999985e-05,1.52,0.004687999999999998,3.96
5.880000000000001e-07,2.2,4.704000000000001e-06,1.8,4.703999999999998e-05,1.52,4.703999999999998e-05,1.52,0.004704,4.0
5.900000000000003e-07,2.2,4.720000000000002e-06,1.76,4.719999999999998e-05,1.52,4.719999999999998e-05,1.52,0.0047199999999999985,3.96
5.920000000000004e-07,2.16,4.7360000000000034e-06,1.76,4.735999999999998e-05,1.56,4.735999999999998e-05,1.52,0.004735999999999997,4.0
5.940000000000002e-07,2.12,4.752000000000001e-06,1.8,4.751999999999998e-05,1.52,4.751999999999998e-05,1.48,0.004751999999999999,3.96
5.960000000000003e-07,2.12,4.7680000000000025e-06,1.76,4.7680000000000004e-05,1.52,4.7680000000000004e-05,1.52,0.004767999999999998,4.0
5.980000000000005e-07,2.12,4.784000000000004e-06,1.8,4.784e-05,1.52,4.784e-05,1.52,0.004784,4.0
6.000000000000002e-07,2.12,4.8000000000000015e-06,1.76,4.8e-05,1.52,4.8e-05,1.52,0.004799999999999999,4.0
6.020000000000003e-07,2.12,4.816000000000003e-06,1.76,4.816e-05,1.52,4.816e-05,1.52,0.004815999999999997,3.96
6.040000000000001e-07,2.12,4.8320000000000005e-06,1.76,4.832e-05,1.52,4.832e-05,1.48,0.0048319999999999995,3.96
6.060000000000002e-07,2.12,4.848000000000002e-06,1.8,4.848e-05,1.48,4.848e-05,1.52,0.004847999999999998,3.96
6.080000000000004e-07,2.16,4.864000000000003e-06,1.8,4.8639999999999995e-05,1.48,4.8639999999999995e-05,1.48,0.004864,4.0
6.100000000000001e-07,2.16,4.880000000000001e-06,1.76,4.8799999999999994e-05,1.48,4.8799999999999994e-05,1.48,0.004879999999999999,3.96
6.120000000000002e-07,2.16,4.896000000000002e-06,1.8,4.895999999999999e-05,1.52,4.895999999999999e-05,1.48,0.004895999999999998,4.0
6.140000000000004e-07,2.16,4.912000000000003e-06,1.8,4.911999999999999e-05,1.48,4.911999999999999e-05,1.52,0.004912,3.96
6.160000000000001e-07,2.16,4.928000000000001e-06,2.24,4.927999999999999e-05,1.48,4.927999999999999e-05,1.52,0.004927999999999998,3.96
6.180000000000003e-07,2.16,4.944000000000002e-06,2.56,4.943999999999999e-05,2.0,4.943999999999999e-05,1.84,0.004943999999999997,3.96
6.200000000000004e-07,2.16,4.960000000000003e-06,1.84,4.9599999999999986e-05,1.8800000000000001,4.9599999999999986e-05,1.84,0.004959999999999999,3.3200000000000003
6.220000000000001e-07,2.16,4.976000000000001e-06,2.0,4.9759999999999984e-05,1.84,4.9759999999999984e-05,1.8800000000000001,0.004975999999999998,3.0
6.240000000000003e-07,2.12,4.992000000000002e-06,2.44,4.991999999999998e-05,1.84,4.991999999999998e-05,1.84,0.004992,2.68
6.260000000000004e-07,2.12,5.0080000000000036e-06,1.92,5.007999999999998e-05,1.84,5.007999999999998e-05,1.84,0.0050079999999999986,2.4
6.280000000000002e-07,2.12,5.024000000000001e-06,2.16,5.023999999999998e-05,1.84,5.023999999999998e-05,1.8800000000000001,0.005023999999999997,2.16
6.300000000000003e-07,2.12,5.0400000000000026e-06,2.12,5.039999999999998e-05,1.8800000000000001,5.039999999999998e-05,1.8800000000000001,0.005039999999999999,1.96
6.32e-07,2.12,5.056e-06,2.08,5.0560000000000004e-05,1.8800000000000001,5.0560000000000004e-05,1.8800000000000001,0.005055999999999998,1.8
6.340000000000002e-07,2.12,5.072000000000002e-06,2.12,5.072e-05,1.8800000000000001,5.072e-05,1.84,0.005072,1.6
6.360000000000003e-07,2.16,5.088000000000003e-06,2.12,5.088e-05,1.8800000000000001,5.088e-05,1.84,0.005087999999999999,1.44
6.380000000000001e-07,2.16,5.104000000000001e-06,2.12,5.104e-05,1.8800000000000001,5.104e-05,1.8800000000000001,0.005103999999999997,1.32
6.400000000000002e-07,2.16,5.120000000000002e-06,2.08,5.12e-05,1.84,5.12e-05,1.8800000000000001,0.0051199999999999996,1.16
6.420000000000004e-07,2.16,5.136000000000003e-06,2.16,5.1359999999999996e-05,1.8800000000000001,5.1359999999999996e-05,1.8800000000000001,0.005135999999999998,1.08
6.440000000000001e-07,2.16,5.152000000000001e-06,2.08,5.1519999999999995e-05,1.8800000000000001,5.1519999999999995e-05,1.92,0.005152,1.0
6.460000000000003e-07,2.2,5.168000000000002e-06,2.16,5.167999999999999e-05,1.8800000000000001,5.167999999999999e-05,1.8800000000000001,0.005167999999999999,0.88
6.480000000000004e-07,2.2,5.184000000000003e-06,2.08,5.183999999999999e-05,1.92,5.183999999999999e-05,1.8800000000000001,0.005183999999999998,0.8
6.500000000000001e-07,2.16,5.200000000000001e-06,2.12,5.199999999999999e-05,1.92,5.199999999999999e-05,1.92,0.0052,0.72
6.520000000000003e-07,2.16,5.216000000000002e-06,2.08,5.215999999999999e-05,1.8800000000000001,5.215999999999999e-05,1.92,0.005215999999999998,0.64
6.540000000000004e-07,2.16,5.2320000000000034e-06,2.12,5.231999999999999e-05,1.8800000000000001,5.231999999999999e-05,1.92,0.005231999999999997,0.64
6.560000000000002e-07,2.16,5.248000000000001e-06,2.12,5.2479999999999985e-05,1.8800000000000001,5.2479999999999985e-05,1.92,0.005247999999999999,0.56
6.580000000000003e-07,2.16,5.2640000000000025e-06,2.12,5.2639999999999984e-05,1.8800000000000001,5.2639999999999984e-05,1.8800000000000001,0.005263999999999998,0.52
6.600000000000005e-07,2.12,5.280000000000004e-06,2.12,5.279999999999998e-05,1.8800000000000001,5.279999999999998e-05,1.92,0.00528,0.44
6.620000000000002e-07,2.12,5.2960000000000015e-06,2.12,5.295999999999998e-05,1.92,5.295999999999998e-05,1.92,0.005295999999999999,0.44
6.640000000000003e-07,2.12,5.312000000000003e-06,2.16,5.311999999999998e-05,1.92,5.311999999999998e-05,1.92,0.005311999999999997,0.36
6.660000000000001e-07,2.12,5.3280000000000005e-06,2.12,5.3280000000000005e-05,1.92,5.3280000000000005e-05,1.92,0.005327999999999999,0.36
6.680000000000002e-07,2.12,5.344000000000002e-06,2.16,5.344e-05,1.92,5.344e-05,1.92,0.005343999999999998,0.32
6.700000000000004e-07,2.12,5.360000000000003e-06,2.12,5.36e-05,1.92,5.36e-05,1.92,0.00536,0.28
6.720000000000001e-07,2.12,5.376000000000001e-06,2.12,5.376e-05,1.92,5.376e-05,1.92,0.005375999999999999,0.28
6.740000000000002e-07,2.16,5.392000000000002e-06,2.12,5.392e-05,1.92,5.392e-05,1.92,0.0053919999999999975,0.24
6.760000000000004e-07,2.16,5.408000000000003e-06,2.12,5.408e-05,1.92,5.408e-05,1.92,0.005408,0.24
6.780000000000001e-07,2.16,5.424000000000001e-06,2.12,5.4239999999999996e-05,1.92,5.4239999999999996e-05,1.96,0.005423999999999998,0.2
6.800000000000003e-07,2.16,5.440000000000002e-06,2.12,5.4399999999999994e-05,1.92,5.4399999999999994e-05,1.92,0.00544,0.16
6.820000000000004e-07,2.16,5.456000000000003e-06,2.12,5.455999999999999e-05,1.96,5.455999999999999e-05,1.96,0.005455999999999999,0.2
6.840000000000001e-07,2.16,5.472000000000001e-06,2.12,5.471999999999999e-05,1.96,5.471999999999999e-05,1.96,0.005471999999999998,0.16
6.860000000000003e-07,2.16,5.488000000000002e-06,2.12,5.487999999999999e-05,1.96,5.487999999999999e-05,1.92,0.005488,0.2
6.880000000000004e-07,2.16,5.5040000000000035e-06,2.12,5.503999999999999e-05,1.96,5.503999999999999e-05,1.92,0.0055039999999999985,0.16
6.900000000000002e-07,2.16,5.520000000000001e-06,2.16,5.5199999999999986e-05,1.96,5.5199999999999986e-05,1.96,0.005519999999999997,0.16
6.920000000000003e-07,2.16,5.5360000000000026e-06,2.08,5.5359999999999985e-05,1.96,5.5359999999999985e-05,1.92,0.005535999999999999,0.12
6.94e-07,2.16,5.552e-06,2.12,5.5519999999999983e-05,1.92,5.5519999999999983e-05,1.92,0.005551999999999998,0.12
6.960000000000002e-07,2.16,5.568000000000002e-06,2.12,5.567999999999998e-05,1.96,5.567999999999998e-05,1.96,0.005568,0.12
6.980000000000003e-07,2.12,5.584000000000003e-06,2.12,5.583999999999998e-05,1.96,5.583999999999998e-05,1.96,0.005583999999999999,0.12
7.000000000000001e-07,2.12,5.600000000000001e-06,2.12,5.599999999999998e-05,1.96,5.599999999999998e-05,1.96,0.005599999999999997,0.08
7.020000000000002e-07,2.12,5.616000000000002e-06,2.12,5.6160000000000004e-05,1.96,5.6160000000000004e-05,1.96,0.0056159999999999995,0.12
7.040000000000004e-07,2.16,5.632000000000003e-06,2.12,5.632e-05,1.96,5.632e-05,1.96,0.005631999999999998,0.08
7.060000000000001e-07,2.16,5.648000000000001e-06,2.12,5.648e-05,1.96,5.648e-05,1.96,0.005648,0.08
7.080000000000003e-07,2.12,5.664000000000002e-06,2.12,5.664e-05,1.96,5.664e-05,1.96,0.005663999999999999,0.08
7.100000000000004e-07,2.12,5.680000000000003e-06,2.12,5.68e-05,1.96,5.68e-05,1.96,0.0056799999999999976,0.04
7.120000000000001e-07,2.16,5.696000000000001e-06,2.08,5.696e-05,1.96,5.696e-05,1.96,0.005696,0.08
7.140000000000003e-07,2.16,5.712000000000002e-06,2.16,5.7119999999999995e-05,1.96,5.7119999999999995e-05,1.96,0.005711999999999998,0.04
7.160000000000004e-07,2.16,5.7280000000000034e-06,2.08,5.7279999999999994e-05,1.96,5.7279999999999994e-05,1.96,0.005727999999999997,0.04
7.180000000000002e-07,2.16,5.744000000000001e-06,2.12,5.743999999999999e-05,2.0,5.743999999999999e-05,1.96,0.005743999999999999,0.08
7.200000000000003e-07,2.16,5.7600000000000024e-06,2.12,5.759999999999999e-05,2.0,5.759999999999999e-05,1.96,0.005759999999999998,0.04
7.220000000000005e-07,2.16,5.776000000000004e-06,2.12,5.775999999999999e-05,1.96,5.775999999999999e-05,2.0,0.005776,0.08
7.240000000000002e-07,2.16,5.7920000000000015e-06,2.12,5.791999999999999e-05,1.96,5.791999999999999e-05,1.96,0.0057919999999999985,0.08
7.260000000000003e-07,2.16,5.808000000000003e-06,2.12,5.8079999999999986e-05,1.96,5.8079999999999986e-05,1.96,0.005807999999999997,0.04
7.280000000000001e-07,2.16,5.8240000000000005e-06,2.12,5.8239999999999984e-05,1.96,5.8239999999999984e-05,2.0,0.005823999999999999,0.08
7.300000000000002e-07,2.16,5.840000000000002e-06,2.12,5.839999999999998e-05,2.0,5.839999999999998e-05,2.0,0.005839999999999998,0.04
7.320000000000004e-07,2.16,5.856000000000003e-06,2.12,5.855999999999998e-05,2.0,5.855999999999998e-05,2.0,0.005856,0.04
7.340000000000001e-07,2.16,5.872000000000001e-06,2.12,5.871999999999998e-05,1.96,5.871999999999998e-05,1.96,0.005871999999999999,0.04
7.360000000000002e-07,2.12,5.888000000000002e-06,2.12,5.887999999999998e-05,2.0,5.887999999999998e-05,2.0,0.005887999999999997,0.0
7.380000000000004e-07,2.12,5.904000000000003e-06,2.12,5.9040000000000004e-05,2.0,5.9040000000000004e-05,2.0,0.0059039999999999995,0.04
7.400000000000001e-07,2.12,5.920000000000001e-06,2.12,5.92e-05,2.0,5.92e-05,2.0,0.005919999999999998,0.0
7.420000000000003e-07,2.16,5.936000000000002e-06,2.12,5.936e-05,2.04,5.936e-05,2.0,0.005936,0.04
7.440000000000004e-07,2.16,5.952000000000003e-06,2.12,5.952e-05,2.0,5.952e-05,2.0,0.005951999999999999,0.04
7.460000000000001e-07,2.16,5.968000000000001e-06,2.12,5.968e-05,2.0,5.968e-05,2.0,0.005967999999999998,0.04
7.480000000000003e-07,2.12,5.984000000000002e-06,2.12,5.9839999999999996e-05,2.0,5.9839999999999996e-05,2.0,0.005984,0.04
7.500000000000004e-07,2.16,6.0000000000000035e-06,2.12,5.9999999999999995e-05,2.0,5.9999999999999995e-05,2.0,0.005999999999999998,0.04
7.520000000000002e-07,2.16,6.016000000000001e-06,2.12,6.015999999999999e-05,2.0,6.015999999999999e-05,2.04,0.006015999999999997,0.0
7.540000000000003e-07,2.16,6.0320000000000026e-06,2.12,6.031999999999999e-05,2.0,6.031999999999999e-05,2.0,0.006031999999999999,0.0
7.560000000000005e-07,2.16,6.048000000000004e-06,2.12,6.047999999999999e-05,2.0,6.047999999999999e-05,2.0,0.006047999999999998,0.0
7.580000000000002e-07,2.16,6.0640000000000016e-06,2.12,6.063999999999999e-05,2.04,6.063999999999999e-05,2.04,0.006064,0.04
7.600000000000003e-07,2.16,6.080000000000003e-06,2.12,6.079999999999999e-05,2.0,6.079999999999999e-05,2.0,0.006079999999999999,0.04
7.620000000000001e-07,2.16,6.096000000000001e-06,2.12,6.0959999999999986e-05,2.0,6.0959999999999986e-05,2.04,0.006095999999999997,0.04
7.640000000000002e-07,2.2,6.112000000000002e-06,2.12,6.111999999999998e-05,2.0,6.111999999999998e-05,2.04,0.006111999999999999,0.04
7.660000000000004e-07,2.16,6.128000000000003e-06,2.12,6.127999999999998e-05,2.04,6.127999999999998e-05,2.0,0.006127999999999998,0.04
7.680000000000001e-07,2.12,6.144000000000001e-06,2.12,6.143999999999998e-05,2.0,6.143999999999998e-05,2.04,0.006144,0.04
7.700000000000003e-07,2.12,6.160000000000002e-06,2.12,6.159999999999998e-05,2.04,6.159999999999998e-05,2.04,0.006159999999999999,0.04
7.720000000000004e-07,2.16,6.176000000000003e-06,2.16,6.176e-05,2.04,6.176e-05,2.04,0.0061759999999999975,0.04
7.740000000000001e-07,2.16,6.192000000000001e-06,2.12,6.192e-05,2.04,6.192e-05,2.04,0.006192,0.04
7.760000000000003e-07,2.16,6.208000000000002e-06,2.12,6.208e-05,2.08,6.208e-05,2.04,0.006207999999999998,0.0
7.780000000000004e-07,2.16,6.2240000000000034e-06,2.12,6.224e-05,2.04,6.224e-05,2.04,0.006224,0.0
7.800000000000002e-07,2.16,6.240000000000001e-06,2.12,6.24e-05,2.04,6.24e-05,2.08,0.006239999999999999,0.04
7.820000000000003e-07,2.16,6.2560000000000024e-06,2.16,6.256e-05,2.04,6.256e-05,2.04,0.006255999999999998,0.0
7.840000000000005e-07,2.16,6.272000000000004e-06,2.12,6.272e-05,2.04,6.272e-05,2.04,0.006272,0.04
7.860000000000002e-07,2.16,6.2880000000000015e-06,2.12,6.288e-05,2.04,6.288e-05,2.04,0.0062879999999999985,0.0
7.880000000000003e-07,2.16,6.304000000000003e-06,2.16,6.303999999999999e-05,2.04,6.303999999999999e-05,2.04,0.006303999999999997,0.04
7.900000000000001e-07,2.16,6.3200000000000005e-06,2.12,6.319999999999999e-05,2.04,6.319999999999999e-05,2.04,0.006319999999999999,0.04
7.920000000000002e-07,2.16,6.336000000000002e-06,2.12,6.335999999999999e-05,2.08,6.335999999999999e-05,2.08,0.006335999999999998,0.04
7.940000000000004e-07,2.16,6.352000000000003e-06,2.12,6.351999999999999e-05,2.08,6.351999999999999e-05,2.04,0.006352,0.04
7.960000000000001e-07,2.16,6.368000000000001e-06,2.16,6.367999999999999e-05,2.04,6.367999999999999e-05,2.08,0.006367999999999999,0.0
7.980000000000002e-07,2.16,6.384000000000002e-06,2.16,6.383999999999999e-05,2.08,6.383999999999999e-05,2.08,0.006383999999999997,0.0
8.000000000000004e-07,2.16,6.400000000000003e-06,2.16,6.399999999999998e-05,2.04,6.399999999999998e-05,2.08,0.0063999999999999994,0.04
8.020000000000001e-07,2.16,6.416000000000001e-06,2.12,6.415999999999998e-05,2.04,6.415999999999998e-05,2.04,0.006415999999999998,0.0
8.040000000000003e-07,2.16,6.432000000000002e-06,2.16,6.431999999999998e-05,2.04,6.431999999999998e-05,2.08,0.006432,0.0
8.060000000000004e-07,2.16,6.448000000000003e-06,2.12,6.447999999999998e-05,2.08,6.447999999999998e-05,2.04,0.006447999999999999,0.0
8.080000000000001e-07,2.16,6.464000000000001e-06,2.16,6.464e-05,2.08,6.464e-05,2.08,0.0064639999999999975,0.04
8.100000000000003e-07,2.16,6.480000000000002e-06,2.16,6.48e-05,2.08,6.48e-05,2.08,0.00648,0.0
8.120000000000004e-07,2.12,6.4960000000000035e-06,2.16,6.496e-05,2.08,6.496e-05,2.08,0.006495999999999998,0.0
8.140000000000002e-07,2.12,6.512000000000001e-06,2.16,6.512e-05,2.08,6.512e-05,2.08,0.006511999999999997,0.0
8.160000000000003e-07,2.16,6.5280000000000026e-06,2.12,6.528e-05,2.08,6.528e-05,2.08,0.006527999999999999,0.0
8.180000000000005e-07,2.16,6.544000000000004e-06,2.16,6.544e-05,2.08,6.544e-05,2.08,0.006543999999999998,0.0
8.200000000000002e-07,2.16,6.5600000000000016e-06,2.12,6.56e-05,2.04,6.56e-05,2.08,0.00656,0.0
8.220000000000003e-07,2.16,6.576000000000003e-06,2.16,6.576e-05,2.08,6.576e-05,2.12,0.0065759999999999985,0.0
8.240000000000001e-07,2.16,6.592000000000001e-06,2.16,6.591999999999999e-05,2.08,6.591999999999999e-05,2.08,0.006591999999999997,0.04
8.260000000000002e-07,2.16,6.608000000000002e-06,2.12,6.607999999999999e-05,2.08,6.607999999999999e-05,2.08,0.006607999999999999,0.04
8.280000000000004e-07,2.16,6.624000000000003e-06,2.16,6.623999999999999e-05,2.12,6.623999999999999e-05,2.08,0.006623999999999998,0.04
8.300000000000001e-07,2.16,6.640000000000001e-06,2.16,6.639999999999999e-05,2.08,6.639999999999999e-05,2.08,0.00664,0.04
8.320000000000003e-07,2.16,6.656000000000002e-06,2.12,6.655999999999999e-05,2.08,6.655999999999999e-05,2.08,0.006655999999999999,0.0
8.340000000000004e-07,2.16,6.672000000000003e-06,2.16,6.671999999999998e-05,2.08,6.671999999999998e-05,2.08,0.006671999999999997,0.04
8.360000000000001e-07,2.16,6.688000000000001e-06,2.16,6.687999999999998e-05,2.08,6.687999999999998e-05,2.08,0.0066879999999999995,0.0
8.380000000000003e-07,2.16,6.704000000000002e-06,2.12,6.703999999999998e-05,2.08,6.703999999999998e-05,2.12,0.006703999999999998,0.04
8.400000000000004e-07,2.16,6.720000000000003e-06,2.12,6.719999999999998e-05,2.08,6.719999999999998e-05,2.12,0.00672,0.0
8.420000000000002e-07,2.16,6.736000000000001e-06,2.12,6.735999999999998e-05,2.08,6.735999999999998e-05,2.08,0.006735999999999999,0.0
8.440000000000003e-07,2.16,6.7520000000000024e-06,2.16,6.752e-05,2.12,6.752e-05,2.08,0.006751999999999998,0.04
8.460000000000005e-07,2.16,6.768000000000004e-06,2.12,6.768e-05,2.08,6.768e-05,2.12,0.006768,0.0
8.480000000000002e-07,2.16,6.7840000000000015e-06,2.16,6.784e-05,2.08,6.784e-05,2.12,0.006783999999999998,0.0
8.500000000000003e-07,2.16,6.800000000000003e-06,2.16,6.8e-05,2.12,6.8e-05,2.12,0.006799999999999997,0.0
8.520000000000001e-07,2.16,6.8160000000000005e-06,2.16,6.816e-05,2.12,6.816e-05,2.12,0.006815999999999999,0.0
8.540000000000002e-07,2.16,6.832000000000002e-06,2.16,6.832e-05,2.12,6.832e-05,2.12,0.006831999999999998,0.0
8.560000000000004e-07,2.16,6.848000000000003e-06,2.16,6.848e-05,2.12,6.848e-05,2.12,0.006848,0.0
8.580000000000001e-07,2.16,6.864000000000001e-06,2.16,6.864e-05,2.12,6.864e-05,2.12,0.006863999999999999,0.0
8.600000000000002e-07,2.16,6.880000000000002e-06,2.16,6.879999999999999e-05,2.12,6.879999999999999e-05,2.12,0.006879999999999997,0.0
8.620000000000004e-07,2.16,6.896000000000003e-06,2.16,6.895999999999999e-05,2.12,6.895999999999999e-05,2.12,0.006895999999999999,0.04
8.640000000000001e-07,2.16,6.912000000000001e-06,2.12,6.911999999999999e-05,2.12,6.911999999999999e-05,2.12,0.006911999999999998,0.04
8.660000000000003e-07,2.16,6.928000000000002e-06,2.12,6.927999999999999e-05,2.12,6.927999999999999e-05,2.16,0.006928,0.0
8.680000000000004e-07,2.16,6.944000000000003e-06,2.16,6.943999999999999e-05,2.16,6.943999999999999e-05,2.12,0.006943999999999999,0.04
8.700000000000001e-07,2.16,6.960000000000001e-06,2.12,6.959999999999998e-05,2.12,6.959999999999998e-05,2.12,0.0069599999999999974,0.04
8.720000000000003e-07,2.16,6.976000000000002e-06,2.12,6.975999999999998e-05,2.16,6.975999999999998e-05,2.16,0.0069759999999999996,0.04
8.740000000000004e-07,2.2,6.9920000000000035e-06,2.16,6.991999999999998e-05,2.16,6.991999999999998e-05,2.16,0.006991999999999998,0.04
8.760000000000002e-07,2.2,7.008000000000001e-06,2.12,7.007999999999998e-05,2.16,7.007999999999998e-05,2.16,0.007008,0.0
8.780000000000003e-07,2.2,7.0240000000000025e-06,2.16,7.024e-05,2.16,7.024e-05,2.16,0.007023999999999999,0.0
8.800000000000005e-07,2.16,7.040000000000004e-06,2.12,7.04e-05,2.16,7.04e-05,2.16,0.007039999999999998,0.0
8.820000000000002e-07,2.16,7.0560000000000016e-06,2.16,7.056e-05,2.16,7.056e-05,2.16,0.007056,0.0
8.840000000000003e-07,2.16,7.072000000000003e-06,2.12,7.072e-05,2.16,7.072e-05,2.16,0.007071999999999998,0.0
8.860000000000001e-07,2.16,7.088000000000001e-06,2.16,7.088e-05,2.16,7.088e-05,2.16,0.007087999999999997,0.0
8.880000000000002e-07,2.16,7.104000000000002e-06,2.16,7.104e-05,2.16,7.104e-05,2.16,0.007103999999999999,0.04
8.900000000000004e-07,2.16,7.120000000000003e-06,2.16,7.12e-05,2.16,7.12e-05,2.2,0.007119999999999998,0.04
8.920000000000001e-07,2.16,7.136000000000001e-06,2.12,7.136e-05,2.16,7.136e-05,2.16,0.007136,0.04
8.940000000000002e-07,2.16,7.152000000000002e-06,2.16,7.151999999999999e-05,2.16,7.151999999999999e-05,2.16,0.007151999999999999,0.04
8.960000000000004e-07,2.16,7.168000000000003e-06,2.16,7.167999999999999e-05,2.2,7.167999999999999e-05,2.16,0.007167999999999997,0.04
8.980000000000001e-07,2.16,7.184000000000001e-06,2.16,7.183999999999999e-05,2.16,7.183999999999999e-05,2.16,0.007183999999999999,0.0
9.000000000000003e-07,2.16,7.200000000000002e-06,2.12,7.199999999999999e-05,2.2,7.199999999999999e-05,2.16,0.007199999999999998,0.04
9.020000000000004e-07,2.16,7.216000000000003e-06,2.16,7.215999999999999e-05,2.16,7.215999999999999e-05,2.2,0.007216,0.04
9.040000000000002e-07,2.16,7.232000000000001e-06,2.12,7.231999999999999e-05,2.16,7.231999999999999e-05,2.16,0.007231999999999999,0.0
9.060000000000003e-07,2.16,7.2480000000000024e-06,2.16,7.247999999999998e-05,2.2,7.247999999999998e-05,2.16,0.0072479999999999975,0.0
9.080000000000005e-07,2.16,7.264000000000004e-06,2.16,7.263999999999998e-05,2.16,7.263999999999998e-05,2.16,0.007264,0.0
9.100000000000002e-07,2.16,7.2800000000000014e-06,2.12,7.279999999999998e-05,2.2,7.279999999999998e-05,2.16,0.007279999999999998,0.04
9.120000000000003e-07,2.16,7.296000000000003e-06,2.16,7.295999999999998e-05,2.16,7.295999999999998e-05,2.16,0.007295999999999997,0.04
9.140000000000005e-07,2.16,7.312000000000004e-06,2.16,7.312e-05,2.16,7.312e-05,2.16,0.007311999999999999,0.0
9.160000000000002e-07,2.16,7.328000000000002e-06,2.16,7.328e-05,2.16,7.328e-05,2.16,0.007327999999999998,0.0
9.180000000000004e-07,2.16,7.344000000000003e-06,2.16,7.344e-05,2.2,7.344e-05,2.2,0.007344,0.04
9.200000000000001e-07,2.16,7.360000000000001e-06,2.16,7.36e-05,2.2,7.36e-05,2.2,0.0073599999999999985,0.0
9.220000000000002e-07,2.16,7.376000000000002e-06,2.12,7.376e-05,2.2,7.376e-05,2.2,0.007375999999999997,0.0
9.240000000000004e-07,2.16,7.392000000000003e-06,2.16,7.392e-05,2.2,7.392e-05,2.2,0.007391999999999999,0.04
9.260000000000001e-07,2.16,7.408000000000001e-06,2.16,7.408e-05,2.16,7.408e-05,2.16,0.007407999999999998,0.04
9.280000000000003e-07,2.16,7.424000000000002e-06,2.12,7.424e-05,2.2,7.424e-05,2.2,0.007424,0.04
9.300000000000004e-07,2.16,7.440000000000003e-06,2.16,7.439999999999999e-05,2.2,7.439999999999999e-05,2.2,0.007439999999999999,0.0
9.320000000000001e-07,2.16,7.456000000000001e-06,2.16,7.455999999999999e-05,2.16,7.455999999999999e-05,2.16,0.007455999999999997,0.0
9.340000000000003e-07,2.16,7.472000000000002e-06,2.16,7.471999999999999e-05,2.2,7.471999999999999e-05,2.2,0.0074719999999999995,0.0
9.360000000000004e-07,2.16,7.4880000000000035e-06,2.16,7.487999999999999e-05,2.2,7.487999999999999e-05,2.2,0.007487999999999998,0.0
9.380000000000002e-07,2.16,7.504000000000001e-06,2.2,7.503999999999999e-05,2.2,7.503999999999999e-05,2.16,0.007504,0.0
9.400000000000003e-07,2.16,7.5200000000000025e-06,2.16,7.519999999999998e-05,2.16,7.519999999999998e-05,2.2,0.007519999999999999,0.04
9.420000000000005e-07,2.16,7.536000000000004e-06,2.16,7.535999999999998e-05,2.2,7.535999999999998e-05,2.24,0.0075359999999999976,0.0
9.440000000000002e-07,2.16,7.5520000000000016e-06,2.16,7.551999999999998e-05,2.2,7.551999999999998e-05,2.2,0.007552,0.04
9.460000000000003e-07,2.16,7.568000000000003e-06,2.16,7.567999999999998e-05,2.2,7.567999999999998e-05,2.24,0.007567999999999998,0.04
9.480000000000001e-07,2.16,7.5840000000000006e-06,2.16,7.583999999999998e-05,2.2,7.583999999999998e-05,2.24,0.007583999999999997,0.0
9.500000000000002e-07,2.16,7.600000000000002e-06,2.16,7.6e-05,2.2,7.6e-05,2.2,0.007599999999999999,0.0
9.520000000000004e-07,2.16,7.616000000000003e-06,2.16,7.616e-05,2.24,7.616e-05,2.24,0.007615999999999998,0.04
9.54e-07,2.16,7.632e-06,2.16,7.632e-05,2.24,7.632e-05,2.24,0.007632,0.0
9.560000000000002e-07,2.16,7.648000000000002e-06,2.16,7.648e-05,2.24,7.648e-05,2.24,0.0076479999999999985,0.04
9.580000000000004e-07,2.16,7.664000000000003e-06,2.16,7.664e-05,2.2,7.664e-05,2.24,0.007663999999999997,0.0
9.600000000000001e-07,2.08,7.680000000000001e-06,2.16,7.68e-05,2.24,7.68e-05,2.24,0.007679999999999999,0.0
9.620000000000003e-07,2.0,7.696000000000002e-06,2.16,7.696e-05,2.2,7.696e-05,2.2,0.007695999999999998,0.0
9.640000000000004e-07,1.96,7.712000000000003e-06,2.16,7.712e-05,2.24,7.712e-05,2.24,0.007712,0.0
9.660000000000002e-07,1.92,7.728000000000001e-06,2.16,7.727999999999999e-05,2.24,7.727999999999999e-05,2.2,0.007727999999999999,0.04
9.680000000000003e-07,1.92,7.744000000000002e-06,2.16,7.743999999999999e-05,2.2,7.743999999999999e-05,2.24,0.007743999999999997,0.0
9.700000000000005e-07,1.92,7.760000000000004e-06,2.16,7.759999999999999e-05,2.24,7.759999999999999e-05,2.24,0.0077599999999999995,0.04
9.720000000000002e-07,1.84,7.776000000000001e-06,2.16,7.775999999999999e-05,2.24,7.775999999999999e-05,2.24,0.007775999999999998,0.0
9.740000000000003e-07,1.76,7.792000000000003e-06,2.12,7.791999999999999e-05,2.24,7.791999999999999e-05,2.24,0.007792,0.0
9.760000000000005e-07,1.72,7.808000000000004e-06,2.16,7.807999999999998e-05,2.24,7.807999999999998e-05,2.24,0.007807999999999999,0.0
9.780000000000002e-07,1.72,7.824000000000002e-06,2.16,7.823999999999998e-05,2.24,7.823999999999998e-05,2.24,0.007823999999999998,0.0
9.800000000000004e-07,1.6400000000000001,7.840000000000003e-06,2.16,7.839999999999998e-05,2.24,7.839999999999998e-05,2.2800000000000002,0.00784,0.0
9.82e-07,1.56,7.856e-06,2.16,7.855999999999998e-05,2.24,7.855999999999998e-05,2.24,0.007855999999999998,0.04
9.840000000000002e-07,1.48,7.872000000000002e-06,2.16,7.872e-05,2.24,7.872e-05,2.24,0.007871999999999997,0.04
9.860000000000004e-07,1.44,7.888000000000003e-06,2.16,7.888e-05,2.24,7.888e-05,2.24,0.007888,0.0
9.880000000000001e-07,1.4000000000000001,7.904000000000001e-06,2.16,7.904e-05,2.2800000000000002,7.904e-05,2.2800000000000002,0.007903999999999998,0.04
9.900000000000003e-07,1.4000000000000001,7.920000000000002e-06,2.16,7.92e-05,2.24,7.92e-05,2.24,0.00792,0.0
9.920000000000004e-07,1.4000000000000001,7.936000000000003e-06,2.16,7.936e-05,2.2800000000000002,7.936e-05,2.2800000000000002,0.007935999999999999,0.0
9.940000000000001e-07,1.44,7.952000000000001e-06,2.16,7.952e-05,2.24,7.952e-05,2.2800000000000002,0.007951999999999997,0.0
9.960000000000003e-07,1.48,7.968000000000002e-06,2.16,7.968e-05,2.24,7.968e-05,2.2800000000000002,0.007968,0.04
9.980000000000004e-07,1.6,7.984000000000004e-06,2.16,7.984e-05,2.24,7.984e-05,2.2800000000000002,0.007983999999999998,0.04
1.0000000000000002e-06,1.68,8.000000000000001e-06,2.16,7.999999999999999e-05,2.2800000000000002,7.999999999999999e-05,2.24,0.008,0.04
1.0020000000000003e-06,1.8,8.016000000000003e-06,2.16,8.015999999999999e-05,2.24,8.015999999999999e-05,2.24,0.008015999999999999,0.0
1.0040000000000005e-06,1.92,8.032000000000004e-06,2.16,8.031999999999999e-05,2.2800000000000002,8.031999999999999e-05,2.32,0.008031999999999997,0.0
1.0060000000000002e-06,2.04,8.048000000000002e-06,2.16,8.047999999999999e-05,2.2800000000000002,8.047999999999999e-05,2.2800000000000002,0.008048,0.0
1.0080000000000003e-06,2.12,8.064000000000003e-06,2.16,8.063999999999999e-05,2.24,8.063999999999999e-05,2.2800000000000002,0.008063999999999998,0.04
1.01e-06,2.2,8.08e-06,2.16,8.079999999999999e-05,2.2800000000000002,8.079999999999999e-05,2.2800000000000002,0.008079999999999997,0.0
1.0120000000000002e-06,2.24,8.096000000000002e-06,2.16,8.095999999999998e-05,2.2800000000000002,8.095999999999998e-05,2.2800000000000002,0.008095999999999999,0.0
1.0140000000000004e-06,2.24,8.112000000000003e-06,2.16,8.111999999999998e-05,2.24,8.111999999999998e-05,2.2800000000000002,0.008111999999999998,0.04
1.016e-06,2.24,8.128e-06,2.16,8.127999999999998e-05,2.2800000000000002,8.127999999999998e-05,2.2800000000000002,0.008128,0.0
1.0180000000000002e-06,2.2,8.144000000000002e-06,2.16,8.143999999999998e-05,2.2800000000000002,8.143999999999998e-05,2.2800000000000002,0.008143999999999998,0.0
1.0200000000000004e-06,2.12,8.160000000000003e-06,2.16,8.16e-05,2.24,8.16e-05,2.2800000000000002,0.008159999999999997,0.0
1.0220000000000001e-06,2.04,8.176000000000001e-06,2.16,8.176e-05,2.2800000000000002,8.176e-05,2.2800000000000002,0.008176,0.0
1.0240000000000003e-06,1.92,8.192000000000002e-06,2.2,8.192e-05,2.2800000000000002,8.192e-05,2.2800000000000002,0.008191999999999998,0.0
1.0260000000000004e-06,1.8,8.208000000000003e-06,2.12,8.208e-05,2.2800000000000002,8.208e-05,2.2800000000000002,0.008208,0.0
1.0280000000000002e-06,1.72,8.224000000000001e-06,2.2,8.224e-05,2.2800000000000002,8.224e-05,2.2800000000000002,0.008223999999999999,0.0
1.0300000000000003e-06,1.6,8.240000000000002e-06,2.12,8.24e-05,2.2800000000000002,8.24e-05,2.2800000000000002,0.008239999999999997,0.0
1.0320000000000005e-06,1.56,8.256000000000004e-06,2.16,8.256e-05,2.2800000000000002,8.256e-05,2.2800000000000002,0.008256,0.0
1.0340000000000002e-06,1.52,8.272000000000001e-06,2.16,8.272e-05,2.32,8.272e-05,2.2800000000000002,0.008271999999999998,0.04
1.0360000000000003e-06,1.52,8.288000000000003e-06,2.16,8.287999999999999e-05,2.2800000000000002,8.287999999999999e-05,2.2800000000000002,0.008288,0.0
1.0380000000000005e-06,1.52,8.304000000000004e-06,2.16,8.303999999999999e-05,2.2800000000000002,8.303999999999999e-05,2.2800000000000002,0.008303999999999999,0.04
1.0400000000000002e-06,1.52,8.320000000000002e-06,2.16,8.319999999999999e-05,2.2800000000000002,8.319999999999999e-05,2.32,0.008319999999999998,0.0
1.0420000000000004e-06,1.6,8.336000000000003e-06,2.16,8.335999999999999e-05,2.2800000000000002,8.335999999999999e-05,2.2800000000000002,0.008336,0.0
1.044e-06,1.68,8.352e-06,2.16,8.351999999999999e-05,2.32,8.351999999999999e-05,2.2800000000000002,0.008351999999999998,0.0
1.0460000000000002e-06,1.76,8.368000000000002e-06,2.16,8.367999999999998e-05,2.2800000000000002,8.367999999999998e-05,2.2800000000000002,0.008367999999999997,0.0
1.0480000000000004e-06,1.8,8.384000000000003e-06,2.16,8.383999999999998e-05,2.32,8.383999999999998e-05,2.2800000000000002,0.008383999999999999,0.04
1.0500000000000001e-06,1.8800000000000001,8.400000000000001e-06,2.16,8.399999999999998e-05,2.32,8.399999999999998e-05,2.32,0.008399999999999998,0.0
1.0520000000000003e-06,1.92,8.416000000000002e-06,2.16,8.415999999999998e-05,2.2800000000000002,8.415999999999998e-05,2.2800000000000002,0.008416,0.0
1.0540000000000004e-06,2.0,8.432000000000003e-06,2.16,8.432e-05,2.32,8.432e-05,2.32,0.008431999999999999,0.0
1.0560000000000001e-06,2.0,8.448000000000001e-06,2.16,8.447999999999998e-05,2.32,8.447999999999998e-05,2.32,0.008447999999999997,0.0
1.0580000000000003e-06,2.0,8.464000000000002e-06,2.16,8.464e-05,2.2800000000000002,8.464e-05,2.32,0.008464,0.0
1.0600000000000004e-06,2.0,8.480000000000004e-06,2.16,8.479999999999997e-05,2.2800000000000002,8.479999999999997e-05,2.32,0.008479999999999998,0.04
1.0620000000000002e-06,1.96,8.496000000000001e-06,2.16,8.496e-05,2.36,8.496e-05,2.32,0.008496,0.0
1.0640000000000003e-06,1.96,8.512000000000003e-06,2.16,8.511999999999997e-05,2.32,8.511999999999997e-05,2.32,0.008511999999999999,0.04
1.0660000000000005e-06,1.92,8.528000000000004e-06,2.16,8.528e-05,2.32,8.528e-05,2.32,0.008527999999999997,0.0
1.0680000000000002e-06,1.84,8.544000000000002e-06,2.16,8.543999999999997e-05,2.36,8.543999999999997e-05,2.36,0.008544,0.0
1.0700000000000003e-06,1.8,8.560000000000003e-06,2.2,8.56e-05,2.32,8.56e-05,2.32,0.008559999999999998,0.0
1.0720000000000005e-06,1.76,8.576000000000004e-06,2.16,8.576000000000002e-05,2.36,8.576000000000002e-05,2.36,0.008576,-0.04
1.0740000000000002e-06,1.8,8.592000000000002e-06,2.16,8.591999999999999e-05,2.36,8.591999999999999e-05,2.36,0.008591999999999999,0.0
1.0760000000000004e-06,1.76,8.608000000000003e-06,2.16,8.608000000000002e-05,2.32,8.608000000000002e-05,2.36,0.008607999999999998,0.0
1.078e-06,1.72,8.624e-06,2.2,8.623999999999999e-05,2.32,8.623999999999999e-05,2.36,0.008624,0.0
1.0800000000000002e-06,1.72,8.640000000000002e-06,2.2,8.640000000000001e-05,2.36,8.640000000000001e-05,2.32,0.008639999999999998,0.04
1.0820000000000004e-06,1.76,8.656000000000003e-06,2.16,8.655999999999998e-05,2.32,8.655999999999998e-05,2.32,0.008655999999999997,0.0
1.0840000000000001e-06,1.8,8.672000000000001e-06,2.16,8.672000000000001e-05,2.32,8.672000000000001e-05,2.32,0.008672,0.04
1.0860000000000003e-06,1.84,8.688000000000002e-06,2.16,8.687999999999998e-05,2.36,8.687999999999998e-05,2.36,0.008687999999999998,0.0
1.0880000000000004e-06,1.8,8.704000000000003e-06,2.16,8.704000000000001e-05,2.32,8.704000000000001e-05,2.32,0.008704,0.0
1.0900000000000002e-06,1.8,8.720000000000001e-06,2.16,8.719999999999998e-05,2.36,8.719999999999998e-05,2.36,0.008719999999999999,0.04
1.0920000000000003e-06,1.8,8.736000000000002e-06,2.2,8.736e-05,2.36,8.736e-05,2.32,0.008735999999999997,0.0
1.0940000000000005e-06,1.84,8.752000000000004e-06,2.16,8.751999999999998e-05,2.36,8.751999999999998e-05,2.36,0.008752,0.0
1.0960000000000002e-06,1.8800000000000001,8.768000000000001e-06,2.16,8.768e-05,2.36,8.768e-05,2.36,0.008767999999999998,0.04
1.0980000000000003e-06,1.84,8.784000000000003e-06,2.16,8.783999999999997e-05,2.36,8.783999999999997e-05,2.32,0.008784,0.0
1.1000000000000005e-06,1.84,8.800000000000004e-06,2.2,8.8e-05,2.36,8.8e-05,2.36,0.008799999999999999,0.0
1.1020000000000002e-06,1.84,8.816000000000002e-06,2.16,8.815999999999997e-05,2.36,8.815999999999997e-05,2.36,0.008815999999999997,0.0
1.1040000000000004e-06,1.84,8.832000000000003e-06,2.16,8.832e-05,2.36,8.832e-05,2.36,0.008832,0.04
1.106e-06,1.84,8.848e-06,2.16,8.847999999999997e-05,2.36,8.847999999999997e-05,2.36,0.008847999999999998,0.0
1.1080000000000002e-06,1.8,8.864000000000002e-06,2.16,8.863999999999999e-05,2.36,8.863999999999999e-05,2.36,0.008863999999999997,0.0
1.1100000000000004e-06,1.8,8.880000000000003e-06,2.16,8.880000000000002e-05,2.36,8.880000000000002e-05,2.36,0.008879999999999999,0.0
1.1120000000000001e-06,1.8,8.896000000000001e-06,2.16,8.895999999999999e-05,2.36,8.895999999999999e-05,2.36,0.008895999999999998,0.0
1.1140000000000003e-06,1.8,8.912000000000002e-06,2.2,8.912000000000001e-05,2.36,8.912000000000001e-05,2.36,0.008912,0.0
1.1160000000000004e-06,1.84,8.928000000000003e-06,2.16,8.927999999999999e-05,2.36,8.927999999999999e-05,2.36,0.008927999999999998,0.04
1.1180000000000001e-06,1.8,8.944000000000001e-06,2.2,8.944000000000001e-05,2.36,8.944000000000001e-05,2.4,0.008943999999999997,0.0
1.1200000000000003e-06,1.84,8.960000000000002e-06,2.16,8.959999999999998e-05,2.36,8.959999999999998e-05,2.36,0.00896,0.0
1.1220000000000004e-06,1.84,8.976000000000004e-06,2.16,8.976000000000001e-05,2.36,8.976000000000001e-05,2.36,0.008975999999999998,0.0
1.1240000000000002e-06,1.8800000000000001,8.992000000000001e-06,2.16,8.991999999999998e-05,2.36,8.991999999999998e-05,2.4,0.008992,0.04
1.1260000000000003e-06,1.84,9.008000000000003e-06,2.2,9.008e-05,2.4,9.008e-05,2.4,0.009007999999999999,0.04
1.1280000000000005e-06,1.84,9.024000000000004e-06,2.2,9.023999999999998e-05,2.36,9.023999999999998e-05,2.36,0.009023999999999997,0.0
1.1300000000000002e-06,1.84,9.040000000000002e-06,2.2,9.04e-05,2.4,9.04e-05,2.4,0.00904,0.0
1.1320000000000003e-06,1.84,9.056000000000003e-06,2.2,9.055999999999997e-05,2.36,9.055999999999997e-05,2.36,0.009055999999999998,0.04
1.1340000000000005e-06,1.84,9.072000000000004e-06,2.16,9.072e-05,2.36,9.072e-05,2.36,0.009072,0.0
1.1360000000000002e-06,1.8,9.088000000000002e-06,2.16,9.087999999999997e-05,2.36,9.087999999999997e-05,2.4,0.009087999999999999,0.0
1.1380000000000004e-06,1.8,9.104000000000003e-06,2.16,9.104e-05,2.36,9.104e-05,2.4,0.009103999999999998,0.04
1.14e-06,1.8,9.12e-06,2.16,9.119999999999997e-05,2.36,9.119999999999997e-05,2.36,0.00912,0.0
1.1420000000000002e-06,1.8,9.136000000000002e-06,2.2,9.135999999999999e-05,2.4,9.135999999999999e-05,2.4,0.009135999999999998,0.0
1.1440000000000004e-06,1.8,9.152000000000003e-06,2.16,9.152000000000002e-05,2.36,9.152000000000002e-05,2.4,0.009151999999999997,0.04
1.1460000000000001e-06,1.8,9.168000000000001e-06,2.16,9.167999999999999e-05,2.4,9.167999999999999e-05,2.4,0.009167999999999999,0.0
1.1480000000000003e-06,1.76,9.184000000000002e-06,2.16,9.184000000000002e-05,2.4,9.184000000000002e-05,2.4,0.009183999999999998,0.0
1.1500000000000004e-06,1.8,9.200000000000003e-06,2.2,9.199999999999999e-05,2.36,9.199999999999999e-05,2.4,0.0092,0.0
1.1520000000000002e-06,1.84,9.216000000000001e-06,2.16,9.216000000000001e-05,2.4,9.216000000000001e-05,2.4,0.009215999999999998,0.04
1.1540000000000003e-06,1.84,9.232000000000002e-06,2.16,9.231999999999998e-05,2.4,9.231999999999998e-05,2.4,0.009231999999999997,0.04
1.1560000000000005e-06,1.8,9.248000000000004e-06,2.2,9.248000000000001e-05,2.4,9.248000000000001e-05,2.36,0.009248,0.04
1.1580000000000002e-06,1.8,9.264000000000001e-06,2.16,9.263999999999998e-05,2.4,9.263999999999998e-05,2.4,0.009263999999999998,0.04
1.1600000000000003e-06,1.84,9.280000000000003e-06,2.2,9.28e-05,2.4,9.28e-05,2.4,0.00928,0.0
1.1620000000000005e-06,1.84,9.296000000000004e-06,2.16,9.295999999999998e-05,2.36,9.295999999999998e-05,2.4,0.009295999999999999,0.0
1.1640000000000002e-06,1.84,9.312000000000002e-06,2.2,9.312e-05,2.4,9.312e-05,2.4,0.009311999999999997,0.04
1.1660000000000004e-06,1.84,9.328000000000003e-06,2.16,9.327999999999997e-05,2.4,9.327999999999997e-05,2.4,0.009328,0.04
1.168e-06,1.84,9.344e-06,2.2,9.344e-05,2.4,9.344e-05,2.36,0.009343999999999998,0.0
1.1700000000000002e-06,1.84,9.360000000000002e-06,2.2,9.359999999999997e-05,2.4,9.359999999999997e-05,2.44,0.009359999999999997,0.0
1.1720000000000004e-06,1.84,9.376000000000003e-06,2.16,9.376e-05,2.4,9.376e-05,2.4,0.009375999999999999,0.0
1.1740000000000001e-06,1.8,9.392000000000001e-06,2.2,9.391999999999997e-05,2.4,9.391999999999997e-05,2.4,0.009391999999999998,0.04
1.1760000000000003e-06,1.8,9.408000000000002e-06,2.2,9.408e-05,2.44,9.408e-05,2.44,0.009408,0.0
1.1780000000000004e-06,1.8,9.424000000000003e-06,2.2,9.424000000000002e-05,2.4,9.424000000000002e-05,2.4,0.009423999999999998,0.0
1.1800000000000001e-06,1.8,9.440000000000001e-06,2.16,9.439999999999999e-05,2.44,9.439999999999999e-05,2.4,0.009439999999999997,0.04
1.1820000000000003e-06,1.8,9.456000000000002e-06,2.2,9.456000000000002e-05,2.4,9.456000000000002e-05,2.44,0.009455999999999999,0.0
1.1840000000000004e-06,1.8,9.472000000000004e-06,2.16,9.471999999999999e-05,2.4,9.471999999999999e-05,2.4,0.009471999999999998,0.0
1.1860000000000002e-06,1.76,9.488000000000001e-06,2.2,9.488000000000001e-05,2.44,9.488000000000001e-05,2.4,0.009488,0.04
1.1880000000000003e-06,1.8,9.504000000000003e-06,2.16,9.503999999999998e-05,2.4,9.503999999999998e-05,2.44,0.009503999999999999,0.04
1.1900000000000005e-06,1.84,9.520000000000004e-06,2.2,9.520000000000001e-05,2.4,9.520000000000001e-05,2.44,0.009519999999999997,0.0
1.1920000000000002e-06,1.84,9.536000000000002e-06,2.2,9.535999999999998e-05,2.44,9.535999999999998e-05,2.44,0.009536,0.0
1.1940000000000003e-06,1.8,9.552000000000003e-06,2.16,9.552000000000001e-05,2.44,9.552000000000001e-05,2.44,0.009551999999999998,0.0
1.1960000000000005e-06,1.8,9.568000000000004e-06,2.16,9.567999999999998e-05,2.44,9.567999999999998e-05,2.44,0.009568,0.0
1.1980000000000002e-06,1.84,9.584000000000002e-06,2.16,9.584e-05,2.44,9.584e-05,2.44,0.009583999999999999,0.04
1.2000000000000004e-06,1.84,9.600000000000003e-06,2.16,9.599999999999998e-05,2.44,9.599999999999998e-05,2.44,0.009599999999999997,0.0
1.202e-06,1.84,9.616e-06,2.16,9.616e-05,2.44,9.616e-05,2.44,0.009616,0.0
1.2040000000000002e-06,1.84,9.632000000000002e-06,2.16,9.631999999999997e-05,2.44,9.631999999999997e-05,2.48,0.009631999999999998,0.04
1.2060000000000004e-06,1.8,9.648000000000003e-06,2.16,9.648e-05,2.44,9.648e-05,2.44,0.009647999999999997,0.04
1.2080000000000001e-06,1.8,9.664000000000001e-06,2.2,9.663999999999997e-05,2.44,9.663999999999997e-05,2.44,0.009663999999999999,0.0
1.2100000000000003e-06,1.8,9.680000000000002e-06,2.16,9.68e-05,2.48,9.68e-05,2.44,0.009679999999999998,0.04
1.2120000000000004e-06,1.8,9.696000000000003e-06,2.16,9.695999999999997e-05,2.44,9.695999999999997e-05,2.44,0.009696,0.04
1.2140000000000002e-06,1.8,9.712000000000001e-06,2.16,9.711999999999999e-05,2.44,9.711999999999999e-05,2.44,0.009711999999999998,0.0
1.2160000000000003e-06,1.8,9.728000000000002e-06,2.2,9.728000000000002e-05,2.44,9.728000000000002e-05,2.44,0.009727999999999997,0.04
1.2180000000000005e-06,1.8,9.744000000000004e-06,2.2,9.743999999999999e-05,2.44,9.743999999999999e-05,2.44,0.009744,0.0
1.2200000000000002e-06,1.8,9.760000000000001e-06,2.16,9.760000000000001e-05,2.44,9.760000000000001e-05,2.44,0.009759999999999998,0.04
1.2220000000000003e-06,1.8,9.776000000000003e-06,2.2,9.775999999999999e-05,2.48,9.775999999999999e-05,2.48,0.009776,0.04
1.2240000000000005e-06,1.8,9.792000000000004e-06,2.16,9.792000000000001e-05,2.48,9.792000000000001e-05,2.44,0.009791999999999999,0.0
1.2260000000000002e-06,1.8,9.808000000000002e-06,2.16,9.807999999999998e-05,2.48,9.807999999999998e-05,2.44,0.009807999999999997,0.0
1.2280000000000004e-06,1.84,9.824000000000003e-06,2.2,9.824000000000001e-05,2.48,9.824000000000001e-05,2.48,0.009824,0.0
1.23e-06,1.84,9.84e-06,2.2,9.839999999999998e-05,2.44,9.839999999999998e-05,2.44,0.009839999999999998,0.04
1.2320000000000002e-06,1.84,9.856000000000002e-06,2.2,9.856e-05,2.48,9.856e-05,2.48,0.009856,0.0
1.2340000000000004e-06,1.84,9.872000000000003e-06,1.96,9.871999999999998e-05,2.48,9.871999999999998e-05,2.48,0.009871999999999999,0.0
1.2360000000000001e-06,1.84,9.888000000000001e-06,1.6,9.888e-05,2.48,9.888e-05,2.44,0.009887999999999997,0.0
1.2380000000000003e-06,1.84,9.904000000000002e-06,1.6400000000000001,9.903999999999997e-05,1.92,9.903999999999997e-05,2.16,0.009904,0.4
1.2400000000000004e-06,1.84,9.920000000000003e-06,2.2800000000000002,9.92e-05,2.12,9.92e-05,2.12,0.009919999999999998,0.8
1.2420000000000001e-06,1.84,9.936000000000001e-06,1.68,9.935999999999997e-05,2.08,9.935999999999997e-05,2.08,0.009935999999999997,1.12
1.2440000000000003e-06,1.84,9.952000000000002e-06,1.72,9.952e-05,2.12,9.952e-05,2.08,0.009951999999999999,1.4000000000000001
1.2460000000000004e-06,1.8,9.968000000000003e-06,2.0,9.967999999999997e-05,2.08,9.967999999999997e-05,2.08,0.009967999999999998,1.68
1.2480000000000002e-06,1.8,9.984000000000001e-06,1.76,9.983999999999999e-05,2.08,9.983999999999999e-05,2.08,0.009984,1.92
1.2500000000000003e-06,1.8,1.0000000000000003e-05,1.8800000000000001,0.00010000000000000002,2.08,0.00010000000000000002,2.08,0.009999999999999998,2.08
1.2520000000000005e-06,1.84,1.0016000000000004e-05,1.84,0.00010015999999999999,2.08,0.00010015999999999999,2.08,0.010015999999999997,2.2800000000000002
1.2540000000000002e-06,1.84,1.0032000000000002e-05,1.8800000000000001,0.00010032000000000002,2.08,0.00010032000000000002,2.08,0.010032,2.4
1.2560000000000003e-06,1.84,1.0048000000000003e-05,1.84,0.00010047999999999999,2.08,0.00010047999999999999,2.08,0.010047999999999998,2.56
1.2580000000000005e-06,1.8,1.0064000000000004e-05,1.8800000000000001,0.00010064000000000001,2.08,0.00010064000000000001,2.08,0.010064,2.68
1.2600000000000002e-06,1.8,1.0080000000000002e-05,1.84,0.00010079999999999998,2.08,0.00010079999999999998,2.08,0.010079999999999999,2.84
1.2620000000000004e-06,1.84,1.0096000000000003e-05,1.84,0.00010096000000000001,2.04,0.00010096000000000001,2.08,0.010095999999999997,2.92
1.264e-06,1.84,1.0112e-05,1.84,0.00010111999999999998,2.04,0.00010111999999999998,2.08,0.010112,3.04
1.2660000000000002e-06,1.8,1.0128000000000002e-05,1.84,0.00010128,2.08,0.00010128,2.08,0.010127999999999998,3.12
1.2680000000000004e-06,1.8,1.0144000000000003e-05,1.84,0.00010143999999999998,2.08,0.00010143999999999998,2.08,0.010143999999999997,3.16
1.2700000000000001e-06,1.8,1.0160000000000001e-05,1.8,0.0001016,2.08,0.0001016,2.04,0.010159999999999999,3.2800000000000002
1.2720000000000003e-06,1.84,1.0176000000000002e-05,1.8800000000000001,0.00010175999999999997,2.08,0.00010175999999999997,2.08,0.010175999999999998,3.36
1.2740000000000004e-06,1.84,1.0192000000000003e-05,1.8,0.00010192,2.04,0.00010192,2.04,0.010192,3.4
1.2760000000000001e-06,1.84,1.0208000000000001e-05,1.84,0.00010207999999999997,2.04,0.00010207999999999997,2.04,0.010207999999999998,3.44
1.2780000000000003e-06,1.8,1.0224000000000002e-05,1.84,0.00010224,2.04,0.00010224,2.04,0.010223999999999997,3.52
1.2800000000000005e-06,1.8,1.0240000000000004e-05,1.84,0.00010239999999999997,2.04,0.00010239999999999997,2.04,0.010239999999999999,3.52
1.2820000000000002e-06,1.8,1.0256000000000001e-05,1.84,0.00010256,2.04,0.00010256,2.0,0.010255999999999998,3.6
1.2840000000000003e-06,1.8,1.0272000000000003e-05,1.84,0.00010272000000000002,2.04,0.00010272000000000002,2.04,0.010272,3.6
1.2860000000000005e-06,1.8,1.0288000000000004e-05,1.8800000000000001,0.00010287999999999999,2.04,0.00010287999999999999,2.08,0.010287999999999999,3.64
1.2880000000000002e-06,1.76,1.0304000000000002e-05,1.84,0.00010304000000000002,2.04,0.00010304000000000002,2.04,0.010303999999999997,3.68
1.2900000000000004e-06,1.76,1.0320000000000003e-05,1.84,0.00010319999999999999,2.04,0.00010319999999999999,2.04,0.01032,3.68
1.2920000000000005e-06,1.8,1.0336000000000004e-05,1.84,0.00010336000000000001,2.04,0.00010336000000000001,2.04,0.010335999999999998,3.72
1.2940000000000002e-06,1.84,1.0352000000000002e-05,1.84,0.00010351999999999998,2.04,0.00010351999999999998,2.0,0.010352,3.7600000000000002
1.2960000000000004e-06,1.84,1.0368000000000003e-05,1.84,0.00010368000000000001,2.0,0.00010368000000000001,2.0,0.010367999999999999,3.8000000000000003
1.2980000000000001e-06,1.8,1.0384000000000001e-05,1.84,0.00010383999999999998,2.0,0.00010383999999999998,2.04,0.010383999999999997,3.8000000000000003
1.3000000000000003e-06,1.8,1.0400000000000002e-05,1.8,0.00010400000000000001,2.04,0.00010400000000000001,2.0,0.0104,3.8000000000000003
1.3020000000000004e-06,1.8,1.0416000000000003e-05,1.84,0.00010415999999999998,2.0,0.00010415999999999998,2.0,0.010415999999999998,3.8000000000000003
1.3040000000000001e-06,1.84,1.0432000000000001e-05,1.84,0.00010432,2.0,0.00010432,2.0,0.010431999999999997,3.84
1.3060000000000003e-06,1.84,1.0448000000000002e-05,1.84,0.00010447999999999998,2.04,0.00010447999999999998,2.0,0.010447999999999999,3.84
1.3080000000000004e-06,1.84,1.0464000000000003e-05,1.84,0.00010464,2.04,0.00010464,2.04,0.010463999999999998,3.84
1.3100000000000002e-06,1.84,1.0480000000000001e-05,1.84,0.00010479999999999997,2.04,0.00010479999999999997,2.04,0.01048,3.84
1.3120000000000003e-06,1.84,1.0496000000000003e-05,1.8800000000000001,0.00010496,2.0,0.00010496,2.0,0.010495999999999998,3.88
1.3140000000000005e-06,1.84,1.0512000000000004e-05,1.84,0.00010511999999999997,2.0,0.00010511999999999997,2.0,0.010511999999999997,3.88
1.3160000000000002e-06,1.84,1.0528000000000002e-05,1.84,0.00010528,2.04,0.00010528,2.04,0.010528,3.88
1.3180000000000003e-06,1.8,1.0544000000000003e-05,1.84,0.00010543999999999997,2.04,0.00010543999999999997,2.04,0.010543999999999998,3.88
1.3200000000000005e-06,1.8,1.0560000000000004e-05,1.84,0.00010559999999999999,2.0,0.00010559999999999999,2.0,0.01056,3.88
1.3220000000000002e-06,1.8,1.0576000000000002e-05,1.84,0.00010576000000000002,2.04,0.00010576000000000002,2.0,0.010575999999999999,3.92
1.3240000000000004e-06,1.8,1.0592000000000003e-05,1.84,0.00010591999999999999,2.0,0.00010591999999999999,2.0,0.010591999999999997,3.92
1.326e-06,1.8,1.0608e-05,1.84,0.00010608000000000001,2.0,0.00010608000000000001,2.0,0.010608,3.96
1.3280000000000002e-06,1.8,1.0624000000000002e-05,1.84,0.00010623999999999999,2.0,0.00010623999999999999,2.0,0.010623999999999998,3.92
1.3300000000000004e-06,1.8,1.0640000000000003e-05,1.84,0.00010640000000000001,2.0,0.00010640000000000001,2.0,0.01064,3.92
1.3320000000000001e-06,1.8,1.0656000000000001e-05,1.84,0.00010655999999999998,2.0,0.00010655999999999998,2.0,0.010655999999999999,3.92
1.3340000000000003e-06,1.84,1.0672000000000002e-05,1.84,0.00010672000000000001,2.0,0.00010672000000000001,2.0,0.010671999999999997,3.96
1.3360000000000004e-06,1.84,1.0688000000000003e-05,1.84,0.00010687999999999998,1.96,0.00010687999999999998,2.0,0.010688,3.96
1.3380000000000001e-06,1.84,1.0704000000000001e-05,1.84,0.00010704,2.0,0.00010704,2.0,0.010703999999999998,3.96
1.3400000000000003e-06,1.84,1.0720000000000002e-05,1.84,0.00010719999999999998,2.0,0.00010719999999999998,2.0,0.010719999999999997,3.92
1.3420000000000004e-06,1.84,1.0736000000000004e-05,1.8,0.00010736,2.0,0.00010736,2.0,0.010735999999999999,3.96
1.3440000000000002e-06,1.84,1.0752000000000001e-05,1.84,0.00010751999999999997,2.0,0.00010751999999999997,1.96,0.010751999999999998,3.96
1.3460000000000003e-06,1.8,1.0768000000000003e-05,1.84,0.00010768,2.0,0.00010768,1.96,0.010768,3.96
1.3480000000000005e-06,1.8,1.0784000000000004e-05,1.84,0.00010783999999999997,1.96,0.00010783999999999997,1.96,0.010783999999999998,3.92
1.3500000000000002e-06,1.8,1.0800000000000002e-05,1.84,0.000108,2.0,0.000108,1.96,0.010799999999999997,3.92
1.3520000000000004e-06,1.84,1.0816000000000003e-05,1.84,0.00010815999999999997,2.0,0.00010815999999999997,1.96,0.010816,3.96
1.3540000000000005e-06,1.84,1.0832000000000004e-05,1.84,0.00010831999999999999,1.96,0.00010831999999999999,1.96,0.010831999999999998,3.96
1.3560000000000002e-06,1.8,1.0848000000000002e-05,1.84,0.00010848000000000002,1.96,0.00010848000000000002,1.96,0.010848,4.0
1.3580000000000004e-06,1.8,1.0864000000000003e-05,1.84,0.00010863999999999999,1.96,0.00010863999999999999,1.96,0.010863999999999999,3.96
1.3600000000000001e-06,1.8,1.0880000000000001e-05,1.8,0.00010880000000000002,1.96,0.00010880000000000002,1.96,0.010879999999999997,3.96
1.3620000000000003e-06,1.8,1.0896000000000002e-05,1.84,0.00010895999999999999,1.96,0.00010895999999999999,1.96,0.010896,3.96
1.3640000000000004e-06,1.84,1.0912000000000003e-05,1.84,0.00010912000000000001,1.96,0.00010912000000000001,1.92,0.010911999999999998,3.96
1.3660000000000001e-06,1.84,1.0928000000000001e-05,1.84,0.00010927999999999998,2.0,0.00010927999999999998,1.96,0.010927999999999997,4.0
1.3680000000000003e-06,1.8,1.0944000000000002e-05,1.84,0.00010944000000000001,1.96,0.00010944000000000001,1.92,0.010943999999999999,3.96
1.3700000000000004e-06,1.8,1.0960000000000003e-05,1.84,0.00010959999999999998,1.96,0.00010959999999999998,1.96,0.010959999999999998,3.96
1.3720000000000002e-06,1.8,1.0976000000000001e-05,1.84,0.00010976,1.96,0.00010976,1.92,0.010976,4.0
1.3740000000000003e-06,1.84,1.0992000000000003e-05,1.84,0.00010991999999999998,1.96,0.00010991999999999998,1.92,0.010991999999999998,3.92
1.3760000000000005e-06,1.84,1.1008000000000004e-05,1.84,0.00011008,1.92,0.00011008,1.92,0.011007999999999997,3.96
1.3780000000000002e-06,1.84,1.1024000000000002e-05,1.84,0.00011023999999999997,1.96,0.00011023999999999997,1.92,0.011023999999999999,3.96
1.3800000000000003e-06,1.8,1.1040000000000003e-05,1.84,0.0001104,1.96,0.0001104,1.92,0.011039999999999998,4.0
1.3820000000000005e-06,1.8,1.1056000000000004e-05,1.8,0.00011055999999999997,1.96,0.00011055999999999997,1.92,0.011056,3.96
1.3840000000000002e-06,1.8,1.1072000000000002e-05,1.8,0.00011072,1.96,0.00011072,1.92,0.011071999999999999,3.96
1.3860000000000004e-06,1.8,1.1088000000000003e-05,1.8,0.00011087999999999997,1.92,0.00011087999999999997,1.92,0.011087999999999997,4.0
1.388e-06,1.8,1.1104e-05,1.84,0.00011104,1.92,0.00011104,1.92,0.011104,3.96
1.3900000000000002e-06,1.8,1.1120000000000002e-05,1.8,0.00011120000000000002,1.96,0.00011120000000000002,1.92,0.011119999999999998,3.96
1.3920000000000004e-06,1.8,1.1136000000000003e-05,1.84,0.00011135999999999999,1.92,0.00011135999999999999,1.92,0.011136,4.0
1.3940000000000001e-06,1.84,1.1152000000000001e-05,1.84,0.00011152000000000002,1.92,0.00011152000000000002,1.92,0.011151999999999999,3.96
1.3960000000000003e-06,1.8,1.1168000000000002e-05,1.84,0.00011167999999999999,1.92,0.00011167999999999999,1.8800000000000001,0.011167999999999997,3.96
1.3980000000000004e-06,1.8,1.1184000000000003e-05,1.8,0.00011184000000000001,1.92,0.00011184000000000001,1.92,0.011184,4.0
1.4000000000000001e-06,1.8,1.1200000000000001e-05,1.84,0.00011199999999999998,1.92,0.00011199999999999998,1.92,0.011199999999999998,3.96
1.4020000000000003e-06,1.8,1.1216000000000002e-05,1.84,0.00011216000000000001,1.96,0.00011216000000000001,1.8800000000000001,0.011215999999999997,3.96
1.4040000000000004e-06,1.84,1.1232000000000004e-05,1.8,0.00011231999999999998,1.92,0.00011231999999999998,1.92,0.011231999999999999,3.96
1.4060000000000002e-06,1.8,1.1248000000000001e-05,1.84,0.00011248000000000001,1.92,0.00011248000000000001,1.92,0.011247999999999998,3.96
1.4080000000000003e-06,1.8,1.1264000000000003e-05,1.84,0.00011263999999999998,1.92,0.00011263999999999998,1.8800000000000001,0.011264,3.96
1.4100000000000005e-06,1.84,1.1280000000000004e-05,1.84,0.0001128,1.8800000000000001,0.0001128,1.8800000000000001,0.011279999999999998,3.96
1.4120000000000002e-06,1.84,1.1296000000000002e-05,1.8,0.00011295999999999998,1.8800000000000001,0.00011295999999999998,1.92,0.011295999999999997,3.96
1.4140000000000004e-06,1.84,1.1312000000000003e-05,1.84,0.00011312,1.92,0.00011312,1.8800000000000001,0.011312,4.0
1.4160000000000005e-06,1.8,1.1328000000000004e-05,1.8,0.00011327999999999997,1.8800000000000001,0.00011327999999999997,1.8800000000000001,0.011327999999999998,3.96
1.4180000000000002e-06,1.8,1.1344000000000002e-05,1.8,0.00011344,1.92,0.00011344,1.8800000000000001,0.011344,3.96
1.4200000000000004e-06,1.84,1.1360000000000003e-05,1.8,0.00011359999999999997,1.92,0.00011359999999999997,1.8800000000000001,0.011359999999999999,3.96
1.4220000000000001e-06,1.84,1.1376000000000001e-05,1.84,0.00011376,1.92,0.00011376,1.8800000000000001,0.011375999999999997,4.0
1.4240000000000003e-06,1.8,1.1392000000000002e-05,1.8,0.00011391999999999997,1.92,0.00011391999999999997,1.8800000000000001,0.011392,3.96
1.4260000000000004e-06,1.8,1.1408000000000003e-05,1.84,0.00011407999999999999,1.8800000000000001,0.00011407999999999999,1.8800000000000001,0.011407999999999998,3.96
1.4280000000000001e-06,1.76,1.1424000000000001e-05,1.84,0.00011424000000000002,1.8800000000000001,0.00011424000000000002,1.8800000000000001,0.011424,3.96
1.4300000000000003e-06,1.8,1.1440000000000002e-05,1.84,0.00011439999999999999,1.8800000000000001,0.00011439999999999999,1.8800000000000001,0.011439999999999999,3.96
1.4320000000000004e-06,1.8,1.1456000000000003e-05,1.84,0.00011456000000000001,1.8800000000000001,0.00011456000000000001,1.84,0.011455999999999997,4.0
1.4340000000000002e-06,1.84,1.1472000000000001e-05,1.8,0.00011471999999999999,1.8800000000000001,0.00011471999999999999,1.8800000000000001,0.011472,3.96
1.4360000000000003e-06,1.8,1.1488000000000002e-05,1.8,0.00011488000000000001,1.92,0.00011488000000000001,1.8800000000000001,0.011487999999999998,3.96
1.4380000000000005e-06,1.76,1.1504000000000004e-05,1.84,0.00011503999999999998,1.8800000000000001,0.00011503999999999998,1.8800000000000001,0.011503999999999997,4.0
1.4400000000000002e-06,1.8,1.1520000000000002e-05,1.84,0.00011520000000000001,1.8800000000000001,0.00011520000000000001,1.8800000000000001,0.011519999999999999,3.92
1.4420000000000003e-06,1.84,1.1536000000000003e-05,1.84,0.00011535999999999998,1.8800000000000001,0.00011535999999999998,1.84,0.011535999999999998,3.96
1.4440000000000005e-06,1.8,1.1552000000000004e-05,1.8,0.00011552,1.8800000000000001,0.00011552,1.8800000000000001,0.011552,3.96
1.4460000000000002e-06,1.8,1.1568000000000002e-05,1.84,0.00011567999999999998,1.8800000000000001,0.00011567999999999998,1.84,0.011567999999999998,3.96
1.4480000000000004e-06,1.8,1.1584000000000003e-05,1.84,0.00011584,1.8800000000000001,0.00011584,1.8800000000000001,0.011583999999999997,3.96
1.4500000000000005e-06,1.8,1.1600000000000004e-05,1.84,0.00011599999999999997,1.84,0.00011599999999999997,1.84,0.0116,4.0
1.4520000000000002e-06,1.84,1.1616000000000002e-05,1.84,0.00011616,1.8800000000000001,0.00011616,1.8800000000000001,0.011615999999999998,3.96
1.4540000000000004e-06,1.84,1.1632000000000003e-05,1.8,0.00011631999999999997,1.8800000000000001,0.00011631999999999997,1.84,0.011632,3.96
1.4560000000000001e-06,1.8800000000000001,1.1648000000000001e-05,1.84,0.00011648,1.8800000000000001,0.00011648,1.8800000000000001,0.011647999999999999,4.0
1.4580000000000003e-06,1.96,1.1664000000000002e-05,1.84,0.00011663999999999997,1.8800000000000001,0.00011663999999999997,1.84,0.011663999999999997,3.96
1.4600000000000004e-06,2.04,1.1680000000000003e-05,1.8,0.00011679999999999999,1.8800000000000001,0.00011679999999999999,1.84,0.01168,3.96
1.4620000000000001e-06,2.08,1.1696000000000001e-05,1.8,0.00011696000000000002,1.84,0.00011696000000000002,1.84,0.011695999999999998,3.96
1.4640000000000003e-06,2.04,1.1712000000000002e-05,1.8,0.00011711999999999999,1.8800000000000001,0.00011711999999999999,1.84,0.011711999999999997,4.0
1.4660000000000004e-06,2.04,1.1728000000000004e-05,1.8,0.00011728000000000002,1.84,0.00011728000000000002,1.84,0.011727999999999999,4.0
1.4680000000000002e-06,2.16,1.1744000000000001e-05,1.8,0.00011743999999999999,1.84,0.00011743999999999999,1.84,0.011743999999999997,3.96
1.4700000000000003e-06,2.24,1.1760000000000003e-05,1.84,0.00011760000000000001,1.84,0.00011760000000000001,1.84,0.01176,3.96
1.4720000000000005e-06,2.2800000000000002,1.1776000000000004e-05,1.8,0.00011775999999999998,1.84,0.00011775999999999998,1.84,0.011775999999999998,4.0
1.4740000000000002e-06,2.2800000000000002,1.1792000000000002e-05,1.8,0.00011792000000000001,1.84,0.00011792000000000001,1.84,0.011791999999999997,3.96
1.4760000000000004e-06,2.36,1.1808000000000003e-05,1.8,0.00011807999999999998,1.84,0.00011807999999999998,1.84,0.011807999999999999,3.96
1.4780000000000005e-06,2.44,1.1824000000000004e-05,1.84,0.00011824,1.8,0.00011824,1.8,0.011823999999999998,4.0
1.4800000000000002e-06,2.52,1.1840000000000002e-05,1.76,0.00011839999999999998,1.84,0.00011839999999999998,1.84,0.01184,3.96
1.4820000000000004e-06,2.56,1.1856000000000003e-05,1.84,0.00011856,1.84,0.00011856,1.8,0.011855999999999998,3.96
1.4840000000000001e-06,2.56,1.1872000000000001e-05,1.84,0.00011871999999999997,1.84,0.00011871999999999997,1.8,0.011871999999999997,4.0
1.4860000000000003e-06,2.56,1.1888000000000002e-05,1.8,0.00011888,1.84,0.00011888,1.8,0.011888,4.0
1.4880000000000004e-06,2.56,1.1904000000000003e-05,1.8,0.00011903999999999997,1.8,0.00011903999999999997,1.84,0.011903999999999998,4.0
1.4900000000000001e-06,2.48,1.1920000000000001e-05,1.8,0.0001192,1.84,0.0001192,1.8,0.01192,3.96
1.4920000000000003e-06,2.44,1.1936000000000002e-05,1.84,0.00011935999999999997,1.84,0.00011935999999999997,1.84,0.011935999999999999,3.96
1.4940000000000004e-06,2.32,1.1952000000000003e-05,1.8,0.00011952,1.84,0.00011952,1.8,0.011951999999999997,3.96
1.4960000000000002e-06,2.2,1.1968000000000001e-05,1.84,0.00011968000000000002,1.84,0.00011968000000000002,1.8,0.011968,3.96
1.4980000000000003e-06,2.08,1.1984000000000002e-05,1.8,0.00011983999999999999,1.84,0.00011983999999999999,1.8,0.011983999999999998,3.96
1.5000000000000005e-06,2.0,1.2000000000000004e-05,1.8,0.00012000000000000002,1.8,0.00012000000000000002,1.8,0.011999999999999997,3.96
1.5020000000000002e-06,1.8800000000000001,1.2016000000000002e-05,1.8,0.00012015999999999999,1.8,0.00012015999999999999,1.8,0.012015999999999999,4.0
1.5040000000000003e-06,1.8,1.2032000000000003e-05,1.8,0.00012032000000000001,1.84,0.00012032000000000001,1.8,0.012031999999999998,4.0
1.5060000000000005e-06,1.72,1.2048000000000004e-05,1.8,0.00012047999999999998,1.76,0.00012047999999999998,1.8,0.012048,4.0
1.5080000000000002e-06,1.72,1.2064000000000002e-05,1.84,0.00012064000000000001,1.84,0.00012064000000000001,1.8,0.012063999999999998,3.96
1.5100000000000004e-06,1.72,1.2080000000000003e-05,1.8,0.00012079999999999998,1.8,0.00012079999999999998,1.8,0.012079999999999997,3.96
1.5120000000000005e-06,1.76,1.2096000000000004e-05,1.84,0.00012096000000000001,1.8,0.00012096000000000001,1.76,0.012095999999999999,3.96
1.5140000000000002e-06,1.84,1.2112000000000002e-05,1.8,0.00012111999999999998,1.84,0.00012111999999999998,1.8,0.012111999999999998,3.96
1.5160000000000004e-06,1.92,1.2128000000000003e-05,1.8,0.00012128,1.8,0.00012128,1.8,0.012128,4.0
1.5180000000000001e-06,2.0,1.2144000000000001e-05,1.84,0.00012143999999999998,1.8,0.00012143999999999998,1.76,0.012143999999999999,3.96
1.5200000000000003e-06,2.08,1.2160000000000002e-05,1.8,0.0001216,1.8,0.0001216,1.8,0.012159999999999997,4.0
1.5220000000000004e-06,2.2,1.2176000000000003e-05,1.8,0.00012175999999999997,1.76,0.00012175999999999997,1.8,0.012176,3.96
1.5240000000000001e-06,2.2800000000000002,1.2192000000000001e-05,1.84,0.00012192,1.8,0.00012192,1.8,0.012191999999999998,4.0
1.5260000000000003e-06,2.4,1.2208000000000002e-05,1.8,0.00012207999999999997,1.8,0.00012207999999999997,1.8,0.012208,3.96
1.5280000000000004e-06,2.44,1.2224000000000004e-05,1.84,0.00012224,1.76,0.00012224,1.76,0.012223999999999999,3.96
1.5300000000000002e-06,2.48,1.2240000000000001e-05,1.8,0.00012239999999999997,1.8,0.00012239999999999997,1.76,0.012239999999999997,3.96
1.5320000000000003e-06,2.48,1.2256000000000003e-05,1.8,0.00012256,1.8,0.00012256,1.76,0.012256,4.0
1.5340000000000005e-06,2.48,1.2272000000000004e-05,1.8,0.00012272000000000002,1.76,0.00012272000000000002,1.76,0.012271999999999998,4.0
1.5360000000000002e-06,2.4,1.2288000000000002e-05,1.8,0.00012288,1.8,0.00012288,1.76,0.012287999999999997,3.96
1.5380000000000004e-06,2.36,1.2304000000000003e-05,1.8,0.00012304000000000001,1.8,0.00012304000000000001,1.76,0.012303999999999999,4.0
1.5400000000000005e-06,2.2800000000000002,1.2320000000000004e-05,1.8,0.00012319999999999999,1.76,0.00012319999999999999,1.76,0.012319999999999998,4.0
1.5420000000000002e-06,2.2,1.2336000000000002e-05,1.84,0.00012336,1.8,0.00012336,1.76,0.012336,3.96
1.5440000000000004e-06,2.12,1.2352000000000003e-05,1.8,0.00012351999999999998,1.8,0.00012351999999999998,1.76,0.012351999999999998,4.0
1.546e-06,2.04,1.2368e-05,1.8,0.00012368,1.76,0.00012368,1.76,0.012367999999999997,3.96
1.5480000000000003e-06,2.0,1.2384000000000002e-05,1.8,0.00012383999999999998,1.8,0.00012383999999999998,1.76,0.012384,4.0
1.5500000000000004e-06,1.96,1.2400000000000003e-05,1.8,0.000124,1.76,0.000124,1.76,0.012399999999999998,4.04
1.5520000000000001e-06,1.96,1.2416000000000001e-05,1.8,0.00012415999999999998,1.76,0.00012415999999999998,1.76,0.012416,4.0
1.5540000000000003e-06,1.96,1.2432000000000002e-05,1.84,0.00012432,1.76,0.00012432,1.8,0.012431999999999999,3.96
1.5560000000000004e-06,1.96,1.2448000000000003e-05,1.8,0.00012447999999999997,1.76,0.00012447999999999997,1.76,0.012447999999999997,3.96
1.5580000000000002e-06,2.0,1.2464000000000001e-05,1.8,0.00012464,1.76,0.00012464,1.76,0.012464,3.96
1.5600000000000003e-06,2.04,1.2480000000000002e-05,1.8,0.00012479999999999997,1.8,0.00012479999999999997,1.76,0.012479999999999998,3.96
1.5620000000000005e-06,2.08,1.2496000000000004e-05,1.8,0.00012496,1.76,0.00012496,1.76,0.012495999999999997,3.96
1.5640000000000002e-06,2.12,1.2512000000000002e-05,1.8,0.00012511999999999997,1.76,0.00012511999999999997,1.76,0.012511999999999999,4.0
1.5660000000000003e-06,2.16,1.2528000000000003e-05,1.8,0.00012528,1.76,0.00012528,1.76,0.012527999999999997,3.96
1.5680000000000005e-06,2.2,1.2544000000000004e-05,1.84,0.00012544000000000002,1.76,0.00012544000000000002,1.72,0.012544,3.96
1.5700000000000002e-06,2.2,1.2560000000000002e-05,1.8,0.0001256,1.76,0.0001256,1.76,0.012559999999999998,4.0
1.5720000000000004e-06,2.2,1.2576000000000003e-05,1.84,0.00012576000000000002,1.76,0.00012576000000000002,1.76,0.012575999999999997,4.0
1.5740000000000005e-06,2.24,1.2592000000000004e-05,1.8,0.00012592,1.76,0.00012592,1.72,0.012591999999999999,3.96
1.5760000000000002e-06,2.24,1.2608000000000002e-05,1.8,0.00012608,1.76,0.00012608,1.72,0.012607999999999998,3.96
1.5780000000000004e-06,2.2,1.2624000000000003e-05,1.8,0.00012623999999999998,1.76,0.00012623999999999998,1.76,0.012624,3.96
1.5800000000000001e-06,2.2,1.2640000000000001e-05,1.8,0.0001264,1.76,0.0001264,1.72,0.012639999999999998,4.0
1.5820000000000003e-06,2.16,1.2656000000000002e-05,1.8,0.00012655999999999998,1.76,0.00012655999999999998,1.72,0.012655999999999997,4.0
1.5840000000000004e-06,2.16,1.2672000000000003e-05,1.8,0.00012672,1.72,0.00012672,1.72,0.012672,4.0
1.5860000000000001e-06,2.16,1.2688000000000001e-05,1.8,0.00012687999999999998,1.76,0.00012687999999999998,1.72,0.012687999999999998,4.0
1.5880000000000003e-06,2.12,1.2704000000000002e-05,1.84,0.00012704,1.72,0.00012704,1.72,0.012704,3.96
1.5900000000000004e-06,2.12,1.2720000000000004e-05,1.8,0.00012719999999999997,1.72,0.00012719999999999997,1.76,0.012719999999999999,4.0
1.5920000000000002e-06,2.12,1.2736000000000001e-05,1.84,0.00012736,1.72,0.00012736,1.72,0.012735999999999997,3.96
1.5940000000000003e-06,2.12,1.2752000000000003e-05,1.8,0.00012751999999999997,1.76,0.00012751999999999997,1.72,0.012752,3.96
1.5960000000000005e-06,2.12,1.2768000000000004e-05,1.8,0.00012768,1.72,0.00012768,1.72,0.012767999999999998,4.0
1.5980000000000002e-06,2.16,1.2784000000000002e-05,1.8,0.00012783999999999997,1.72,0.00012783999999999997,1.68,0.012783999999999997,4.0
1.6000000000000004e-06,2.16,1.2800000000000003e-05,1.8,0.000128,1.72,0.000128,1.72,0.012799999999999999,4.0
1.6020000000000005e-06,2.16,1.2816000000000004e-05,1.8,0.00012816000000000002,1.72,0.00012816000000000002,1.68,0.012815999999999998,4.0
1.6040000000000002e-06,2.16,1.2832000000000002e-05,1.8,0.00012832,1.72,0.00012832,1.68,0.012832,4.0
1.6060000000000004e-06,2.16,1.2848000000000003e-05,1.8,0.00012848000000000002,1.72,0.00012848000000000002,1.72,0.012847999999999998,3.96
1.608e-06,2.16,1.2864e-05,1.8,0.00012864,1.72,0.00012864,1.68,0.012863999999999997,4.0
1.6100000000000003e-06,2.16,1.2880000000000002e-05,1.8,0.00012880000000000001,1.72,0.00012880000000000001,1.72,0.012879999999999999,3.96
1.6120000000000004e-06,2.16,1.2896000000000003e-05,1.84,0.00012895999999999999,1.72,0.00012895999999999999,1.72,0.012895999999999998,4.0
1.6140000000000001e-06,2.16,1.2912000000000001e-05,1.8,0.00012912,1.72,0.00012912,1.68,0.012912,3.96
1.6160000000000003e-06,2.16,1.2928000000000002e-05,1.8,0.00012927999999999998,1.72,0.00012927999999999998,1.68,0.012927999999999999,4.0
1.6180000000000004e-06,2.16,1.2944000000000003e-05,1.8,0.00012944,1.68,0.00012944,1.72,0.012943999999999997,3.96
1.6200000000000002e-06,2.12,1.2960000000000001e-05,1.84,0.00012959999999999998,1.68,0.00012959999999999998,1.68,0.01296,4.0
1.6220000000000003e-06,2.12,1.2976000000000002e-05,1.8,0.00012976,1.68,0.00012976,1.72,0.012975999999999998,4.0
1.6240000000000005e-06,2.12,1.2992000000000004e-05,1.8,0.00012991999999999998,1.68,0.00012991999999999998,1.68,0.012992,3.96
1.6260000000000002e-06,2.12,1.3008000000000001e-05,1.84,0.00013008,1.72,0.00013008,1.68,0.013007999999999999,3.96
1.6280000000000003e-06,2.12,1.3024000000000003e-05,1.8,0.00013023999999999997,1.72,0.00013023999999999997,1.68,0.013023999999999997,4.0
1.6300000000000005e-06,2.12,1.3040000000000004e-05,1.8,0.0001304,1.68,0.0001304,1.68,0.01304,4.0
1.6320000000000002e-06,2.12,1.3056000000000002e-05,1.84,0.00013055999999999997,1.72,0.00013055999999999997,1.68,0.013055999999999998,4.0
1.6340000000000004e-06,2.16,1.3072000000000003e-05,1.8,0.00013072,1.68,0.00013072,1.68,0.013071999999999997,3.96
1.6360000000000005e-06,2.16,1.3088000000000004e-05,1.8,0.00013087999999999997,1.68,0.00013087999999999997,1.68,0.013087999999999999,3.96
1.6380000000000002e-06,2.16,1.3104000000000002e-05,1.8,0.00013104,1.68,0.00013104,1.68,0.013103999999999998,4.0
1.6400000000000004e-06,2.16,1.3120000000000003e-05,1.8,0.00013120000000000002,1.68,0.00013120000000000002,1.68,0.01312,3.96
1.6420000000000001e-06,2.2,1.3136000000000001e-05,1.8,0.00013136,1.72,0.00013136,1.68,0.013135999999999998,4.0
1.6440000000000003e-06,2.16,1.3152000000000002e-05,1.8,0.00013152000000000001,1.72,0.00013152000000000001,1.68,0.013151999999999997,4.0
1.6460000000000004e-06,2.16,1.3168000000000003e-05,1.84,0.00013167999999999999,1.68,0.00013167999999999999,1.68,0.013168,4.0
1.6480000000000001e-06,2.16,1.3184000000000001e-05,1.76,0.00013184,1.68,0.00013184,1.68,0.013183999999999998,3.96
1.6500000000000003e-06,2.16,1.3200000000000002e-05,1.8,0.00013199999999999998,1.68,0.00013199999999999998,1.68,0.0132,3.96
1.6520000000000004e-06,2.16,1.3216000000000004e-05,1.8,0.00013216,1.68,0.00013216,1.68,0.013215999999999999,3.96
1.6540000000000002e-06,2.16,1.3232000000000001e-05,1.8,0.00013231999999999998,1.68,0.00013231999999999998,1.68,0.013231999999999997,4.0
1.6560000000000003e-06,2.12,1.3248000000000003e-05,1.8,0.00013248,1.72,0.00013248,1.68,0.013248,4.0
1.6580000000000005e-06,2.12,1.3264000000000004e-05,1.8,0.00013263999999999998,1.68,0.00013263999999999998,1.68,0.013263999999999998,3.96
1.6600000000000002e-06,2.12,1.3280000000000002e-05,1.76,0.0001328,1.68,0.0001328,1.68,0.013279999999999997,4.0
1.6620000000000004e-06,2.12,1.3296000000000003e-05,1.8,0.00013295999999999997,1.68,0.00013295999999999997,1.6400000000000001,0.013295999999999999,3.96
1.6640000000000005e-06,2.16,1.3312000000000004e-05,1.8,0.00013312,1.68,0.00013312,1.68,0.013311999999999997,4.0
1.6660000000000002e-06,2.12,1.3328000000000002e-05,1.8,0.00013327999999999997,1.68,0.00013327999999999997,1.6400000000000001,0.013328,4.0
1.6680000000000004e-06,2.12,1.3344000000000003e-05,1.8,0.00013344,1.68,0.00013344,1.68,0.013343999999999998,3.96
1.6700000000000005e-06,2.16,1.3360000000000004e-05,1.8,0.00013359999999999997,1.6400000000000001,0.00013359999999999997,1.6400000000000001,0.013359999999999997,4.0
1.6720000000000003e-06,2.2,1.3376000000000002e-05,1.8,0.00013376,1.68,0.00013376,1.6400000000000001,0.013375999999999999,4.0
1.6740000000000004e-06,2.2,1.3392000000000003e-05,1.8,0.00013392000000000002,1.68,0.00013392000000000002,1.6400000000000001,0.013391999999999998,3.96
1.6760000000000001e-06,2.16,1.3408000000000001e-05,1.8,0.00013408,1.6400000000000001,0.00013408,1.6400000000000001,0.013408,4.0
1.6780000000000003e-06,2.16,1.3424000000000002e-05,1.8,0.00013424000000000002,1.6400000000000001,0.00013424000000000002,1.6,0.013423999999999998,4.0
1.6800000000000004e-06,2.16,1.3440000000000003e-05,1.8,0.0001344,1.68,0.0001344,1.6400000000000001,0.013439999999999997,3.96
1.6820000000000002e-06,2.16,1.3456000000000001e-05,1.8,0.00013456,1.6400000000000001,0.00013456,1.6400000000000001,0.013456,3.96
1.6840000000000003e-06,2.16,1.3472000000000002e-05,1.8,0.00013471999999999998,1.68,0.00013471999999999998,1.6,0.013471999999999998,3.96
1.6860000000000005e-06,2.12,1.3488000000000004e-05,1.8,0.00013488,1.6400000000000001,0.00013488,1.6400000000000001,0.013488,3.96
1.6880000000000002e-06,2.12,1.3504000000000001e-05,1.8,0.00013503999999999998,1.6400000000000001,0.00013503999999999998,1.6400000000000001,0.013503999999999999,4.0
1.6900000000000003e-06,2.16,1.3520000000000003e-05,1.76,0.0001352,1.68,0.0001352,1.6400000000000001,0.013519999999999997,4.0
1.6920000000000005e-06,2.16,1.3536000000000004e-05,1.8,0.00013535999999999998,1.6400000000000001,0.00013535999999999998,1.6,0.013536,3.96
1.6940000000000002e-06,2.16,1.3552000000000002e-05,1.8,0.00013552,1.6,0.00013552,1.6400000000000001,0.013551999999999998,4.0
1.6960000000000004e-06,2.12,1.3568000000000003e-05,1.8,0.00013567999999999997,1.6400000000000001,0.00013567999999999997,1.6400000000000001,0.013567999999999997,3.96
1.6980000000000005e-06,2.12,1.3584000000000004e-05,1.8,0.00013584,1.6,0.00013584,1.6400000000000001,0.013583999999999999,4.0
1.7000000000000002e-06,2.12,1.3600000000000002e-05,1.8,0.00013599999999999997,1.6,0.00013599999999999997,1.6,0.013599999999999998,3.96
1.7020000000000004e-06,2.16,1.3616000000000003e-05,1.8,0.00013616,1.6400000000000001,0.00013616,1.6400000000000001,0.013616,3.96
1.7040000000000001e-06,2.16,1.3632000000000001e-05,1.76,0.00013631999999999997,1.6400000000000001,0.00013631999999999997,1.6400000000000001,0.013631999999999998,3.96
1.7060000000000003e-06,2.12,1.3648000000000002e-05,1.8,0.00013648,1.6,0.00013648,1.6,0.013647999999999997,3.96
1.7080000000000004e-06,2.12,1.3664000000000003e-05,1.8,0.00013664000000000002,1.6400000000000001,0.00013664000000000002,1.6,0.013663999999999999,3.96
1.7100000000000001e-06,2.16,1.3680000000000001e-05,1.76,0.0001368,1.6400000000000001,0.0001368,1.6,0.013679999999999998,4.0
1.7120000000000003e-06,2.2,1.3696000000000002e-05,1.76,0.00013696000000000002,1.6,0.00013696000000000002,1.6,0.013696,3.96
1.7140000000000004e-06,2.16,1.3712000000000004e-05,1.8,0.00013712,1.6400000000000001,0.00013712,1.6,0.013711999999999998,4.0
1.7160000000000002e-06,2.16,1.3728000000000001e-05,1.8,0.00013728000000000001,1.6,0.00013728000000000001,1.6,0.013727999999999997,3.96
1.7180000000000003e-06,2.16,1.3744000000000003e-05,1.8,0.00013743999999999999,1.6400000000000001,0.00013743999999999999,1.6,0.013744,3.96
1.7200000000000005e-06,2.16,1.3760000000000004e-05,1.8,0.0001376,1.6,0.0001376,1.6,0.013759999999999998,4.0
1.7220000000000002e-06,2.12,1.3776000000000002e-05,1.8,0.00013775999999999998,1.6,0.00013775999999999998,1.6,0.013776,3.96
1.7240000000000003e-06,2.12,1.3792000000000003e-05,1.8,0.00013792,1.6400000000000001,0.00013792,1.6,0.013791999999999999,3.96
1.7260000000000005e-06,2.16,1.3808000000000004e-05,1.8,0.00013807999999999998,1.6,0.00013807999999999998,1.6,0.013807999999999997,3.96
1.7280000000000002e-06,2.16,1.3824000000000002e-05,1.8,0.00013824,1.6,0.00013824,1.6400000000000001,0.013824,4.0
1.7300000000000004e-06,2.16,1.3840000000000003e-05,1.8,0.00013839999999999998,1.6,0.00013839999999999998,1.6,0.013839999999999998,4.0
1.7320000000000005e-06,2.16,1.3856000000000004e-05,1.8,0.00013856,1.56,0.00013856,1.56,0.013855999999999997,3.96
1.7340000000000003e-06,2.16,1.3872000000000002e-05,1.8,0.00013871999999999997,1.6,0.00013871999999999997,1.6,0.013871999999999999,4.0
1.7360000000000004e-06,2.12,1.3888000000000003e-05,1.8,0.00013888,1.6,0.00013888,1.56,0.013887999999999998,4.0
1.7380000000000001e-06,2.12,1.3904000000000001e-05,1.76,0.00013903999999999997,1.6,0.00013903999999999997,1.6,0.013904,3.96
1.7400000000000003e-06,2.16,1.3920000000000002e-05,1.8,0.0001392,1.6400000000000001,0.0001392,1.6,0.013919999999999998,4.0
1.7420000000000004e-06,2.16,1.3936000000000003e-05,1.8,0.00013935999999999997,1.6,0.00013935999999999997,1.56,0.013935999999999997,3.96
1.7440000000000002e-06,2.16,1.3952000000000001e-05,1.8,0.00013952,1.6,0.00013952,1.6,0.013951999999999999,3.96
1.7460000000000003e-06,2.16,1.3968000000000002e-05,1.8,0.00013968000000000002,1.6,0.00013968000000000002,1.6,0.013967999999999998,4.0
1.7480000000000005e-06,2.16,1.3984000000000004e-05,1.8,0.00013984,1.6,0.00013984,1.56,0.013984,3.96
1.7500000000000002e-06,2.16,1.4000000000000001e-05,1.8,0.00014000000000000001,1.6,0.00014000000000000001,1.56,0.013999999999999999,3.96
1.7520000000000003e-06,2.16,1.4016000000000003e-05,1.8,0.00014015999999999999,1.6,0.00014015999999999999,1.56,0.014015999999999997,3.96
1.7540000000000005e-06,2.16,1.4032000000000004e-05,1.8,0.00014032,1.6,0.00014032,1.56,0.014032,4.0
1.7560000000000002e-06,2.12,1.4048000000000002e-05,1.8,0.00014047999999999998,1.56,0.00014047999999999998,1.6,0.014047999999999998,4.0
1.7580000000000004e-06,2.12,1.4064000000000003e-05,1.8,0.00014064,1.6,0.00014064,1.6,0.014063999999999997,4.0
1.7600000000000005e-06,2.12,1.4080000000000004e-05,1.8,0.00014079999999999998,1.6,0.00014079999999999998,1.52,0.014079999999999999,4.0
1.7620000000000002e-06,2.16,1.4096000000000002e-05,1.8,0.00014096,1.56,0.00014096,1.6,0.014095999999999997,3.96
1.7640000000000004e-06,2.16,1.4112000000000003e-05,1.76,0.00014111999999999998,1.6,0.00014111999999999998,1.56,0.014112,3.96
1.7660000000000001e-06,2.12,1.4128000000000001e-05,1.8,0.00014128,1.56,0.00014128,1.56,0.014127999999999998,3.96
1.7680000000000003e-06,2.12,1.4144000000000002e-05,1.8,0.00014143999999999997,1.6,0.00014143999999999997,1.56,0.014143999999999997,3.96
1.7700000000000004e-06,2.12,1.4160000000000003e-05,1.8,0.0001416,1.6,0.0001416,1.56,0.014159999999999999,3.96
1.7720000000000001e-06,2.16,1.4176000000000001e-05,1.76,0.00014175999999999997,1.56,0.00014175999999999997,1.56,0.014175999999999998,4.0
1.7740000000000003e-06,2.16,1.4192000000000002e-05,1.8,0.00014192,1.56,0.00014192,1.56,0.014192,4.0
1.7760000000000004e-06,2.16,1.4208000000000004e-05,1.76,0.00014207999999999997,1.6,0.00014207999999999997,1.52,0.014207999999999998,3.96
1.7780000000000002e-06,2.16,1.4224000000000001e-05,1.8,0.00014224,1.56,0.00014224,1.56,0.014223999999999997,3.96
1.7800000000000003e-06,2.16,1.4240000000000003e-05,1.76,0.00014240000000000002,1.56,0.00014240000000000002,1.56,0.01424,3.96
1.7820000000000005e-06,2.16,1.4256000000000004e-05,1.8,0.00014256,1.56,0.00014256,1.52,0.014255999999999998,3.96
1.7840000000000002e-06,2.16,1.4272000000000002e-05,1.8,0.00014272000000000002,1.56,0.00014272000000000002,1.52,0.014272,3.96
1.7860000000000003e-06,2.16,1.4288000000000003e-05,1.8,0.00014288,1.56,0.00014288,1.56,0.014287999999999999,4.0
1.7880000000000005e-06,2.16,1.4304000000000004e-05,1.8,0.00014304,1.56,0.00014304,1.56,0.014303999999999997,4.0
1.7900000000000002e-06,2.16,1.4320000000000002e-05,1.8,0.00014319999999999998,1.56,0.00014319999999999998,1.56,0.01432,3.96
1.7920000000000004e-06,2.12,1.4336000000000003e-05,1.8,0.00014336,1.56,0.00014336,1.52,0.014335999999999998,3.96
1.7940000000000005e-06,2.16,1.4352000000000004e-05,1.76,0.00014351999999999998,1.56,0.00014351999999999998,1.52,0.014351999999999997,3.96
1.7960000000000003e-06,2.16,1.4368000000000002e-05,1.8,0.00014368,1.56,0.00014368,1.52,0.014367999999999999,3.96
1.7980000000000004e-06,2.16,1.4384000000000003e-05,1.8,0.00014383999999999998,1.56,0.00014383999999999998,1.52,0.014383999999999997,3.96
1.8000000000000001e-06,2.16,1.4400000000000001e-05,1.8,0.000144,1.52,0.000144,1.52,0.0144,4.0
1.8020000000000003e-06,2.12,1.4416000000000002e-05,1.8,0.00014415999999999998,1.52,0.00014415999999999998,1.52,0.014415999999999998,4.0
1.8040000000000004e-06,2.16,1.4432000000000003e-05,1.8,0.00014432,1.56,0.00014432,1.52,0.014431999999999997,3.96
1.8060000000000002e-06,2.16,1.4448000000000001e-05,1.76,0.00014447999999999997,1.52,0.00014447999999999997,1.52,0.014447999999999999,3.96
1.8080000000000003e-06,2.16,1.4464000000000002e-05,1.8,0.00014464,1.52,0.00014464,1.52,0.014463999999999998,3.96
1.8100000000000005e-06,2.12,1.4480000000000004e-05,1.8,0.00014479999999999997,1.52,0.00014479999999999997,1.52,0.01448,3.96
1.8120000000000002e-06,2.12,1.4496000000000001e-05,1.8,0.00014496,1.48,0.00014496,1.52,0.014495999999999998,3.96
1.8140000000000003e-06,2.16,1.4512000000000003e-05,1.76,0.00014512000000000002,1.52,0.00014512000000000002,1.52,0.014511999999999997,4.0
1.8160000000000005e-06,2.2,1.4528000000000004e-05,1.8,0.00014528,1.56,0.00014528,1.52,0.014528,3.96
1.8180000000000006e-06,2.16,1.4544000000000005e-05,1.76,0.00014544000000000002,1.48,0.00014544000000000002,1.52,0.014543999999999998,3.96
1.82e-06,2.16,1.456e-05,1.8,0.0001456,1.56,0.0001456,1.52,0.014559999999999997,4.0
1.822e-06,2.16,1.4576e-05,1.76,0.00014576000000000001,1.52,0.00014576000000000001,1.52,0.014575999999999999,3.96
1.8240000000000002e-06,2.16,1.4592000000000002e-05,1.76,0.00014591999999999999,1.52,0.00014591999999999999,1.52,0.014591999999999997,4.0
1.8260000000000004e-06,2.16,1.4608000000000003e-05,1.76,0.00014608,1.52,0.00014608,1.52,0.014608,4.0
1.8280000000000005e-06,2.16,1.4624000000000004e-05,1.76,0.00014623999999999998,1.52,0.00014623999999999998,1.48,0.014623999999999998,3.96
1.8300000000000007e-06,2.16,1.4640000000000006e-05,1.76,0.0001464,1.48,0.0001464,1.48,0.014639999999999997,3.96
1.832e-06,2.12,1.4656e-05,1.76,0.00014655999999999998,1.52,0.00014655999999999998,1.52,0.014655999999999999,3.96
1.8340000000000001e-06,2.16,1.4672000000000001e-05,1.8,0.00014672,1.52,0.00014672,1.48,0.014671999999999998,4.0
1.8360000000000003e-06,2.16,1.4688000000000002e-05,1.76,0.00014687999999999998,1.52,0.00014687999999999998,1.52,0.014688,3.96
1.8380000000000004e-06,2.16,1.4704000000000004e-05,1.8,0.00014704,1.52,0.00014704,1.52,0.014703999999999998,4.0
1.8400000000000006e-06,2.12,1.4720000000000005e-05,1.76,0.00014719999999999997,1.52,0.00014719999999999997,1.48,0.014719999999999997,4.0
1.8420000000000007e-06,2.12,1.4736000000000006e-05,1.8,0.00014736,1.48,0.00014736,1.52,0.014735999999999999,4.0
1.844e-06,2.16,1.4752e-05,1.76,0.00014751999999999997,1.48,0.00014751999999999997,1.48,0.014751999999999998,3.96
1.8460000000000002e-06,2.16,1.4768000000000002e-05,1.8,0.00014768,1.48,0.00014768,1.48,0.014768,4.0
1.8480000000000003e-06,2.16,1.4784000000000003e-05,1.76,0.00014783999999999997,1.52,0.00014783999999999997,1.48,0.014783999999999999,3.96
1.8500000000000005e-06,2.16,1.4800000000000004e-05,1.8,0.000148,1.52,0.000148,1.48,0.014799999999999997,4.0
1.8520000000000006e-06,2.16,1.4816000000000005e-05,1.8,0.00014816000000000002,1.52,0.00014816000000000002,1.48,0.014816,3.96
1.854e-06,2.16,1.4832e-05,2.08,0.00014832,1.52,0.00014832,1.48,0.014831999999999998,4.0
1.856e-06,2.16,1.4848e-05,2.52,0.00014848000000000001,1.52,0.00014848000000000001,1.8800000000000001,0.014847999999999997,3.96
1.8580000000000003e-06,2.16,1.4864000000000002e-05,2.0,0.00014863999999999999,1.84,0.00014863999999999999,1.8,0.014863999999999999,3.36
1.8600000000000004e-06,2.16,1.4880000000000003e-05,1.8,0.0001488,1.84,0.0001488,1.8800000000000001,0.014879999999999997,3.04
1.8620000000000006e-06,2.16,1.4896000000000004e-05,2.44,0.00014895999999999998,1.84,0.00014895999999999998,1.84,0.014896,2.7600000000000002
1.8640000000000007e-06,2.16,1.4912000000000006e-05,2.0,0.00014912,1.84,0.00014912,1.84,0.014911999999999998,2.48
1.866e-06,2.16,1.4928e-05,2.08,0.00014927999999999998,1.8800000000000001,0.00014927999999999998,1.8800000000000001,0.014927999999999997,2.24
1.8680000000000002e-06,2.16,1.4944000000000001e-05,2.2,0.00014944,1.84,0.00014944,1.8800000000000001,0.014943999999999999,2.0
1.8700000000000003e-06,2.16,1.4960000000000002e-05,2.08,0.00014959999999999998,1.8800000000000001,0.00014959999999999998,1.84,0.014959999999999998,1.84
1.8720000000000005e-06,2.16,1.4976000000000004e-05,2.12,0.00014976,1.92,0.00014976,1.84,0.014976,1.6400000000000001
1.8740000000000006e-06,2.12,1.4992000000000005e-05,2.08,0.00014991999999999997,1.8800000000000001,0.00014991999999999997,1.8800000000000001,0.014991999999999998,1.48
1.876e-06,2.12,1.5008e-05,2.16,0.00015008,1.8800000000000001,0.00015008,1.8800000000000001,0.015007999999999997,1.36
1.878e-06,2.12,1.5024e-05,2.08,0.00015023999999999997,1.92,0.00015023999999999997,1.8800000000000001,0.015024,1.24
1.8800000000000002e-06,2.16,1.5040000000000002e-05,2.12,0.0001504,1.8800000000000001,0.0001504,1.8800000000000001,0.015039999999999998,1.08
1.8820000000000004e-06,2.16,1.5056000000000003e-05,2.12,0.00015055999999999997,1.8800000000000001,0.00015055999999999997,1.8800000000000001,0.015056,1.0
1.8840000000000005e-06,2.16,1.5072000000000004e-05,2.12,0.00015072,1.8800000000000001,0.00015072,1.8800000000000001,0.015071999999999999,0.92
1.8860000000000007e-06,2.16,1.5088000000000005e-05,2.12,0.00015088000000000002,1.8800000000000001,0.00015088000000000002,1.8800000000000001,0.015087999999999997,0.84
1.888e-06,2.16,1.5104e-05,2.12,0.00015104,1.92,0.00015104,1.8800000000000001,0.015104,0.76
1.8900000000000001e-06,2.16,1.5120000000000001e-05,2.12,0.00015120000000000002,1.92,0.00015120000000000002,1.92,0.015119999999999998,0.68
1.8920000000000003e-06,2.16,1.5136000000000002e-05,2.12,0.00015136,1.8800000000000001,0.00015136,1.8800000000000001,0.015135999999999997,0.6
1.8940000000000004e-06,2.16,1.5152000000000003e-05,2.16,0.00015152,1.92,0.00015152,1.8800000000000001,0.015151999999999999,0.56
1.8960000000000006e-06,2.16,1.5168000000000005e-05,2.08,0.00015167999999999998,1.8800000000000001,0.00015167999999999998,1.92,0.015167999999999997,0.52
1.8980000000000007e-06,2.16,1.5184000000000006e-05,2.12,0.00015184,1.92,0.00015184,1.8800000000000001,0.015184,0.44
1.9e-06,2.16,1.52e-05,2.12,0.00015199999999999998,1.92,0.00015199999999999998,1.92,0.015199999999999998,0.44
1.9020000000000002e-06,2.16,1.5216000000000001e-05,2.16,0.00015216,1.92,0.00015216,1.8800000000000001,0.015215999999999997,0.4
1.9040000000000003e-06,2.16,1.5232000000000003e-05,2.08,0.00015231999999999998,1.92,0.00015231999999999998,1.8800000000000001,0.015231999999999999,0.36
1.9060000000000005e-06,2.16,1.5248000000000004e-05,2.12,0.00015248,1.92,0.00015248,1.92,0.015247999999999998,0.32
1.9080000000000006e-06,2.16,1.5264000000000005e-05,2.12,0.00015263999999999998,1.92,0.00015263999999999998,1.92,0.015264,0.28
1.91e-06,2.16,1.528e-05,2.12,0.0001528,1.92,0.0001528,1.92,0.015279999999999995,0.28
1.912e-06,2.16,1.5296e-05,2.12,0.00015295999999999997,1.92,0.00015295999999999997,1.92,0.015295999999999997,0.28
1.9140000000000002e-06,2.16,1.5312000000000002e-05,2.12,0.00015312,1.92,0.00015312,1.92,0.015312,0.24
1.9160000000000004e-06,2.16,1.5328000000000003e-05,2.12,0.00015327999999999997,1.92,0.00015327999999999997,1.92,0.015328000000000001,0.2
1.9180000000000005e-06,2.16,1.5344000000000004e-05,2.12,0.00015344,1.92,0.00015344,1.96,0.015343999999999997,0.2
1.9200000000000007e-06,2.16,1.5360000000000005e-05,2.16,0.00015360000000000002,1.92,0.00015360000000000002,1.92,0.015359999999999999,0.2
1.922e-06,2.16,1.5376e-05,2.12,0.00015376,1.96,0.00015376,1.92,0.015376,0.16
1.924e-06,2.16,1.5392e-05,2.16,0.00015392000000000002,1.92,0.00015392000000000002,1.92,0.015391999999999996,0.16
1.9260000000000003e-06,2.16,1.5408000000000002e-05,2.12,0.00015408,1.92,0.00015408,1.92,0.015407999999999998,0.12
1.9280000000000004e-06,2.16,1.5424000000000003e-05,2.12,0.00015424000000000001,1.96,0.00015424000000000001,1.92,0.015424,0.12
1.9300000000000006e-06,2.16,1.5440000000000005e-05,2.12,0.00015439999999999999,1.92,0.00015439999999999999,1.96,0.015439999999999995,0.12
1.9320000000000007e-06,2.16,1.5456000000000006e-05,2.12,0.00015456,1.96,0.00015456,1.92,0.015455999999999998,0.08
1.934e-06,2.16,1.5472e-05,2.12,0.00015471999999999998,1.96,0.00015471999999999998,1.92,0.015472,0.08
1.936e-06,2.16,1.5488e-05,2.12,0.00015488,1.96,0.00015488,1.96,0.015487999999999995,0.08
1.9380000000000003e-06,2.16,1.5504000000000003e-05,2.12,0.00015503999999999998,1.96,0.00015503999999999998,1.96,0.015503999999999997,0.08
1.9400000000000005e-06,2.16,1.5520000000000004e-05,2.12,0.0001552,1.96,0.0001552,1.96,0.015519999999999999,0.08
1.9420000000000006e-06,2.12,1.5536000000000005e-05,2.12,0.00015535999999999998,1.92,0.00015535999999999998,1.96,0.015536000000000001,0.08
1.944e-06,2.12,1.5552e-05,2.12,0.00015552,1.96,0.00015552,1.96,0.015551999999999996,0.08
1.946e-06,2.12,1.5568e-05,2.16,0.00015567999999999997,1.96,0.00015567999999999997,1.96,0.015567999999999999,0.08
1.9480000000000002e-06,2.16,1.5584000000000002e-05,2.12,0.00015584,1.96,0.00015584,1.96,0.015584,0.08
1.9500000000000004e-06,2.12,1.5600000000000003e-05,2.12,0.00015599999999999997,2.0,0.00015599999999999997,1.96,0.015599999999999996,0.08
1.9520000000000005e-06,2.04,1.5616000000000004e-05,2.12,0.00015616,2.0,0.00015616,1.96,0.015615999999999998,0.04
1.9540000000000007e-06,1.96,1.5632000000000006e-05,2.16,0.00015631999999999997,1.96,0.00015631999999999997,1.96,0.015632,0.04
1.956e-06,1.92,1.5648e-05,2.12,0.00015648,2.0,0.00015648,1.96,0.015647999999999995,0.08
1.958e-06,1.92,1.5664e-05,2.16,0.00015664000000000002,1.96,0.00015664000000000002,1.96,0.015663999999999997,0.08
1.9600000000000003e-06,1.92,1.5680000000000002e-05,2.12,0.0001568,1.96,0.0001568,1.96,0.01568,0.04
1.9620000000000004e-06,1.84,1.5696000000000004e-05,2.16,0.00015696000000000002,2.0,0.00015696000000000002,1.96,0.015696,0.04
1.9640000000000006e-06,1.76,1.5712000000000005e-05,2.12,0.00015712,2.0,0.00015712,2.0,0.015711999999999997,0.04
1.9660000000000007e-06,1.76,1.5728000000000006e-05,2.16,0.00015728,2.0,0.00015728,1.96,0.015728,0.04
1.968e-06,1.76,1.5744e-05,2.16,0.00015743999999999998,2.0,0.00015743999999999998,2.0,0.015744,0.04
1.97e-06,1.68,1.576e-05,2.12,0.0001576,2.0,0.0001576,2.0,0.015759999999999996,0.04
1.9720000000000003e-06,1.56,1.5776000000000003e-05,2.16,0.00015775999999999998,2.0,0.00015775999999999998,1.96,0.015776,0.04
1.9740000000000005e-06,1.48,1.5792000000000004e-05,2.12,0.00015792,2.0,0.00015792,2.0,0.015792,0.04
1.9760000000000006e-06,1.44,1.5808000000000005e-05,2.16,0.00015807999999999998,1.96,0.00015807999999999998,2.0,0.015807999999999996,0.08
1.978e-06,1.44,1.5824e-05,2.16,0.00015824,2.0,0.00015824,2.0,0.015823999999999998,0.04
1.98e-06,1.4000000000000001,1.584e-05,2.16,0.00015839999999999997,2.0,0.00015839999999999997,2.0,0.01584,0.0
1.9820000000000003e-06,1.4000000000000001,1.5856000000000002e-05,2.16,0.00015856,2.0,0.00015856,2.0,0.015855999999999995,0.04
1.9840000000000004e-06,1.44,1.5872000000000003e-05,2.12,0.00015871999999999997,2.04,0.00015871999999999997,2.0,0.015871999999999997,0.0
1.9860000000000006e-06,1.48,1.5888000000000004e-05,2.12,0.00015888,2.0,0.00015888,2.0,0.015888,0.04
1.9880000000000007e-06,1.56,1.5904000000000006e-05,2.16,0.00015903999999999997,2.0,0.00015903999999999997,2.04,0.015904,0.04
1.99e-06,1.6400000000000001,1.592e-05,2.12,0.0001592,2.04,0.0001592,2.0,0.015919999999999997,0.04
1.992e-06,1.76,1.5936e-05,2.12,0.00015936000000000002,2.0,0.00015936000000000002,2.0,0.015936,0.0
1.9940000000000003e-06,1.92,1.5952000000000002e-05,2.12,0.00015952,2.0,0.00015952,2.04,0.015952,0.04
1.9960000000000005e-06,2.0,1.5968000000000004e-05,2.16,0.00015968000000000002,2.0,0.00015968000000000002,2.0,0.015967999999999996,0.0
1.9980000000000006e-06,2.12,1.5984000000000005e-05,2.12,0.00015984,2.04,0.00015984,2.04,0.015983999999999998,0.04
