t_f_9901.2Hz,V2_f_9901.2Hz,t_f_990.1Hz,V2_f_990.1Hz,t_f_99.0Hz,V2_f_99.0Hz,t_f_9.9Hz,V2_f_9.9Hz,t_f_1.0Hz,V2_f_1.0Hz
-1.6,4.0,-1.6,4.0,-1.6,4.0,-0.16,4.0,-1.6,4.0
-1.5984,4.0,-1.5984,4.0,-1.5984,4.0,-0.15984,3.96,-1.5984,3.96
-1.5968,4.0,-1.5968,4.0,-1.5968,4.0,-0.15968000000000002,3.96,-1.5968,3.96
-1.5952000000000002,4.0,-1.5952000000000002,4.0,-1.5952000000000002,4.0,-0.15952,3.96,-1.5952000000000002,3.96
-1.5936000000000001,3.96,-1.5936000000000001,3.96,-1.5936000000000001,3.96,-0.15936,3.96,-1.5936000000000001,3.96
-1.592,4.0,-1.592,4.0,-1.592,4.0,-0.1592,3.96,-1.592,4.0
-1.5904,4.0,-1.5904,4.0,-1.5904,4.0,-0.15904000000000001,3.96,-1.5904,4.0
-1.5888,3.96,-1.5888,3.96,-1.5888,3.96,-0.15888,3.96,-1.5888,4.0
-1.5872000000000002,4.0,-1.5872000000000002,4.0,-1.5872000000000002,4.0,-0.15872,3.96,-1.5872000000000002,3.96
-1.5856000000000001,4.0,-1.5856000000000001,4.0,-1.5856000000000001,4.0,-0.15856,4.0,-1.5856000000000001,3.96
-1.584,4.0,-1.584,4.0,-1.584,4.0,-0.1584,3.96,-1.584,4.0
-1.5824,3.96,-1.5824,3.96,-1.5824,3.96,-0.15824,4.0,-1.5824,3.96
-1.5808,3.96,-1.5808,3.96,-1.5808,3.96,-0.15808,4.0,-1.5808,4.0
-1.5792000000000002,3.96,-1.5792000000000002,3.96,-1.5792000000000002,3.96,-0.15792,3.96,-1.5792000000000002,4.0
-1.5776000000000001,3.96,-1.5776000000000001,3.96,-1.5776000000000001,3.96,-0.15776,3.96,-1.5776000000000001,3.96
-1.576,4.0,-1.576,4.0,-1.576,4.0,-0.1576,4.0,-1.576,4.0
-1.5744,4.0,-1.5744,4.0,-1.5744,4.0,-0.15744,3.96,-1.5744,4.0
-1.5728,4.0,-1.5728,4.0,-1.5728,4.0,-0.15728,3.96,-1.5728,3.96
-1.5712000000000002,3.96,-1.5712000000000002,3.96,-1.5712000000000002,3.96,-0.15712,3.96,-1.5712000000000002,3.96
-1.5696,4.0,-1.5696,4.0,-1.5696,4.0,-0.15696000000000002,3.96,-1.5696,3.96
-1.568,3.96,-1.568,3.96,-1.568,3.96,-0.1568,3.96,-1.568,4.0
-1.5664,3.96,-1.5664,3.96,-1.5664,3.96,-0.15664,3.96,-1.5664,3.96
-1.5648000000000002,3.96,-1.5648000000000002,3.96,-1.5648000000000002,3.96,-0.15648,4.0,-1.5648000000000002,4.0
-1.5632000000000001,4.0,-1.5632000000000001,4.0,-1.5632000000000001,4.0,-0.15632000000000001,3.96,-1.5632000000000001,4.0
-1.5616,3.96,-1.5616,3.96,-1.5616,3.96,-0.15616,3.96,-1.5616,3.96
-1.56,4.0,-1.56,4.0,-1.56,4.0,-0.156,3.96,-1.56,4.0
-1.5584,3.96,-1.5584,3.96,-1.5584,3.96,-0.15584,3.96,-1.5584,4.0
-1.5568000000000002,3.96,-1.5568000000000002,3.96,-1.5568000000000002,3.96,-0.15568,4.0,-1.5568000000000002,3.96
-1.5552000000000001,3.96,-1.5552000000000001,3.96,-1.5552000000000001,3.96,-0.15552,4.0,-1.5552000000000001,4.0
-1.5536,4.0,-1.5536,4.0,-1.5536,4.0,-0.15536,3.96,-1.5536,3.96
-1.552,3.96,-1.552,3.96,-1.552,3.96,-0.1552,3.96,-1.552,4.0
-1.5504,3.96,-1.5504,3.96,-1.5504,3.96,-0.15504,3.96,-1.5504,4.0
-1.5488000000000002,3.96,-1.5488000000000002,3.96,-1.5488000000000002,3.96,-0.15488,3.96,-1.5488000000000002,4.0
-1.5472000000000001,3.96,-1.5472000000000001,3.96,-1.5472000000000001,3.96,-0.15472,4.0,-1.5472000000000001,4.0
-1.5456,4.0,-1.5456,4.0,-1.5456,4.0,-0.15456,4.0,-1.5456,3.96
-1.544,3.96,-1.544,3.96,-1.544,3.96,-0.1544,3.96,-1.544,4.0
-1.5424,4.0,-1.5424,4.0,-1.5424,4.0,-0.15424000000000002,3.96,-1.5424,4.0
-1.5408000000000002,3.96,-1.5408000000000002,3.96,-1.5408000000000002,3.96,-0.15408,3.96,-1.5408000000000002,3.96
-1.5392000000000001,3.96,-1.5392000000000001,3.96,-1.5392000000000001,3.96,-0.15392,3.96,-1.5392000000000001,3.96
-1.5376,4.0,-1.5376,4.0,-1.5376,4.0,-0.15376,3.96,-1.5376,4.0
-1.536,3.96,-1.536,3.96,-1.536,3.96,-0.15360000000000001,3.96,-1.536,4.0
-1.5344,3.96,-1.5344,3.96,-1.5344,3.96,-0.15344,3.96,-1.5344,4.0
-1.5328000000000002,4.0,-1.5328000000000002,4.0,-1.5328000000000002,4.0,-0.15328,3.96,-1.5328000000000002,3.96
-1.5312000000000001,3.96,-1.5312000000000001,3.96,-1.5312000000000001,3.96,-0.15312,4.0,-1.5312000000000001,3.96
-1.5296,3.96,-1.5296,3.96,-1.5296,3.96,-0.15296,4.0,-1.5296,3.96
-1.528,3.96,-1.528,3.96,-1.528,3.96,-0.1528,3.96,-1.528,3.96
-1.5264000000000002,3.96,-1.5264000000000002,3.96,-1.5264000000000002,3.96,-0.15264,4.0,-1.5264000000000002,4.0
-1.5248000000000002,3.96,-1.5248000000000002,3.96,-1.5248000000000002,3.96,-0.15248,3.96,-1.5248000000000002,3.96
-1.5232,4.0,-1.5232,4.0,-1.5232,4.0,-0.15232,4.0,-1.5232,4.0
-1.5216,3.96,-1.5216,3.96,-1.5216,3.96,-0.15216,4.0,-1.5216,3.96
-1.52,3.96,-1.52,3.96,-1.52,3.96,-0.152,3.96,-1.52,3.96
-1.5184000000000002,4.0,-1.5184000000000002,4.0,-1.5184000000000002,4.0,-0.15184,3.96,-1.5184000000000002,3.96
-1.5168000000000001,3.96,-1.5168000000000001,3.96,-1.5168000000000001,3.96,-0.15168,4.0,-1.5168000000000001,3.96
-1.5152,0.04,-1.5152,0.04,-1.5152,0.04,-0.15152,0.04,-1.5152,0.0
-1.5136,0.04,-1.5136,0.04,-1.5136,0.04,-0.15136,0.04,-1.5136,0.0
-1.512,0.0,-1.512,0.0,-1.512,0.0,-0.1512,0.04,-1.512,0.0
-1.5104000000000002,0.0,-1.5104000000000002,0.0,-1.5104000000000002,0.0,-0.15104,0.04,-1.5104000000000002,0.04
-1.5088000000000001,0.0,-1.5088000000000001,0.0,-1.5088000000000001,0.0,-0.15088000000000001,0.04,-1.5088000000000001,0.0
-1.5072,0.04,-1.5072,0.04,-1.5072,0.04,-0.15072,0.0,-1.5072,0.0
-1.5056,0.0,-1.5056,0.0,-1.5056,0.0,-0.15056,0.0,-1.5056,0.0
-1.504,0.0,-1.504,0.0,-1.504,0.0,-0.1504,0.04,-1.504,0.0
-1.5024000000000002,0.0,-1.5024000000000002,0.0,-1.5024000000000002,0.0,-0.15024,0.04,-1.5024000000000002,0.0
-1.5008000000000001,0.0,-1.5008000000000001,0.0,-1.5008000000000001,0.0,-0.15008,0.04,-1.5008000000000001,0.04
-1.4992,0.0,-1.4992,0.0,-1.4992,0.0,-0.14992,0.0,-1.4992,0.0
-1.4976,0.0,-1.4976,0.0,-1.4976,0.0,-0.14976,0.04,-1.4976,0.0
-1.496,0.04,-1.496,0.04,-1.496,0.04,-0.1496,0.04,-1.496,0.0
-1.4944000000000002,0.0,-1.4944000000000002,0.0,-1.4944000000000002,0.0,-0.14944,0.04,-1.4944000000000002,0.04
-1.4928000000000001,0.0,-1.4928000000000001,0.0,-1.4928000000000001,0.0,-0.14928,0.04,-1.4928000000000001,0.0
-1.4912,0.0,-1.4912,0.0,-1.4912,0.0,-0.14912,0.0,-1.4912,0.04
-1.4896,0.0,-1.4896,0.0,-1.4896,0.0,-0.14896,0.04,-1.4896,0.0
-1.488,0.0,-1.488,0.0,-1.488,0.0,-0.1488,0.04,-1.488,0.0
-1.4864000000000002,0.0,-1.4864000000000002,0.0,-1.4864000000000002,0.0,-0.14864,0.04,-1.4864000000000002,0.0
-1.4848000000000001,0.0,-1.4848000000000001,0.0,-1.4848000000000001,0.0,-0.14848,0.0,-1.4848000000000001,0.0
-1.4832,0.0,-1.4832,0.0,-1.4832,0.0,-0.14832,0.0,-1.4832,0.04
-1.4816,0.0,-1.4816,0.0,-1.4816,0.0,-0.14816000000000001,0.04,-1.4816,0.0
-1.48,0.04,-1.48,0.04,-1.48,0.04,-0.148,0.0,-1.48,0.0
-1.4784000000000002,0.0,-1.4784000000000002,0.0,-1.4784000000000002,0.0,-0.14784,0.04,-1.4784000000000002,0.0
-1.4768000000000001,0.0,-1.4768000000000001,0.0,-1.4768000000000001,0.0,-0.14768,0.0,-1.4768000000000001,0.0
-1.4752,0.0,-1.4752,0.0,-1.4752,0.0,-0.14752,0.04,-1.4752,0.0
-1.4736,0.04,-1.4736,0.04,-1.4736,0.04,-0.14736,0.04,-1.4736,0.0
-1.472,0.0,-1.472,0.0,-1.472,0.0,-0.1472,0.04,-1.472,0.0
-1.4704000000000002,0.0,-1.4704000000000002,0.0,-1.4704000000000002,0.0,-0.14704,0.04,-1.4704000000000002,0.0
-1.4688,0.0,-1.4688,0.0,-1.4688,0.0,-0.14688,0.04,-1.4688,0.04
-1.4672,0.0,-1.4672,0.0,-1.4672,0.0,-0.14672,0.0,-1.4672,0.04
-1.4656,0.0,-1.4656,0.0,-1.4656,0.0,-0.14656,0.0,-1.4656,0.0
-1.464,0.0,-1.464,0.0,-1.464,0.0,-0.1464,0.0,-1.464,0.0
-1.4624000000000001,0.04,-1.4624000000000001,0.04,-1.4624000000000001,0.04,-0.14624,0.04,-1.4624000000000001,0.0
-1.4608,0.04,-1.4608,0.04,-1.4608,0.04,-0.14608,0.04,-1.4608,0.0
-1.4592,0.0,-1.4592,0.0,-1.4592,0.0,-0.14592,0.04,-1.4592,0.0
-1.4576,0.04,-1.4576,0.04,-1.4576,0.04,-0.14576,0.0,-1.4576,0.04
-1.456,0.0,-1.456,0.0,-1.456,0.0,-0.1456,0.0,-1.456,0.04
-1.4544000000000001,0.0,-1.4544000000000001,0.0,-1.4544000000000001,0.0,-0.14544,0.0,-1.4544000000000001,0.0
-1.4528,0.0,-1.4528,0.0,-1.4528,0.0,-0.14528,0.0,-1.4528,0.0
-1.4512,0.0,-1.4512,0.0,-1.4512,0.0,-0.14512,0.0,-1.4512,0.0
-1.4496,0.04,-1.4496,0.04,-1.4496,0.04,-0.14496,0.0,-1.4496,0.0
-1.4480000000000002,0.0,-1.4480000000000002,0.0,-1.4480000000000002,0.0,-0.1448,0.0,-1.4480000000000002,0.0
-1.4464000000000001,0.0,-1.4464000000000001,0.0,-1.4464000000000001,0.0,-0.14464,0.04,-1.4464000000000001,0.0
-1.4448,0.0,-1.4448,0.0,-1.4448,0.0,-0.14448,0.0,-1.4448,0.04
-1.4432,0.0,-1.4432,0.0,-1.4432,0.0,-0.14432,0.0,-1.4432,0.0
-1.4416,0.0,-1.4416,0.0,-1.4416,0.0,-0.14416,0.0,-1.4416,0.0
-1.4400000000000002,0.04,-1.4400000000000002,0.04,-1.4400000000000002,0.04,-0.14400000000000002,0.04,-1.4400000000000002,0.0
-1.4384000000000001,0.0,-1.4384000000000001,0.0,-1.4384000000000001,0.0,-0.14384,0.0,-1.4384000000000001,0.0
-1.4368,0.0,-1.4368,0.0,-1.4368,0.0,-0.14368,0.0,-1.4368,0.0
-1.4352,0.04,-1.4352,0.04,-1.4352,0.04,-0.14352,0.0,-1.4352,0.0
-1.4336,0.04,-1.4336,0.04,-1.4336,0.04,-0.14336,0.0,-1.4336,0.04
-1.4320000000000002,0.0,-1.4320000000000002,0.0,-1.4320000000000002,0.0,-0.1432,0.0,-1.4320000000000002,0.0
-1.4304000000000001,0.0,-1.4304000000000001,0.0,-1.4304000000000001,0.0,-0.14304,0.0,-1.4304000000000001,0.0
-1.4288,0.04,-1.4288,0.04,-1.4288,0.04,-0.14288,0.04,-1.4288,0.04
-1.4272,0.0,-1.4272,0.0,-1.4272,0.0,-0.14272,0.04,-1.4272,0.0
-1.4256000000000002,0.0,-1.4256000000000002,0.0,-1.4256000000000002,0.0,-0.14256,0.0,-1.4256000000000002,0.0
-1.4240000000000002,0.0,-1.4240000000000002,0.0,-1.4240000000000002,0.0,-0.1424,0.0,-1.4240000000000002,0.0
-1.4224,0.0,-1.4224,0.0,-1.4224,0.0,-0.14224,0.0,-1.4224,0.0
-1.4208,0.0,-1.4208,0.0,-1.4208,0.0,-0.14208,0.0,-1.4208,0.0
-1.4192,0.0,-1.4192,0.0,-1.4192,0.0,-0.14192,0.0,-1.4192,0.0
-1.4176000000000002,0.0,-1.4176000000000002,0.0,-1.4176000000000002,0.0,-0.14176,0.0,-1.4176000000000002,0.0
-1.4160000000000001,0.04,-1.4160000000000001,0.04,-1.4160000000000001,0.04,-0.1416,0.0,-1.4160000000000001,0.0
-1.4144,0.0,-1.4144,0.0,-1.4144,0.0,-0.14144,0.04,-1.4144,0.0
-1.4128,0.0,-1.4128,0.0,-1.4128,0.0,-0.14128000000000002,0.0,-1.4128,0.0
-1.4112,0.0,-1.4112,0.0,-1.4112,0.0,-0.14112,0.0,-1.4112,0.0
-1.4096000000000002,0.0,-1.4096000000000002,0.0,-1.4096000000000002,0.0,-0.14096,0.0,-1.4096000000000002,0.0
-1.4080000000000001,0.0,-1.4080000000000001,0.0,-1.4080000000000001,0.0,-0.1408,0.0,-1.4080000000000001,0.0
-1.4064,0.04,-1.4064,0.04,-1.4064,0.04,-0.14064,0.0,-1.4064,0.0
-1.4048,0.0,-1.4048,0.0,-1.4048,0.0,-0.14048,0.0,-1.4048,0.0
-1.4032,0.0,-1.4032,0.0,-1.4032,0.0,-0.14032,0.0,-1.4032,0.0
-1.4016000000000002,0.0,-1.4016000000000002,0.0,-1.4016000000000002,0.0,-0.14016,0.0,-1.4016000000000002,0.0
-1.4000000000000001,0.0,-1.4000000000000001,0.0,-1.4000000000000001,0.0,-0.14,0.0,-1.4000000000000001,0.0
-1.3984,0.0,-1.3984,0.0,-1.3984,0.0,-0.13984,0.04,-1.3984,0.0
-1.3968,0.0,-1.3968,0.0,-1.3968,0.0,-0.13968,0.04,-1.3968,0.0
-1.3952,0.0,-1.3952,0.0,-1.3952,0.0,-0.13952,0.0,-1.3952,0.0
-1.3936000000000002,0.0,-1.3936000000000002,0.0,-1.3936000000000002,0.0,-0.13936,0.0,-1.3936000000000002,0.0
-1.3920000000000001,0.0,-1.3920000000000001,0.0,-1.3920000000000001,0.0,-0.1392,0.0,-1.3920000000000001,0.0
-1.3904,0.0,-1.3904,0.0,-1.3904,0.0,-0.13904,0.0,-1.3904,0.0
-1.3888,0.0,-1.3888,0.0,-1.3888,0.0,-0.13888,0.0,-1.3888,0.04
-1.3872,0.0,-1.3872,0.0,-1.3872,0.0,-0.13872,0.04,-1.3872,0.04
-1.3856000000000002,0.0,-1.3856000000000002,0.0,-1.3856000000000002,0.0,-0.13856000000000002,0.0,-1.3856000000000002,0.0
-1.3840000000000001,0.0,-1.3840000000000001,0.0,-1.3840000000000001,0.0,-0.1384,0.0,-1.3840000000000001,0.0
-1.3824,0.0,-1.3824,0.0,-1.3824,0.0,-0.13824,0.0,-1.3824,0.0
-1.3808,0.04,-1.3808,0.04,-1.3808,0.04,-0.13808,0.04,-1.3808,0.0
-1.3792,0.0,-1.3792,0.0,-1.3792,0.0,-0.13792,0.0,-1.3792,0.0
-1.3776000000000002,0.0,-1.3776000000000002,0.0,-1.3776000000000002,0.0,-0.13776,0.04,-1.3776000000000002,0.0
-1.3760000000000001,0.04,-1.3760000000000001,0.04,-1.3760000000000001,0.04,-0.1376,0.0,-1.3760000000000001,0.0
-1.3744,0.0,-1.3744,0.0,-1.3744,0.0,-0.13744,0.0,-1.3744,0.0
-1.3728,0.0,-1.3728,0.0,-1.3728,0.0,-0.13728,0.0,-1.3728,0.0
-1.3712,0.0,-1.3712,0.0,-1.3712,0.0,-0.13712,0.0,-1.3712,0.0
-1.3696000000000002,0.0,-1.3696000000000002,0.0,-1.3696000000000002,0.0,-0.13696,0.0,-1.3696000000000002,0.0
-1.368,0.0,-1.368,0.0,-1.368,0.0,-0.1368,0.0,-1.368,0.0
-1.3664,0.0,-1.3664,0.0,-1.3664,0.0,-0.13664,0.0,-1.3664,0.0
-1.3648,0.0,-1.3648,0.0,-1.3648,0.0,-0.13648,0.04,-1.3648,0.0
-1.3632,0.0,-1.3632,0.0,-1.3632,0.0,-0.13632,0.0,-1.3632,0.0
-1.3616000000000001,0.0,-1.3616000000000001,0.0,-1.3616000000000001,0.0,-0.13616,0.0,-1.3616000000000001,0.0
-1.36,0.0,-1.36,0.0,-1.36,0.0,-0.136,0.0,-1.36,0.04
-1.3584,0.0,-1.3584,0.0,-1.3584,0.0,-0.13584000000000002,0.0,-1.3584,0.04
-1.3568,0.0,-1.3568,0.0,-1.3568,0.0,-0.13568,0.04,-1.3568,0.0
-1.3552,0.0,-1.3552,0.0,-1.3552,0.0,-0.13552,0.04,-1.3552,0.0
-1.3536000000000001,0.0,-1.3536000000000001,0.0,-1.3536000000000001,0.0,-0.13536,0.0,-1.3536000000000001,0.0
-1.352,0.0,-1.352,0.0,-1.352,0.0,-0.1352,0.0,-1.352,0.04
-1.3504,0.0,-1.3504,0.0,-1.3504,0.0,-0.13504,0.0,-1.3504,0.0
-1.3488,0.04,-1.3488,0.04,-1.3488,0.04,-0.13488,0.0,-1.3488,0.0
-1.3472,0.0,-1.3472,0.0,-1.3472,0.0,-0.13472,0.04,-1.3472,0.0
-1.3456000000000001,0.0,-1.3456000000000001,0.0,-1.3456000000000001,0.0,-0.13456,0.0,-1.3456000000000001,0.0
-1.344,0.0,-1.344,0.0,-1.344,0.0,-0.1344,0.04,-1.344,0.04
-1.3424,0.0,-1.3424,0.0,-1.3424,0.0,-0.13424,0.0,-1.3424,0.04
-1.3408000000000002,0.0,-1.3408000000000002,0.0,-1.3408000000000002,0.0,-0.13408,0.0,-1.3408000000000002,0.0
-1.3392,0.0,-1.3392,0.0,-1.3392,0.0,-0.13392,0.0,-1.3392,0.0
-1.3376000000000001,0.0,-1.3376000000000001,0.0,-1.3376000000000001,0.0,-0.13376,0.0,-1.3376000000000001,0.0
-1.336,0.0,-1.336,0.0,-1.336,0.0,-0.1336,0.0,-1.336,0.04
-1.3344,0.0,-1.3344,0.0,-1.3344,0.0,-0.13344,0.0,-1.3344,0.0
-1.3328000000000002,0.0,-1.3328000000000002,0.0,-1.3328000000000002,0.0,-0.13328,0.0,-1.3328000000000002,0.04
-1.3312,0.04,-1.3312,0.04,-1.3312,0.04,-0.13312000000000002,0.0,-1.3312,0.04
-1.3296000000000001,0.0,-1.3296000000000001,0.0,-1.3296000000000001,0.0,-0.13296,0.0,-1.3296000000000001,0.0
-1.328,0.04,-1.328,0.04,-1.328,0.04,-0.1328,0.0,-1.328,0.0
-1.3264,0.0,-1.3264,0.0,-1.3264,0.0,-0.13264,0.0,-1.3264,0.04
-1.3248000000000002,0.0,-1.3248000000000002,0.0,-1.3248000000000002,0.0,-0.13248,0.0,-1.3248000000000002,0.0
-1.3232000000000002,0.0,-1.3232000000000002,0.0,-1.3232000000000002,0.0,-0.13232,0.0,-1.3232000000000002,0.0
-1.3216,0.0,-1.3216,0.0,-1.3216,0.0,-0.13216,0.0,-1.3216,0.0
-1.32,0.0,-1.32,0.0,-1.32,0.0,-0.132,0.0,-1.32,0.0
-1.3184,0.0,-1.3184,0.0,-1.3184,0.0,-0.13184,0.04,-1.3184,0.04
-1.3168000000000002,0.0,-1.3168000000000002,0.0,-1.3168000000000002,0.0,-0.13168,0.0,-1.3168000000000002,0.0
-1.3152000000000001,0.0,-1.3152000000000001,0.0,-1.3152000000000001,0.0,-0.13152,0.04,-1.3152000000000001,0.0
-1.3136,0.0,-1.3136,0.0,-1.3136,0.0,-0.13136,0.0,-1.3136,0.0
-1.312,0.0,-1.312,0.0,-1.312,0.0,-0.1312,0.0,-1.312,0.0
-1.3104,0.0,-1.3104,0.0,-1.3104,0.0,-0.13104,0.0,-1.3104,0.0
-1.3088000000000002,0.0,-1.3088000000000002,0.0,-1.3088000000000002,0.0,-0.13088,0.0,-1.3088000000000002,0.0
-1.3072000000000001,0.0,-1.3072000000000001,0.0,-1.3072000000000001,0.0,-0.13072,0.0,-1.3072000000000001,0.0
-1.3056,0.0,-1.3056,0.0,-1.3056,0.0,-0.13056,0.0,-1.3056,0.0
-1.304,0.04,-1.304,0.04,-1.304,0.04,-0.13040000000000002,0.0,-1.304,0.0
-1.3024,0.0,-1.3024,0.0,-1.3024,0.0,-0.13024,0.0,-1.3024,0.04
-1.3008000000000002,0.0,-1.3008000000000002,0.0,-1.3008000000000002,0.0,-0.13008,0.0,-1.3008000000000002,0.04
-1.2992000000000001,0.0,-1.2992000000000001,0.0,-1.2992000000000001,0.0,-0.12992,0.0,-1.2992000000000001,0.0
-1.2976,0.0,-1.2976,0.0,-1.2976,0.0,-0.12976,0.04,-1.2976,0.0
-1.296,0.0,-1.296,0.0,-1.296,0.0,-0.1296,0.04,-1.296,0.0
-1.2944,0.0,-1.2944,0.0,-1.2944,0.0,-0.12944,0.0,-1.2944,0.0
-1.2928000000000002,0.0,-1.2928000000000002,0.0,-1.2928000000000002,0.0,-0.12928,0.0,-1.2928000000000002,0.0
-1.2912000000000001,0.0,-1.2912000000000001,0.0,-1.2912000000000001,0.0,-0.12912,0.04,-1.2912000000000001,0.04
-1.2896,0.04,-1.2896,0.04,-1.2896,0.04,-0.12896,0.0,-1.2896,0.0
-1.288,0.0,-1.288,0.0,-1.288,0.0,-0.1288,0.0,-1.288,0.0
-1.2864,0.04,-1.2864,0.04,-1.2864,0.04,-0.12864,0.04,-1.2864,0.04
-1.2848000000000002,0.0,-1.2848000000000002,0.0,-1.2848000000000002,0.0,-0.12848,0.04,-1.2848000000000002,0.0
-1.2832000000000001,0.0,-1.2832000000000001,0.0,-1.2832000000000001,0.0,-0.12832,0.0,-1.2832000000000001,0.0
-1.2816,0.0,-1.2816,0.0,-1.2816,0.0,-0.12816,0.04,-1.2816,0.0
-1.28,0.04,-1.28,0.04,-1.28,0.04,-0.128,0.0,-1.28,0.0
-1.2784,0.0,-1.2784,0.0,-1.2784,0.0,-0.12784,0.0,-1.2784,0.0
-1.2768000000000002,0.0,-1.2768000000000002,0.0,-1.2768000000000002,0.0,-0.12768000000000002,0.0,-1.2768000000000002,0.04
-1.2752000000000001,0.0,-1.2752000000000001,0.0,-1.2752000000000001,0.0,-0.12752,0.0,-1.2752000000000001,0.04
-1.2736,0.0,-1.2736,0.0,-1.2736,0.0,-0.12736,0.04,-1.2736,0.04
-1.272,0.0,-1.272,0.0,-1.272,0.0,-0.1272,0.0,-1.272,0.0
-1.2704,0.0,-1.2704,0.0,-1.2704,0.0,-0.12704,0.0,-1.2704,0.04
-1.2688000000000001,0.0,-1.2688000000000001,0.0,-1.2688000000000001,0.0,-0.12688,0.0,-1.2688000000000001,0.0
-1.2672,0.0,-1.2672,0.0,-1.2672,0.0,-0.12672,0.04,-1.2672,0.04
-1.2656,0.0,-1.2656,0.0,-1.2656,0.0,-0.12656,0.04,-1.2656,0.0
-1.264,0.04,-1.264,0.04,-1.264,0.04,-0.1264,0.0,-1.264,0.0
-1.2624,0.0,-1.2624,0.0,-1.2624,0.0,-0.12624,0.0,-1.2624,0.04
-1.2608000000000001,0.0,-1.2608000000000001,0.0,-1.2608000000000001,0.0,-0.12608,0.0,-1.2608000000000001,0.0
-1.2592,0.0,-1.2592,0.0,-1.2592,0.0,-0.12592,0.0,-1.2592,0.04
-1.2576,0.0,-1.2576,0.0,-1.2576,0.0,-0.12576,0.0,-1.2576,0.0
-1.256,0.0,-1.256,0.0,-1.256,0.0,-0.1256,0.0,-1.256,0.0
-1.2544,0.0,-1.2544,0.0,-1.2544,0.0,-0.12544,0.0,-1.2544,0.0
-1.2528000000000001,0.0,-1.2528000000000001,0.0,-1.2528000000000001,0.0,-0.12528,0.04,-1.2528000000000001,0.04
-1.2512,0.0,-1.2512,0.0,-1.2512,0.0,-0.12512,0.0,-1.2512,0.0
-1.2496,0.04,-1.2496,0.04,-1.2496,0.04,-0.12496,0.0,-1.2496,0.0
-1.248,0.0,-1.248,0.0,-1.248,0.0,-0.1248,0.0,-1.248,0.0
-1.2464,0.0,-1.2464,0.0,-1.2464,0.0,-0.12464,0.0,-1.2464,0.0
-1.2448000000000001,0.0,-1.2448000000000001,0.0,-1.2448000000000001,0.0,-0.12448000000000001,0.04,-1.2448000000000001,0.0
-1.2432,0.0,-1.2432,0.0,-1.2432,0.0,-0.12432,0.04,-1.2432,0.0
-1.2416,0.0,-1.2416,0.0,-1.2416,0.0,-0.12415999999999999,0.0,-1.2416,0.0
-1.24,0.0,-1.24,0.0,-1.24,0.0,-0.124,0.0,-1.24,0.0
-1.2384,0.0,-1.2384,0.0,-1.2384,0.0,-0.12384,0.0,-1.2384,0.0
-1.2368000000000001,0.0,-1.2368000000000001,0.0,-1.2368000000000001,0.0,-0.12368,0.0,-1.2368000000000001,0.0
-1.2352,0.04,-1.2352,0.04,-1.2352,0.04,-0.12351999999999999,0.0,-1.2352,0.0
-1.2336,0.0,-1.2336,0.0,-1.2336,0.0,-0.12336,0.0,-1.2336,0.04
-1.2320000000000002,0.0,-1.2320000000000002,0.0,-1.2320000000000002,0.0,-0.1232,0.04,-1.2320000000000002,0.0
-1.2304,0.04,-1.2304,0.04,-1.2304,0.04,-0.12304000000000001,0.0,-1.2304,0.0
-1.2288000000000001,0.0,-1.2288000000000001,0.0,-1.2288000000000001,0.0,-0.12288,0.0,-1.2288000000000001,0.0
-1.2272,0.0,-1.2272,0.0,-1.2272,0.0,-0.12272,0.0,-1.2272,0.0
-1.2256,0.0,-1.2256,0.0,-1.2256,0.0,-0.12256,0.0,-1.2256,0.0
-1.2240000000000002,0.0,-1.2240000000000002,0.0,-1.2240000000000002,0.0,-0.12240000000000001,0.0,-1.2240000000000002,0.04
-1.2224000000000002,0.0,-1.2224000000000002,0.0,-1.2224000000000002,0.0,-0.12224,0.0,-1.2224000000000002,0.0
-1.2208,0.0,-1.2208,0.0,-1.2208,0.0,-0.12208,0.0,-1.2208,0.0
-1.2192,0.0,-1.2192,0.0,-1.2192,0.0,-0.12192,0.0,-1.2192,0.0
-1.2176,0.0,-1.2176,0.0,-1.2176,0.0,-0.12176000000000001,0.0,-1.2176,0.0
-1.2160000000000002,0.0,-1.2160000000000002,0.0,-1.2160000000000002,0.0,-0.1216,0.0,-1.2160000000000002,0.04
-1.2144000000000001,0.0,-1.2144000000000001,0.0,-1.2144000000000001,0.0,-0.12143999999999999,0.0,-1.2144000000000001,0.0
-1.2128,0.0,-1.2128,0.0,-1.2128,0.0,-0.12128,0.0,-1.2128,0.0
-1.2112,0.0,-1.2112,0.0,-1.2112,0.0,-0.12112,0.0,-1.2112,0.0
-1.2096,0.0,-1.2096,0.0,-1.2096,0.0,-0.12096,0.0,-1.2096,0.0
-1.2080000000000002,0.0,-1.2080000000000002,0.0,-1.2080000000000002,0.0,-0.12079999999999999,0.04,-1.2080000000000002,0.0
-1.2064000000000001,0.0,-1.2064000000000001,0.0,-1.2064000000000001,0.0,-0.12064,0.0,-1.2064000000000001,0.0
-1.2048,0.0,-1.2048,0.0,-1.2048,0.0,-0.12048,0.0,-1.2048,0.0
-1.2032,0.0,-1.2032,0.0,-1.2032,0.0,-0.12032000000000001,0.0,-1.2032,0.0
-1.2016,0.0,-1.2016,0.0,-1.2016,0.0,-0.12016,0.0,-1.2016,0.0
-1.2000000000000002,0.0,-1.2000000000000002,0.0,-1.2000000000000002,0.0,-0.12,0.0,-1.2000000000000002,0.04
-1.1984000000000001,0.0,-1.1984000000000001,0.0,-1.1984000000000001,0.0,-0.11984,0.0,-1.1984000000000001,0.04
-1.1968,0.0,-1.1968,0.0,-1.1968,0.0,-0.11968000000000001,0.04,-1.1968,0.0
-1.1952,0.0,-1.1952,0.0,-1.1952,0.0,-0.11952,0.0,-1.1952,0.0
-1.1936,0.0,-1.1936,0.0,-1.1936,0.0,-0.11936,0.0,-1.1936,0.0
-1.1920000000000002,0.0,-1.1920000000000002,0.0,-1.1920000000000002,0.0,-0.1192,0.0,-1.1920000000000002,0.0
-1.1904000000000001,0.0,-1.1904000000000001,0.0,-1.1904000000000001,0.0,-0.11904,0.0,-1.1904000000000001,0.0
-1.1888,0.0,-1.1888,0.0,-1.1888,0.0,-0.11888,0.0,-1.1888,0.0
-1.1872,0.0,-1.1872,0.0,-1.1872,0.0,-0.11871999999999999,0.0,-1.1872,0.0
-1.1856,0.0,-1.1856,0.0,-1.1856,0.0,-0.11856,0.0,-1.1856,0.04
-1.1840000000000002,0.0,-1.1840000000000002,0.0,-1.1840000000000002,0.0,-0.1184,0.0,-1.1840000000000002,0.0
-1.1824000000000001,0.0,-1.1824000000000001,0.0,-1.1824000000000001,0.0,-0.11824,0.04,-1.1824000000000001,0.04
-1.1808,0.0,-1.1808,0.0,-1.1808,0.0,-0.11807999999999999,0.0,-1.1808,0.0
-1.1792,0.0,-1.1792,0.0,-1.1792,0.0,-0.11792,0.0,-1.1792,0.0
-1.1776,0.04,-1.1776,0.04,-1.1776,0.04,-0.11776,0.04,-1.1776,0.0
-1.1760000000000002,0.0,-1.1760000000000002,0.0,-1.1760000000000002,0.0,-0.11760000000000001,0.0,-1.1760000000000002,0.0
-1.1744,0.0,-1.1744,0.0,-1.1744,0.0,-0.11744,0.0,-1.1744,0.0
-1.1728,0.04,-1.1728,0.04,-1.1728,0.04,-0.11728,0.0,-1.1728,0.0
-1.1712,0.0,-1.1712,0.0,-1.1712,0.0,-0.11712,0.0,-1.1712,0.0
-1.1696,0.0,-1.1696,0.0,-1.1696,0.0,-0.11696000000000001,0.0,-1.1696,0.0
-1.1680000000000001,0.0,-1.1680000000000001,0.0,-1.1680000000000001,0.0,-0.1168,0.04,-1.1680000000000001,0.0
-1.1664,0.04,-1.1664,0.04,-1.1664,0.04,-0.11664,0.0,-1.1664,0.04
-1.1648,0.0,-1.1648,0.0,-1.1648,0.0,-0.11648,0.0,-1.1648,0.0
-1.1632,0.0,-1.1632,0.0,-1.1632,0.0,-0.11632,0.0,-1.1632,0.04
-1.1616,0.0,-1.1616,0.0,-1.1616,0.0,-0.11616,0.0,-1.1616,0.0
-1.1600000000000001,0.0,-1.1600000000000001,0.0,-1.1600000000000001,0.0,-0.11599999999999999,0.0,-1.1600000000000001,0.0
-1.1584,0.0,-1.1584,0.0,-1.1584,0.0,-0.11584,0.0,-1.1584,0.0
-1.1568,0.0,-1.1568,0.0,-1.1568,0.0,-0.11568,0.04,-1.1568,0.0
-1.1552,0.04,-1.1552,0.04,-1.1552,0.04,-0.11552,0.0,-1.1552,0.0
-1.1536,0.04,-1.1536,0.04,-1.1536,0.04,-0.11535999999999999,0.0,-1.1536,0.04
-1.1520000000000001,0.0,-1.1520000000000001,0.0,-1.1520000000000001,0.0,-0.1152,0.0,-1.1520000000000001,0.0
-1.1504,0.0,-1.1504,0.0,-1.1504,0.0,-0.11504,0.04,-1.1504,0.04
-1.1488,0.0,-1.1488,0.0,-1.1488,0.0,-0.11488000000000001,0.0,-1.1488,0.0
-1.1472,0.0,-1.1472,0.0,-1.1472,0.0,-0.11472,0.04,-1.1472,0.0
-1.1456,0.0,-1.1456,0.0,-1.1456,0.0,-0.11456,0.0,-1.1456,0.0
-1.1440000000000001,0.0,-1.1440000000000001,0.0,-1.1440000000000001,0.0,-0.1144,0.0,-1.1440000000000001,0.0
-1.1424,0.0,-1.1424,0.0,-1.1424,0.0,-0.11424000000000001,0.04,-1.1424,0.0
-1.1408,0.0,-1.1408,0.0,-1.1408,0.0,-0.11408,0.0,-1.1408,0.04
-1.1392,0.0,-1.1392,0.0,-1.1392,0.0,-0.11392,0.0,-1.1392,0.0
-1.1376,0.0,-1.1376,0.0,-1.1376,0.0,-0.11376,0.04,-1.1376,0.0
-1.1360000000000001,0.04,-1.1360000000000001,0.04,-1.1360000000000001,0.04,-0.1136,0.0,-1.1360000000000001,0.0
-1.1344,0.0,-1.1344,0.0,-1.1344,0.0,-0.11344,0.0,-1.1344,0.0
-1.1328,0.0,-1.1328,0.0,-1.1328,0.0,-0.11327999999999999,0.04,-1.1328,0.0
-1.1312,0.0,-1.1312,0.0,-1.1312,0.0,-0.11312,0.0,-1.1312,0.0
-1.1296,0.0,-1.1296,0.0,-1.1296,0.0,-0.11296,0.0,-1.1296,0.0
-1.1280000000000001,0.0,-1.1280000000000001,0.0,-1.1280000000000001,0.0,-0.1128,0.0,-1.1280000000000001,0.0
-1.1264,0.0,-1.1264,0.0,-1.1264,0.0,-0.11263999999999999,0.0,-1.1264,0.0
-1.1248,0.0,-1.1248,0.0,-1.1248,0.0,-0.11248,0.0,-1.1248,0.0
-1.1232000000000002,0.0,-1.1232000000000002,0.0,-1.1232000000000002,0.0,-0.11232,0.0,-1.1232000000000002,0.04
-1.1216,0.0,-1.1216,0.0,-1.1216,0.0,-0.11216000000000001,0.04,-1.1216,0.0
-1.12,0.0,-1.12,0.0,-1.12,0.0,-0.112,0.0,-1.12,0.04
-1.1184,0.0,-1.1184,0.0,-1.1184,0.0,-0.11184,0.0,-1.1184,0.0
-1.1168,0.0,-1.1168,0.0,-1.1168,0.0,-0.11168,0.0,-1.1168,0.0
-1.1152000000000002,0.0,-1.1152000000000002,0.0,-1.1152000000000002,0.0,-0.11152000000000001,0.0,-1.1152000000000002,0.0
-1.1136000000000001,0.0,-1.1136000000000001,0.0,-1.1136000000000001,0.0,-0.11136,0.0,-1.1136000000000001,0.0
-1.112,0.0,-1.112,0.0,-1.112,0.0,-0.1112,0.0,-1.112,0.0
-1.1104,0.0,-1.1104,0.0,-1.1104,0.0,-0.11104,0.04,-1.1104,0.0
-1.1088,0.0,-1.1088,0.0,-1.1088,0.0,-0.11088,0.0,-1.1088,0.0
-1.1072000000000002,0.0,-1.1072000000000002,0.0,-1.1072000000000002,0.0,-0.11072,0.04,-1.1072000000000002,0.0
-1.1056000000000001,0.04,-1.1056000000000001,0.04,-1.1056000000000001,0.04,-0.11055999999999999,0.0,-1.1056000000000001,0.0
-1.104,0.0,-1.104,0.0,-1.104,0.0,-0.1104,0.0,-1.104,0.0
-1.1024,-0.04,-1.1024,-0.04,-1.1024,-0.04,-0.11024,0.04,-1.1024,0.0
-1.1008,0.0,-1.1008,0.0,-1.1008,0.0,-0.11008,0.0,-1.1008,0.0
-1.0992000000000002,0.0,-1.0992000000000002,0.0,-1.0992000000000002,0.0,-0.10991999999999999,0.0,-1.0992000000000002,0.04
-1.0976,0.0,-1.0976,0.0,-1.0976,0.0,-0.10976,0.0,-1.0976,0.0
-1.096,0.0,-1.096,0.0,-1.096,0.0,-0.1096,0.0,-1.096,0.0
-1.0944,0.0,-1.0944,0.0,-1.0944,0.0,-0.10944000000000001,0.0,-1.0944,0.04
-1.0928,0.0,-1.0928,0.0,-1.0928,0.0,-0.10928,0.0,-1.0928,0.0
-1.0912000000000002,0.0,-1.0912000000000002,0.0,-1.0912000000000002,0.0,-0.10912,0.0,-1.0912000000000002,0.0
-1.0896,0.0,-1.0896,0.0,-1.0896,0.0,-0.10896,0.0,-1.0896,0.0
-1.088,0.0,-1.088,0.0,-1.088,0.0,-0.10880000000000001,0.0,-1.088,0.0
-1.0864,0.0,-1.0864,0.0,-1.0864,0.0,-0.10864,0.04,-1.0864,0.0
-1.0848,0.04,-1.0848,0.04,-1.0848,0.04,-0.10848,0.04,-1.0848,0.0
-1.0832000000000002,0.0,-1.0832000000000002,0.0,-1.0832000000000002,0.0,-0.10832,0.0,-1.0832000000000002,0.0
-1.0816000000000001,0.0,-1.0816000000000001,0.0,-1.0816000000000001,0.0,-0.10816,0.04,-1.0816000000000001,0.0
-1.08,0.0,-1.08,0.0,-1.08,0.0,-0.108,0.0,-1.08,0.0
-1.0784,0.0,-1.0784,0.0,-1.0784,0.0,-0.10783999999999999,0.0,-1.0784,0.0
-1.0768,0.0,-1.0768,0.0,-1.0768,0.0,-0.10768,0.0,-1.0768,0.0
-1.0752000000000002,0.0,-1.0752000000000002,0.0,-1.0752000000000002,0.0,-0.10752,0.0,-1.0752000000000002,0.0
-1.0736,0.0,-1.0736,0.0,-1.0736,0.0,-0.10736,0.0,-1.0736,0.0
-1.072,0.0,-1.072,0.0,-1.072,0.0,-0.10719999999999999,0.0,-1.072,0.0
-1.0704,0.04,-1.0704,0.04,-1.0704,0.04,-0.10704,0.0,-1.0704,0.04
-1.0688,0.0,-1.0688,0.0,-1.0688,0.0,-0.10688,0.0,-1.0688,0.0
-1.0672000000000001,0.04,-1.0672000000000001,0.04,-1.0672000000000001,0.04,-0.10672000000000001,0.0,-1.0672000000000001,0.04
-1.0656,0.0,-1.0656,0.0,-1.0656,0.0,-0.10656,0.0,-1.0656,0.0
-1.064,0.0,-1.064,0.0,-1.064,0.0,-0.1064,0.0,-1.064,0.0
-1.0624,0.0,-1.0624,0.0,-1.0624,0.0,-0.10624,0.04,-1.0624,0.0
-1.0608,0.0,-1.0608,0.0,-1.0608,0.0,-0.10608000000000001,0.0,-1.0608,0.0
-1.0592000000000001,0.0,-1.0592000000000001,0.0,-1.0592000000000001,0.0,-0.10592,0.0,-1.0592000000000001,0.0
-1.0576,0.0,-1.0576,0.0,-1.0576,0.0,-0.10575999999999999,0.0,-1.0576,0.0
-1.056,0.0,-1.056,0.0,-1.056,0.0,-0.1056,0.0,-1.056,0.0
-1.0544000000000002,0.0,-1.0544000000000002,0.0,-1.0544000000000002,0.0,-0.10544,0.04,-1.0544000000000002,0.0
-1.0528,0.0,-1.0528,0.0,-1.0528,0.0,-0.10528,0.0,-1.0528,0.0
-1.0512000000000001,0.0,-1.0512000000000001,0.0,-1.0512000000000001,0.0,-0.10511999999999999,0.0,-1.0512000000000001,0.04
-1.0496,0.04,-1.0496,0.04,-1.0496,0.04,-0.10496,0.0,-1.0496,0.0
-1.048,0.0,-1.048,0.0,-1.048,0.0,-0.1048,0.04,-1.048,0.04
-1.0464000000000002,0.0,-1.0464000000000002,0.0,-1.0464000000000002,0.0,-0.10464,0.0,-1.0464000000000002,0.04
-1.0448,0.0,-1.0448,0.0,-1.0448,0.0,-0.10447999999999999,0.0,-1.0448,0.04
-1.0432000000000001,0.0,-1.0432000000000001,0.0,-1.0432000000000001,0.0,-0.10432,0.0,-1.0432000000000001,0.04
-1.0416,0.0,-1.0416,0.0,-1.0416,0.0,-0.10416,0.04,-1.0416,0.0
-1.04,0.0,-1.04,0.0,-1.04,0.0,-0.10400000000000001,0.0,-1.04,0.0
-1.0384000000000002,0.0,-1.0384000000000002,0.0,-1.0384000000000002,0.0,-0.10384,0.0,-1.0384000000000002,0.0
-1.0368,0.0,-1.0368,0.0,-1.0368,0.0,-0.10368,0.04,-1.0368,0.04
-1.0352000000000001,0.0,-1.0352000000000001,0.0,-1.0352000000000001,0.0,-0.10352,0.0,-1.0352000000000001,0.0
-1.0336,0.04,-1.0336,0.04,-1.0336,0.04,-0.10336000000000001,0.04,-1.0336,0.0
-1.032,0.0,-1.032,0.0,-1.032,0.0,-0.1032,0.0,-1.032,0.0
-1.0304000000000002,0.0,-1.0304000000000002,0.0,-1.0304000000000002,0.0,-0.10303999999999999,0.0,-1.0304000000000002,0.0
-1.0288,0.0,-1.0288,0.0,-1.0288,0.0,-0.10288,0.0,-1.0288,0.04
-1.0272000000000001,0.04,-1.0272000000000001,0.04,-1.0272000000000001,0.04,-0.10272,0.04,-1.0272000000000001,0.0
-1.0256,0.0,-1.0256,0.0,-1.0256,0.0,-0.10256,0.0,-1.0256,0.0
-1.024,0.0,-1.024,0.0,-1.024,0.0,-0.10239999999999999,0.04,-1.024,0.0
-1.0224000000000002,0.0,-1.0224000000000002,0.0,-1.0224000000000002,0.0,-0.10224,0.04,-1.0224000000000002,0.0
-1.0208,0.0,-1.0208,0.0,-1.0208,0.0,-0.10208,0.0,-1.0208,0.04
-1.0192,0.04,-1.0192,0.04,-1.0192,0.04,-0.10192,0.0,-1.0192,0.0
-1.0176,0.0,-1.0176,0.0,-1.0176,0.0,-0.10175999999999999,0.0,-1.0176,0.04
-1.016,0.0,-1.016,0.0,-1.016,0.0,-0.1016,0.0,-1.016,0.0
-1.0144000000000002,0.04,-1.0144000000000002,0.04,-1.0144000000000002,0.04,-0.10144,0.0,-1.0144000000000002,0.0
-1.0128,0.0,-1.0128,0.0,-1.0128,0.0,-0.10128000000000001,0.0,-1.0128,0.0
-1.0112,0.0,-1.0112,0.0,-1.0112,0.0,-0.10112,3.96,-1.0112,3.96
-1.0096,3.96,-1.0096,3.96,-1.0096,3.96,-0.10096,3.96,-1.0096,3.96
-1.008,3.96,-1.008,3.96,-1.008,3.96,-0.1008,3.96,-1.008,3.92
-1.0064000000000002,3.96,-1.0064000000000002,3.96,-1.0064000000000002,3.96,-0.10064000000000001,3.96,-1.0064000000000002,3.96
-1.0048,3.96,-1.0048,3.96,-1.0048,3.96,-0.10048,3.92,-1.0048,4.0
-1.0032,4.0,-1.0032,4.0,-1.0032,4.0,-0.10031999999999999,3.96,-1.0032,3.96
-1.0016,3.96,-1.0016,3.96,-1.0016,3.96,-0.10016,3.96,-1.0016,3.96
-1.0,3.96,-1.0,3.96,-1.0,3.96,-0.1,3.96,-1.0,4.0
-0.9984000000000001,3.96,-0.9984000000000001,3.96,-0.9984000000000001,3.96,-0.09984,3.96,-0.9984000000000001,3.96
-0.9968,3.96,-0.9968,3.96,-0.9968,3.96,-0.09967999999999999,3.96,-0.9968,3.96
-0.9952000000000001,3.96,-0.9952000000000001,3.96,-0.9952000000000001,3.96,-0.09952,3.96,-0.9952000000000001,3.96
-0.9936,3.96,-0.9936,3.96,-0.9936,3.96,-0.09936,3.96,-0.9936,3.96
-0.9920000000000001,3.96,-0.9920000000000001,3.96,-0.9920000000000001,3.96,-0.0992,3.96,-0.9920000000000001,3.96
-0.9904000000000001,4.0,-0.9904000000000001,4.0,-0.9904000000000001,4.0,-0.09903999999999999,4.0,-0.9904000000000001,4.0
-0.9888,4.0,-0.9888,4.0,-0.9888,4.0,-0.09888,3.96,-0.9888,4.0
-0.9872000000000001,4.0,-0.9872000000000001,4.0,-0.9872000000000001,4.0,-0.09872,3.96,-0.9872000000000001,3.96
-0.9856,3.96,-0.9856,3.96,-0.9856,3.96,-0.09856,3.92,-0.9856,4.0
-0.9840000000000001,3.96,-0.9840000000000001,3.96,-0.9840000000000001,3.96,-0.0984,3.96,-0.9840000000000001,4.0
-0.9824,4.0,-0.9824,4.0,-0.9824,4.0,-0.09824,4.0,-0.9824,3.96
-0.9808,3.96,-0.9808,3.96,-0.9808,3.96,-0.09808,4.0,-0.9808,3.96
-0.9792000000000001,3.96,-0.9792000000000001,3.96,-0.9792000000000001,3.96,-0.09792000000000001,3.96,-0.9792000000000001,4.0
-0.9776,3.96,-0.9776,3.96,-0.9776,3.96,-0.09776,3.96,-0.9776,3.96
-0.9760000000000001,3.96,-0.9760000000000001,3.96,-0.9760000000000001,3.96,-0.09759999999999999,3.96,-0.9760000000000001,3.96
-0.9744,4.0,-0.9744,4.0,-0.9744,4.0,-0.09744,3.96,-0.9744,3.96
-0.9728000000000001,4.0,-0.9728000000000001,4.0,-0.9728000000000001,4.0,-0.09727999999999999,3.96,-0.9728000000000001,4.0
-0.9712000000000001,3.96,-0.9712000000000001,3.96,-0.9712000000000001,3.96,-0.09712,3.96,-0.9712000000000001,4.0
-0.9696,3.96,-0.9696,3.96,-0.9696,3.96,-0.09696,3.96,-0.9696,4.0
-0.9680000000000001,3.96,-0.9680000000000001,3.96,-0.9680000000000001,3.96,-0.0968,3.96,-0.9680000000000001,3.96
-0.9664,3.96,-0.9664,3.96,-0.9664,3.96,-0.09664,3.96,-0.9664,3.96
-0.9648000000000001,4.0,-0.9648000000000001,4.0,-0.9648000000000001,4.0,-0.09648,3.96,-0.9648000000000001,3.96
-0.9632000000000001,3.96,-0.9632000000000001,3.96,-0.9632000000000001,3.96,-0.09632,3.96,-0.9632000000000001,4.0
-0.9616,3.96,-0.9616,3.96,-0.9616,3.96,-0.09616,3.96,-0.9616,3.96
-0.9600000000000001,4.0,-0.9600000000000001,4.0,-0.9600000000000001,4.0,-0.096,3.96,-0.9600000000000001,3.96
-0.9584,3.96,-0.9584,3.96,-0.9584,3.96,-0.09584,4.0,-0.9584,4.0
-0.9568000000000001,3.96,-0.9568000000000001,3.96,-0.9568000000000001,3.96,-0.09568,3.96,-0.9568000000000001,3.96
-0.9552,4.0,-0.9552,4.0,-0.9552,4.0,-0.09552,3.96,-0.9552,3.96
-0.9536,3.96,-0.9536,3.96,-0.9536,3.96,-0.09536,4.0,-0.9536,4.0
-0.9520000000000001,4.0,-0.9520000000000001,4.0,-0.9520000000000001,4.0,-0.09519999999999999,3.96,-0.9520000000000001,3.96
-0.9504,3.96,-0.9504,3.96,-0.9504,3.96,-0.09504,4.0,-0.9504,4.0
-0.9488000000000001,4.0,-0.9488000000000001,4.0,-0.9488000000000001,4.0,-0.09487999999999999,3.96,-0.9488000000000001,4.0
-0.9472,4.0,-0.9472,4.0,-0.9472,4.0,-0.09472,3.96,-0.9472,3.96
-0.9456000000000001,3.96,-0.9456000000000001,3.96,-0.9456000000000001,3.96,-0.09455999999999999,4.0,-0.9456000000000001,4.0
-0.9440000000000001,3.96,-0.9440000000000001,3.96,-0.9440000000000001,3.96,-0.0944,4.0,-0.9440000000000001,4.0
-0.9424,3.96,-0.9424,3.96,-0.9424,3.96,-0.09424,3.96,-0.9424,4.0
-0.9408000000000001,3.96,-0.9408000000000001,3.96,-0.9408000000000001,3.96,-0.09408,4.0,-0.9408000000000001,4.0
-0.9392,4.0,-0.9392,4.0,-0.9392,4.0,-0.09392,4.0,-0.9392,4.0
-0.9376000000000001,3.96,-0.9376000000000001,3.96,-0.9376000000000001,3.96,-0.09376,3.96,-0.9376000000000001,3.96
-0.936,3.96,-0.936,3.96,-0.936,3.96,-0.0936,3.96,-0.936,3.96
-0.9344,4.0,-0.9344,4.0,-0.9344,4.0,-0.09344,3.96,-0.9344,3.96
-0.9328000000000001,4.0,-0.9328000000000001,4.0,-0.9328000000000001,4.0,-0.09328,3.96,-0.9328000000000001,4.0
-0.9312,4.0,-0.9312,4.0,-0.9312,4.0,-0.09312,3.96,-0.9312,4.0
-0.9296000000000001,3.96,-0.9296000000000001,3.96,-0.9296000000000001,3.96,-0.09296,3.96,-0.9296000000000001,3.96
-0.928,3.96,-0.928,3.96,-0.928,3.96,-0.0928,3.96,-0.928,4.0
-0.9264,4.0,-0.9264,4.0,-0.9264,4.0,-0.09264,3.96,-0.9264,4.0
-0.9248000000000001,3.96,-0.9248000000000001,3.96,-0.9248000000000001,3.96,-0.09247999999999999,4.0,-0.9248000000000001,4.0
-0.9232,4.0,-0.9232,4.0,-0.9232,4.0,-0.09232,3.96,-0.9232,3.96
-0.9216000000000001,4.0,-0.9216000000000001,4.0,-0.9216000000000001,4.0,-0.09215999999999999,3.96,-0.9216000000000001,3.96
-0.92,3.96,-0.92,3.96,-0.92,3.96,-0.092,4.0,-0.92,3.96
-0.9184000000000001,4.0,-0.9184000000000001,4.0,-0.9184000000000001,4.0,-0.09183999999999999,4.0,-0.9184000000000001,4.0
-0.9168000000000001,3.96,-0.9168000000000001,3.96,-0.9168000000000001,3.96,-0.09168,3.96,-0.9168000000000001,3.96
-0.9152,4.0,-0.9152,4.0,-0.9152,4.0,-0.09152,4.0,-0.9152,3.96
-0.9136000000000001,3.96,-0.9136000000000001,3.96,-0.9136000000000001,3.96,-0.09136,4.0,-0.9136000000000001,4.0
-0.912,3.96,-0.912,3.96,-0.912,3.96,-0.0912,3.96,-0.912,4.0
-0.9104000000000001,4.0,-0.9104000000000001,4.0,-0.9104000000000001,4.0,-0.09104,3.96,-0.9104000000000001,3.96
-0.9088,3.96,-0.9088,3.96,-0.9088,3.96,-0.09088,3.96,-0.9088,4.0
-0.9072,3.96,-0.9072,3.96,-0.9072,3.96,-0.09072,4.0,-0.9072,3.96
-0.9056000000000001,3.96,-0.9056000000000001,3.96,-0.9056000000000001,3.96,-0.09056,3.96,-0.9056000000000001,3.96
-0.904,3.96,-0.904,3.96,-0.904,3.96,-0.0904,4.0,-0.904,3.96
-0.9024000000000001,4.0,-0.9024000000000001,4.0,-0.9024000000000001,4.0,-0.09024,4.0,-0.9024000000000001,3.96
-0.9008,3.96,-0.9008,3.96,-0.9008,3.96,-0.09008,3.96,-0.9008,4.0
-0.8992000000000001,4.0,-0.8992000000000001,4.0,-0.8992000000000001,4.0,-0.08992,4.0,-0.8992000000000001,3.96
-0.8976000000000001,3.96,-0.8976000000000001,3.96,-0.8976000000000001,3.96,-0.08975999999999999,3.96,-0.8976000000000001,4.0
-0.896,4.0,-0.896,4.0,-0.896,4.0,-0.0896,3.96,-0.896,4.0
-0.8944000000000001,3.96,-0.8944000000000001,3.96,-0.8944000000000001,3.96,-0.08943999999999999,3.96,-0.8944000000000001,4.0
-0.8928,3.96,-0.8928,3.96,-0.8928,3.96,-0.08928,4.0,-0.8928,3.96
-0.8912000000000001,3.96,-0.8912000000000001,3.96,-0.8912000000000001,3.96,-0.08911999999999999,3.96,-0.8912000000000001,3.96
-0.8896000000000001,4.0,-0.8896000000000001,4.0,-0.8896000000000001,4.0,-0.08896,3.96,-0.8896000000000001,3.96
-0.888,4.0,-0.888,4.0,-0.888,4.0,-0.0888,4.0,-0.888,3.96
-0.8864000000000001,3.96,-0.8864000000000001,3.96,-0.8864000000000001,3.96,-0.08864,3.96,-0.8864000000000001,4.0
-0.8848,3.96,-0.8848,3.96,-0.8848,3.96,-0.08848,3.96,-0.8848,4.0
-0.8832000000000001,3.96,-0.8832000000000001,3.96,-0.8832000000000001,3.96,-0.08832,3.96,-0.8832000000000001,4.0
-0.8816,3.96,-0.8816,3.96,-0.8816,3.96,-0.08816,4.0,-0.8816,3.96
-0.88,3.96,-0.88,3.96,-0.88,3.96,-0.088,4.0,-0.88,3.96
-0.8784000000000001,3.96,-0.8784000000000001,3.96,-0.8784000000000001,3.96,-0.08784,3.96,-0.8784000000000001,3.96
-0.8768,3.96,-0.8768,3.96,-0.8768,3.96,-0.08768,4.0,-0.8768,3.96
-0.8752000000000001,3.96,-0.8752000000000001,3.96,-0.8752000000000001,3.96,-0.08752,4.0,-0.8752000000000001,3.96
-0.8736,3.96,-0.8736,3.96,-0.8736,3.96,-0.08736,4.0,-0.8736,3.96
-0.8720000000000001,4.0,-0.8720000000000001,4.0,-0.8720000000000001,4.0,-0.0872,3.96,-0.8720000000000001,3.96
-0.8704000000000001,4.0,-0.8704000000000001,4.0,-0.8704000000000001,4.0,-0.08703999999999999,3.96,-0.8704000000000001,4.0
-0.8688,3.96,-0.8688,3.96,-0.8688,3.96,-0.08688,3.96,-0.8688,3.96
-0.8672000000000001,3.96,-0.8672000000000001,3.96,-0.8672000000000001,3.96,-0.08671999999999999,3.96,-0.8672000000000001,4.0
-0.8656,3.96,-0.8656,3.96,-0.8656,3.96,-0.08656,4.0,-0.8656,4.0
-0.8640000000000001,3.96,-0.8640000000000001,3.96,-0.8640000000000001,3.96,-0.08639999999999999,4.0,-0.8640000000000001,3.96
-0.8624,3.96,-0.8624,3.96,-0.8624,3.96,-0.08624,3.96,-0.8624,3.96
-0.8608,3.96,-0.8608,3.96,-0.8608,3.96,-0.08608,3.96,-0.8608,3.96
-0.8592000000000001,3.96,-0.8592000000000001,3.96,-0.8592000000000001,3.96,-0.08592,3.96,-0.8592000000000001,3.96
-0.8576,3.96,-0.8576,3.96,-0.8576,3.96,-0.08576,4.0,-0.8576,3.96
-0.8560000000000001,4.0,-0.8560000000000001,4.0,-0.8560000000000001,4.0,-0.0856,4.0,-0.8560000000000001,3.96
-0.8544,4.0,-0.8544,4.0,-0.8544,4.0,-0.08544,3.96,-0.8544,3.96
-0.8528,4.0,-0.8528,4.0,-0.8528,4.0,-0.08528,4.0,-0.8528,3.96
-0.8512000000000001,3.96,-0.8512000000000001,3.96,-0.8512000000000001,3.96,-0.08512,3.96,-0.8512000000000001,3.96
-0.8496,3.96,-0.8496,3.96,-0.8496,3.96,-0.08496,3.96,-0.8496,3.96
-0.8480000000000001,3.96,-0.8480000000000001,3.96,-0.8480000000000001,3.96,-0.0848,3.96,-0.8480000000000001,3.96
-0.8464,3.96,-0.8464,3.96,-0.8464,3.96,-0.08463999999999999,3.96,-0.8464,3.96
-0.8448000000000001,3.96,-0.8448000000000001,3.96,-0.8448000000000001,3.96,-0.08448,4.0,-0.8448000000000001,4.0
-0.8432000000000001,4.0,-0.8432000000000001,4.0,-0.8432000000000001,4.0,-0.08431999999999999,3.96,-0.8432000000000001,3.96
-0.8416,3.96,-0.8416,3.96,-0.8416,3.96,-0.08416,3.96,-0.8416,4.0
-0.8400000000000001,4.0,-0.8400000000000001,4.0,-0.8400000000000001,4.0,-0.08399999999999999,3.96,-0.8400000000000001,3.96
-0.8384,4.0,-0.8384,4.0,-0.8384,4.0,-0.08384,3.96,-0.8384,3.96
-0.8368000000000001,3.96,-0.8368000000000001,3.96,-0.8368000000000001,3.96,-0.08367999999999999,3.96,-0.8368000000000001,3.96
-0.8352,3.96,-0.8352,3.96,-0.8352,3.96,-0.08352,3.96,-0.8352,3.96
-0.8336,4.0,-0.8336,4.0,-0.8336,4.0,-0.08336,4.0,-0.8336,3.96
-0.8320000000000001,3.96,-0.8320000000000001,3.96,-0.8320000000000001,3.96,-0.0832,4.0,-0.8320000000000001,3.96
-0.8304,4.0,-0.8304,4.0,-0.8304,4.0,-0.08304,4.0,-0.8304,3.96
-0.8288000000000001,3.96,-0.8288000000000001,3.96,-0.8288000000000001,3.96,-0.08288,3.96,-0.8288000000000001,3.96
-0.8272,3.96,-0.8272,3.96,-0.8272,3.96,-0.08272,4.0,-0.8272,3.96
-0.8256,4.0,-0.8256,4.0,-0.8256,4.0,-0.08256,3.96,-0.8256,3.96
-0.8240000000000001,3.96,-0.8240000000000001,3.96,-0.8240000000000001,3.96,-0.0824,3.96,-0.8240000000000001,3.96
-0.8224,4.0,-0.8224,4.0,-0.8224,4.0,-0.08224,3.96,-0.8224,3.96
-0.8208000000000001,3.96,-0.8208000000000001,3.96,-0.8208000000000001,3.96,-0.08208,3.96,-0.8208000000000001,3.96
-0.8192,4.0,-0.8192,4.0,-0.8192,4.0,-0.08191999999999999,3.96,-0.8192,4.0
-0.8176000000000001,3.96,-0.8176000000000001,3.96,-0.8176000000000001,3.96,-0.08176,3.96,-0.8176000000000001,4.0
-0.8160000000000001,3.96,-0.8160000000000001,3.96,-0.8160000000000001,3.96,-0.08159999999999999,4.0,-0.8160000000000001,3.96
-0.8144,4.0,-0.8144,4.0,-0.8144,4.0,-0.08144,3.96,-0.8144,3.96
-0.8128000000000001,3.96,-0.8128000000000001,3.96,-0.8128000000000001,3.96,-0.08127999999999999,3.96,-0.8128000000000001,3.96
-0.8112,4.0,-0.8112,4.0,-0.8112,4.0,-0.08112,3.96,-0.8112,3.96
-0.8096000000000001,4.0,-0.8096000000000001,4.0,-0.8096000000000001,4.0,-0.08095999999999999,3.96,-0.8096000000000001,3.96
-0.808,3.96,-0.808,3.96,-0.808,3.96,-0.0808,3.96,-0.808,3.96
-0.8064,3.96,-0.8064,3.96,-0.8064,3.96,-0.08064,3.96,-0.8064,3.96
-0.8048000000000001,3.96,-0.8048000000000001,3.96,-0.8048000000000001,3.96,-0.08048,4.0,-0.8048000000000001,4.0
-0.8032,3.96,-0.8032,3.96,-0.8032,3.96,-0.08032,4.0,-0.8032,3.96
-0.8016000000000001,3.96,-0.8016000000000001,3.96,-0.8016000000000001,3.96,-0.08016,4.0,-0.8016000000000001,3.96
-0.8,3.96,-0.8,3.96,-0.8,3.96,-0.08,3.96,-0.8,3.96
-0.7984,3.96,-0.7984,3.96,-0.7984,3.96,-0.07984,3.96,-0.7984,4.0
-0.7968000000000001,3.96,-0.7968000000000001,3.96,-0.7968000000000001,3.96,-0.07968,3.96,-0.7968000000000001,4.0
-0.7952,4.0,-0.7952,4.0,-0.7952,4.0,-0.07952,3.96,-0.7952,3.96
-0.7936000000000001,3.96,-0.7936000000000001,3.96,-0.7936000000000001,3.96,-0.07936,3.96,-0.7936000000000001,4.0
-0.792,3.96,-0.792,3.96,-0.792,3.96,-0.07919999999999999,3.96,-0.792,3.96
-0.7904000000000001,3.96,-0.7904000000000001,3.96,-0.7904000000000001,3.96,-0.07904,3.96,-0.7904000000000001,4.0
-0.7888000000000001,3.96,-0.7888000000000001,3.96,-0.7888000000000001,3.96,-0.07887999999999999,4.0,-0.7888000000000001,4.0
-0.7872,3.96,-0.7872,3.96,-0.7872,3.96,-0.07872,3.96,-0.7872,4.0
-0.7856000000000001,3.96,-0.7856000000000001,3.96,-0.7856000000000001,3.96,-0.07855999999999999,3.96,-0.7856000000000001,3.96
-0.784,3.96,-0.784,3.96,-0.784,3.96,-0.0784,3.96,-0.784,3.96
-0.7824000000000001,3.96,-0.7824000000000001,3.96,-0.7824000000000001,3.96,-0.07823999999999999,3.96,-0.7824000000000001,4.0
-0.7808,4.0,-0.7808,4.0,-0.7808,4.0,-0.07808,4.0,-0.7808,4.0
-0.7792,3.96,-0.7792,3.96,-0.7792,3.96,-0.07792,4.0,-0.7792,3.96
-0.7776000000000001,4.0,-0.7776000000000001,4.0,-0.7776000000000001,4.0,-0.07776,3.96,-0.7776000000000001,3.96
-0.776,4.0,-0.776,4.0,-0.776,4.0,-0.0776,4.0,-0.776,4.0
-0.7744000000000001,4.0,-0.7744000000000001,4.0,-0.7744000000000001,4.0,-0.07744,3.96,-0.7744000000000001,4.0
-0.7728,4.0,-0.7728,4.0,-0.7728,4.0,-0.07728,4.0,-0.7728,3.96
-0.7712,3.96,-0.7712,3.96,-0.7712,3.96,-0.07712,3.96,-0.7712,3.96
-0.7696000000000001,3.96,-0.7696000000000001,3.96,-0.7696000000000001,3.96,-0.07696,3.96,-0.7696000000000001,3.96
-0.768,4.0,-0.768,4.0,-0.768,4.0,-0.0768,3.96,-0.768,3.96
-0.7664000000000001,3.96,-0.7664000000000001,3.96,-0.7664000000000001,3.96,-0.07664,3.96,-0.7664000000000001,4.0
-0.7648,4.0,-0.7648,4.0,-0.7648,4.0,-0.07647999999999999,3.96,-0.7648,4.0
-0.7632000000000001,3.96,-0.7632000000000001,3.96,-0.7632000000000001,3.96,-0.07632,4.0,-0.7632000000000001,4.0
-0.7616,4.0,-0.7616,4.0,-0.7616,4.0,-0.07615999999999999,4.0,-0.7616,4.0
-0.76,3.96,-0.76,3.96,-0.76,3.96,-0.076,3.96,-0.76,4.0
-0.7584000000000001,3.96,-0.7584000000000001,3.96,-0.7584000000000001,3.96,-0.07583999999999999,3.96,-0.7584000000000001,4.0
-0.7568,3.96,-0.7568,3.96,-0.7568,3.96,-0.07568,3.96,-0.7568,3.96
-0.7552000000000001,4.0,-0.7552000000000001,4.0,-0.7552000000000001,4.0,-0.07551999999999999,3.96,-0.7552000000000001,3.96
-0.7536,3.96,-0.7536,3.96,-0.7536,3.96,-0.07536,4.0,-0.7536,4.0
-0.752,3.96,-0.752,3.96,-0.752,3.96,-0.0752,3.96,-0.752,3.96
-0.7504000000000001,4.0,-0.7504000000000001,4.0,-0.7504000000000001,4.0,-0.07504,4.0,-0.7504000000000001,4.0
-0.7488,4.0,-0.7488,4.0,-0.7488,4.0,-0.07488,4.0,-0.7488,3.96
-0.7472000000000001,3.96,-0.7472000000000001,3.96,-0.7472000000000001,3.96,-0.07472,3.96,-0.7472000000000001,4.0
-0.7456,3.96,-0.7456,3.96,-0.7456,3.96,-0.07456,3.96,-0.7456,4.0
-0.744,3.96,-0.744,3.96,-0.744,3.96,-0.0744,3.96,-0.744,3.96
-0.7424000000000001,3.96,-0.7424000000000001,3.96,-0.7424000000000001,3.96,-0.07424,4.0,-0.7424000000000001,4.0
-0.7408,4.0,-0.7408,4.0,-0.7408,4.0,-0.07408,3.96,-0.7408,3.96
-0.7392000000000001,3.96,-0.7392000000000001,3.96,-0.7392000000000001,3.96,-0.07392,4.0,-0.7392000000000001,3.96
-0.7376,3.96,-0.7376,3.96,-0.7376,3.96,-0.07375999999999999,3.96,-0.7376,4.0
-0.7360000000000001,3.96,-0.7360000000000001,3.96,-0.7360000000000001,3.96,-0.0736,3.96,-0.7360000000000001,4.0
-0.7344,4.0,-0.7344,4.0,-0.7344,4.0,-0.07343999999999999,3.96,-0.7344,4.0
-0.7328,3.96,-0.7328,3.96,-0.7328,3.96,-0.07328,3.96,-0.7328,3.96
-0.7312000000000001,3.96,-0.7312000000000001,3.96,-0.7312000000000001,3.96,-0.07311999999999999,4.0,-0.7312000000000001,4.0
-0.7296,4.0,-0.7296,4.0,-0.7296,4.0,-0.07296,4.0,-0.7296,4.0
-0.7280000000000001,3.96,-0.7280000000000001,3.96,-0.7280000000000001,3.96,-0.07279999999999999,3.96,-0.7280000000000001,4.0
-0.7264,3.96,-0.7264,3.96,-0.7264,3.96,-0.07264,3.96,-0.7264,3.96
-0.7248,3.96,-0.7248,3.96,-0.7248,3.96,-0.07248,4.0,-0.7248,3.96
-0.7232000000000001,3.96,-0.7232000000000001,3.96,-0.7232000000000001,3.96,-0.07232,3.96,-0.7232000000000001,3.96
-0.7216,4.0,-0.7216,4.0,-0.7216,4.0,-0.07216,3.96,-0.7216,4.0
-0.7200000000000001,3.96,-0.7200000000000001,3.96,-0.7200000000000001,3.96,-0.072,3.96,-0.7200000000000001,3.96
-0.7184,3.96,-0.7184,3.96,-0.7184,3.96,-0.07184,3.96,-0.7184,4.0
-0.7168,4.0,-0.7168,4.0,-0.7168,4.0,-0.07168,4.0,-0.7168,4.0
-0.7152000000000001,3.96,-0.7152000000000001,3.96,-0.7152000000000001,3.96,-0.07152,4.0,-0.7152000000000001,4.0
-0.7136,3.96,-0.7136,3.96,-0.7136,3.96,-0.07135999999999999,3.96,-0.7136,3.96
-0.7120000000000001,4.0,-0.7120000000000001,4.0,-0.7120000000000001,4.0,-0.0712,3.96,-0.7120000000000001,3.96
-0.7104,4.0,-0.7104,4.0,-0.7104,4.0,-0.07103999999999999,3.96,-0.7104,4.0
-0.7088000000000001,4.0,-0.7088000000000001,4.0,-0.7088000000000001,4.0,-0.07088,4.0,-0.7088000000000001,3.96
-0.7072,3.96,-0.7072,3.96,-0.7072,3.96,-0.07071999999999999,3.96,-0.7072,4.0
-0.7056,3.96,-0.7056,3.96,-0.7056,3.96,-0.07056,3.96,-0.7056,3.96
-0.7040000000000001,3.96,-0.7040000000000001,3.96,-0.7040000000000001,3.96,-0.07039999999999999,4.0,-0.7040000000000001,4.0
-0.7024,3.96,-0.7024,3.96,-0.7024,3.96,-0.07024,3.96,-0.7024,4.0
-0.7008000000000001,3.96,-0.7008000000000001,3.96,-0.7008000000000001,3.96,-0.07007999999999999,3.96,-0.7008000000000001,3.96
-0.6992,4.0,-0.6992,4.0,-0.6992,4.0,-0.06992,3.96,-0.6992,4.0
-0.6976,4.0,-0.6976,4.0,-0.6976,4.0,-0.06976,4.0,-0.6976,4.0
-0.6960000000000001,3.96,-0.6960000000000001,3.96,-0.6960000000000001,3.96,-0.0696,4.0,-0.6960000000000001,4.0
-0.6944,4.0,-0.6944,4.0,-0.6944,4.0,-0.06944,3.96,-0.6944,3.96
-0.6928000000000001,3.96,-0.6928000000000001,3.96,-0.6928000000000001,3.96,-0.06928,3.96,-0.6928000000000001,4.0
-0.6912,3.96,-0.6912,3.96,-0.6912,3.96,-0.06912,3.96,-0.6912,4.0
-0.6896,4.0,-0.6896,4.0,-0.6896,4.0,-0.06896,3.96,-0.6896,3.96
-0.6880000000000001,3.96,-0.6880000000000001,3.96,-0.6880000000000001,3.96,-0.0688,3.96,-0.6880000000000001,4.0
-0.6864,3.96,-0.6864,3.96,-0.6864,3.96,-0.06863999999999999,3.96,-0.6864,3.96
-0.6848000000000001,3.96,-0.6848000000000001,3.96,-0.6848000000000001,3.96,-0.06848,3.96,-0.6848000000000001,4.0
-0.6832,4.0,-0.6832,4.0,-0.6832,4.0,-0.06831999999999999,3.96,-0.6832,4.0
-0.6816000000000001,4.0,-0.6816000000000001,4.0,-0.6816000000000001,4.0,-0.06816,3.96,-0.6816000000000001,4.0
-0.68,3.96,-0.68,3.96,-0.68,3.96,-0.06799999999999999,4.0,-0.68,4.0
-0.6784,3.96,-0.6784,3.96,-0.6784,3.96,-0.06784,3.96,-0.6784,3.96
-0.6768000000000001,3.96,-0.6768000000000001,3.96,-0.6768000000000001,3.96,-0.06767999999999999,3.96,-0.6768000000000001,3.96
-0.6752,3.96,-0.6752,3.96,-0.6752,3.96,-0.06752,3.96,-0.6752,4.0
-0.6736000000000001,4.0,-0.6736000000000001,4.0,-0.6736000000000001,4.0,-0.06735999999999999,3.96,-0.6736000000000001,3.96
-0.672,3.96,-0.672,3.96,-0.672,3.96,-0.0672,3.96,-0.672,4.0
-0.6704,3.96,-0.6704,3.96,-0.6704,3.96,-0.06704,3.96,-0.6704,4.0
-0.6688000000000001,4.0,-0.6688000000000001,4.0,-0.6688000000000001,4.0,-0.06688,4.0,-0.6688000000000001,3.96
-0.6672,3.96,-0.6672,3.96,-0.6672,3.96,-0.06672,3.96,-0.6672,3.96
-0.6656000000000001,3.96,-0.6656000000000001,3.96,-0.6656000000000001,3.96,-0.06656,3.96,-0.6656000000000001,3.96
-0.664,3.96,-0.664,3.96,-0.664,3.96,-0.0664,3.96,-0.664,4.0
-0.6624,3.96,-0.6624,3.96,-0.6624,3.96,-0.06624,4.0,-0.6624,3.96
-0.6608,3.96,-0.6608,3.96,-0.6608,3.96,-0.06608,3.96,-0.6608,3.96
-0.6592,4.0,-0.6592,4.0,-0.6592,4.0,-0.06591999999999999,3.96,-0.6592,3.96
-0.6576000000000001,4.0,-0.6576000000000001,4.0,-0.6576000000000001,4.0,-0.06576,4.0,-0.6576000000000001,3.96
-0.656,3.96,-0.656,3.96,-0.656,3.96,-0.06559999999999999,4.0,-0.656,3.96
-0.6544000000000001,4.0,-0.6544000000000001,4.0,-0.6544000000000001,4.0,-0.06544,3.96,-0.6544000000000001,4.0
-0.6528,3.96,-0.6528,3.96,-0.6528,3.96,-0.06527999999999999,3.96,-0.6528,4.0
-0.6512,4.0,-0.6512,4.0,-0.6512,4.0,-0.06512,4.0,-0.6512,4.0
-0.6496000000000001,3.96,-0.6496000000000001,3.96,-0.6496000000000001,3.96,-0.06495999999999999,4.0,-0.6496000000000001,4.0
-0.648,3.96,-0.648,3.96,-0.648,3.96,-0.0648,4.0,-0.648,4.0
-0.6464000000000001,3.96,-0.6464000000000001,3.96,-0.6464000000000001,3.96,-0.06463999999999999,3.96,-0.6464000000000001,4.0
-0.6448,3.96,-0.6448,3.96,-0.6448,3.96,-0.06448,3.96,-0.6448,4.0
-0.6432,3.96,-0.6432,3.96,-0.6432,3.96,-0.06432,4.0,-0.6432,4.0
-0.6416000000000001,4.0,-0.6416000000000001,4.0,-0.6416000000000001,4.0,-0.06416,4.0,-0.6416000000000001,3.96
-0.64,3.96,-0.64,3.96,-0.64,3.96,-0.064,3.96,-0.64,3.96
-0.6384000000000001,3.96,-0.6384000000000001,3.96,-0.6384000000000001,3.96,-0.06384,3.96,-0.6384000000000001,4.0
-0.6368,3.96,-0.6368,3.96,-0.6368,3.96,-0.06368,3.96,-0.6368,3.96
-0.6352000000000001,3.96,-0.6352000000000001,3.96,-0.6352000000000001,3.96,-0.06352,3.96,-0.6352000000000001,4.0
-0.6336,3.96,-0.6336,3.96,-0.6336,3.96,-0.06336,3.96,-0.6336,3.96
-0.632,3.96,-0.632,3.96,-0.632,3.96,-0.06319999999999999,4.0,-0.632,4.0
-0.6304000000000001,4.0,-0.6304000000000001,4.0,-0.6304000000000001,4.0,-0.06304,3.96,-0.6304000000000001,3.96
-0.6288,3.96,-0.6288,3.96,-0.6288,3.96,-0.06287999999999999,3.96,-0.6288,4.0
-0.6272000000000001,3.96,-0.6272000000000001,3.96,-0.6272000000000001,3.96,-0.06272,3.96,-0.6272000000000001,3.96
-0.6256,3.96,-0.6256,3.96,-0.6256,3.96,-0.06255999999999999,3.96,-0.6256,4.0
-0.624,4.0,-0.624,4.0,-0.624,4.0,-0.0624,4.0,-0.624,3.96
-0.6224000000000001,3.96,-0.6224000000000001,3.96,-0.6224000000000001,3.96,-0.06223999999999999,4.0,-0.6224000000000001,4.0
-0.6208,3.96,-0.6208,3.96,-0.6208,3.96,-0.062079999999999996,4.0,-0.6208,4.0
-0.6192000000000001,3.96,-0.6192000000000001,3.96,-0.6192000000000001,3.96,-0.06191999999999999,4.0,-0.6192000000000001,3.96
-0.6176,3.96,-0.6176,3.96,-0.6176,3.96,-0.061759999999999995,4.0,-0.6176,3.96
-0.616,3.96,-0.616,3.96,-0.616,3.96,-0.0616,4.0,-0.616,3.96
-0.6144000000000001,3.96,-0.6144000000000001,3.96,-0.6144000000000001,3.96,-0.061439999999999995,3.96,-0.6144000000000001,4.0
-0.6128,4.0,-0.6128,4.0,-0.6128,4.0,-0.06128,3.96,-0.6128,3.96
-0.6112000000000001,3.96,-0.6112000000000001,3.96,-0.6112000000000001,3.96,-0.061119999999999994,3.96,-0.6112000000000001,4.0
-0.6096,3.96,-0.6096,3.96,-0.6096,3.96,-0.06096,3.96,-0.6096,4.0
-0.6080000000000001,4.0,-0.6080000000000001,4.0,-0.6080000000000001,4.0,-0.06079999999999999,3.96,-0.6080000000000001,3.96
-0.6064,4.0,-0.6064,4.0,-0.6064,4.0,-0.06064,4.0,-0.6064,3.96
-0.6048,4.0,-0.6048,4.0,-0.6048,4.0,-0.06047999999999999,3.96,-0.6048,4.0
-0.6032000000000001,3.96,-0.6032000000000001,3.96,-0.6032000000000001,3.96,-0.06032,3.96,-0.6032000000000001,4.0
-0.6016,4.0,-0.6016,4.0,-0.6016,4.0,-0.06015999999999999,4.0,-0.6016,4.0
-0.6000000000000001,4.0,-0.6000000000000001,4.0,-0.6000000000000001,4.0,-0.06,4.0,-0.6000000000000001,3.96
-0.5984,4.0,-0.5984,4.0,-0.5984,4.0,-0.05983999999999999,4.0,-0.5984,3.96
-0.5968,3.96,-0.5968,3.96,-0.5968,3.96,-0.05968,3.96,-0.5968,4.0
-0.5952,4.0,-0.5952,4.0,-0.5952,4.0,-0.05951999999999999,3.96,-0.5952,4.0
-0.5936000000000001,3.96,-0.5936000000000001,3.96,-0.5936000000000001,3.96,-0.059359999999999996,3.96,-0.5936000000000001,3.96
-0.5920000000000001,3.96,-0.5920000000000001,3.96,-0.5920000000000001,3.96,-0.05919999999999999,3.96,-0.5920000000000001,4.0
-0.5904,3.96,-0.5904,3.96,-0.5904,3.96,-0.059039999999999995,4.0,-0.5904,4.0
-0.5888,3.96,-0.5888,3.96,-0.5888,3.96,-0.05888,3.96,-0.5888,3.96
-0.5871999999999999,4.0,-0.5871999999999999,4.0,-0.5871999999999999,4.0,-0.058719999999999994,4.0,-0.5871999999999999,4.0
-0.5856000000000001,4.0,-0.5856000000000001,4.0,-0.5856000000000001,4.0,-0.05856,4.0,-0.5856000000000001,4.0
-0.5840000000000001,3.96,-0.5840000000000001,3.96,-0.5840000000000001,3.96,-0.058399999999999994,3.96,-0.5840000000000001,4.0
-0.5824,4.0,-0.5824,4.0,-0.5824,4.0,-0.05824,4.0,-0.5824,4.0
-0.5808,3.96,-0.5808,3.96,-0.5808,3.96,-0.05807999999999999,4.0,-0.5808,4.0
-0.5791999999999999,3.96,-0.5791999999999999,3.96,-0.5791999999999999,3.96,-0.05792,4.0,-0.5791999999999999,3.96
-0.5776000000000001,3.96,-0.5776000000000001,3.96,-0.5776000000000001,3.96,-0.05775999999999999,4.0,-0.5776000000000001,4.0
-0.5760000000000001,3.96,-0.5760000000000001,3.96,-0.5760000000000001,3.96,-0.0576,3.96,-0.5760000000000001,3.96
-0.5744,3.96,-0.5744,3.96,-0.5744,3.96,-0.05743999999999999,3.96,-0.5744,3.96
-0.5728,3.96,-0.5728,3.96,-0.5728,3.96,-0.05728,3.96,-0.5728,3.96
-0.5711999999999999,4.0,-0.5711999999999999,4.0,-0.5711999999999999,4.0,-0.05711999999999999,4.0,-0.5711999999999999,3.96
-0.5696000000000001,3.96,-0.5696000000000001,3.96,-0.5696000000000001,3.96,-0.05696,4.0,-0.5696000000000001,3.96
-0.5680000000000001,3.96,-0.5680000000000001,3.96,-0.5680000000000001,3.96,-0.05679999999999999,3.96,-0.5680000000000001,4.0
-0.5664,3.96,-0.5664,3.96,-0.5664,3.96,-0.056639999999999996,4.0,-0.5664,4.0
-0.5648,4.0,-0.5648,4.0,-0.5648,4.0,-0.05647999999999999,3.96,-0.5648,3.96
-0.5632000000000001,4.0,-0.5632000000000001,4.0,-0.5632000000000001,4.0,-0.056319999999999995,4.0,-0.5632000000000001,4.0
-0.5616000000000001,3.96,-0.5616000000000001,3.96,-0.5616000000000001,3.96,-0.05616,4.0,-0.5616000000000001,4.0
-0.56,3.96,-0.56,3.96,-0.56,3.96,-0.055999999999999994,3.96,-0.56,3.96
-0.5584,3.96,-0.5584,3.96,-0.5584,3.96,-0.05584,3.96,-0.5584,3.96
-0.5568,3.96,-0.5568,3.96,-0.5568,3.96,-0.05567999999999999,3.96,-0.5568,4.0
-0.5552000000000001,4.0,-0.5552000000000001,4.0,-0.5552000000000001,4.0,-0.05552,3.96,-0.5552000000000001,4.0
-0.5536000000000001,3.96,-0.5536000000000001,3.96,-0.5536000000000001,3.96,-0.05535999999999999,3.96,-0.5536000000000001,3.96
-0.552,3.96,-0.552,3.96,-0.552,3.96,-0.0552,3.96,-0.552,4.0
-0.5504,4.0,-0.5504,4.0,-0.5504,4.0,-0.05503999999999999,4.0,-0.5504,3.96
-0.5488,4.0,-0.5488,4.0,-0.5488,4.0,-0.05488,4.0,-0.5488,3.96
-0.5472000000000001,3.96,-0.5472000000000001,3.96,-0.5472000000000001,3.96,-0.05471999999999999,3.96,-0.5472000000000001,3.96
-0.5456000000000001,3.96,-0.5456000000000001,3.96,-0.5456000000000001,3.96,-0.05456,4.04,-0.5456000000000001,3.96
-0.544,4.0,-0.544,4.0,-0.544,4.0,-0.05439999999999999,4.0,-0.544,4.0
-0.5424,3.96,-0.5424,3.96,-0.5424,3.96,-0.05424,3.96,-0.5424,3.96
-0.5408,3.96,-0.5408,3.96,-0.5408,3.96,-0.05407999999999999,4.0,-0.5408,3.96
-0.5392000000000001,3.96,-0.5392000000000001,3.96,-0.5392000000000001,3.96,-0.053919999999999996,4.0,-0.5392000000000001,4.0
-0.5376000000000001,4.0,-0.5376000000000001,4.0,-0.5376000000000001,4.0,-0.05375999999999999,4.0,-0.5376000000000001,3.96
-0.536,3.96,-0.536,3.96,-0.536,3.96,-0.053599999999999995,3.96,-0.536,3.96
-0.5344,3.96,-0.5344,3.96,-0.5344,3.96,-0.05344,3.96,-0.5344,3.96
-0.5327999999999999,3.96,-0.5327999999999999,3.96,-0.5327999999999999,3.96,-0.053279999999999994,4.0,-0.5327999999999999,4.0
-0.5312000000000001,3.96,-0.5312000000000001,3.96,-0.5312000000000001,3.96,-0.05312,4.0,-0.5312000000000001,4.0
-0.5296000000000001,3.96,-0.5296000000000001,3.96,-0.5296000000000001,3.96,-0.05295999999999999,4.0,-0.5296000000000001,4.0
-0.528,3.92,-0.528,3.92,-0.528,3.92,-0.0528,3.96,-0.528,4.0
-0.5264,3.96,-0.5264,3.96,-0.5264,3.96,-0.05263999999999999,4.0,-0.5264,3.96
-0.5247999999999999,3.96,-0.5247999999999999,3.96,-0.5247999999999999,3.96,-0.05248,3.96,-0.5247999999999999,3.96
-0.5232000000000001,3.96,-0.5232000000000001,3.96,-0.5232000000000001,3.96,-0.05231999999999999,3.96,-0.5232000000000001,4.0
-0.5216000000000001,3.96,-0.5216000000000001,3.96,-0.5216000000000001,3.96,-0.05216,3.96,-0.5216000000000001,4.0
-0.52,3.96,-0.52,3.96,-0.52,3.96,-0.05199999999999999,4.0,-0.52,4.0
-0.5184,3.96,-0.5184,3.96,-0.5184,3.96,-0.05184,3.96,-0.5184,3.96
-0.5167999999999999,4.0,-0.5167999999999999,4.0,-0.5167999999999999,4.0,-0.05167999999999999,3.96,-0.5167999999999999,3.96
-0.5152000000000001,3.96,-0.5152000000000001,3.96,-0.5152000000000001,3.96,-0.051519999999999996,3.96,-0.5152000000000001,4.0
-0.5136000000000001,3.96,-0.5136000000000001,3.96,-0.5136000000000001,3.96,-0.05135999999999999,3.96,-0.5136000000000001,3.96
-0.512,3.96,-0.512,3.96,-0.512,3.96,-0.051199999999999996,3.96,-0.512,3.96
-0.5104,3.96,-0.5104,3.96,-0.5104,3.96,-0.05103999999999999,3.96,-0.5104,3.96
-0.5088000000000001,3.96,-0.5088000000000001,3.96,-0.5088000000000001,3.96,-0.050879999999999995,4.0,-0.5088000000000001,4.0
-0.5072000000000001,4.0,-0.5072000000000001,4.0,-0.5072000000000001,4.0,-0.05072,3.96,-0.5072000000000001,4.0
-0.5056,3.96,-0.5056,3.96,-0.5056,3.96,-0.050559999999999994,0.0,-0.5056,0.04
-0.504,0.04,-0.504,0.04,-0.504,0.04,-0.0504,0.04,-0.504,0.04
-0.5024,0.0,-0.5024,0.0,-0.5024,0.0,-0.05023999999999999,0.04,-0.5024,0.0
-0.5008000000000001,0.04,-0.5008000000000001,0.04,-0.5008000000000001,0.04,-0.05008,0.04,-0.5008000000000001,0.0
-0.4992000000000001,0.0,-0.4992000000000001,0.0,-0.4992000000000001,0.0,-0.04991999999999999,0.04,-0.4992000000000001,0.04
-0.49760000000000004,0.04,-0.49760000000000004,0.04,-0.49760000000000004,0.04,-0.04976,0.0,-0.49760000000000004,0.0
-0.496,0.0,-0.496,0.0,-0.496,0.0,-0.04959999999999999,0.04,-0.496,0.0
-0.49439999999999995,0.0,-0.49439999999999995,0.0,-0.49439999999999995,0.0,-0.04944,0.04,-0.49439999999999995,0.0
-0.4928000000000001,0.04,-0.4928000000000001,0.04,-0.4928000000000001,0.04,-0.04927999999999999,0.04,-0.4928000000000001,0.0
-0.4912000000000001,0.0,-0.4912000000000001,0.0,-0.4912000000000001,0.0,-0.04912,0.04,-0.4912000000000001,0.0
-0.48960000000000004,0.0,-0.48960000000000004,0.0,-0.48960000000000004,0.0,-0.04895999999999999,0.08,-0.48960000000000004,0.0
-0.488,0.0,-0.488,0.0,-0.488,0.0,-0.048799999999999996,0.0,-0.488,0.04
-0.48639999999999994,0.04,-0.48639999999999994,0.04,-0.48639999999999994,0.04,-0.04863999999999999,0.04,-0.48639999999999994,0.0
-0.4848000000000001,0.0,-0.4848000000000001,0.0,-0.4848000000000001,0.0,-0.048479999999999995,0.04,-0.4848000000000001,0.0
-0.4832000000000001,0.0,-0.4832000000000001,0.0,-0.4832000000000001,0.0,-0.04831999999999999,0.0,-0.4832000000000001,0.0
-0.48160000000000003,0.0,-0.48160000000000003,0.0,-0.48160000000000003,0.0,-0.048159999999999994,0.04,-0.48160000000000003,0.0
-0.48,0.0,-0.48,0.0,-0.48,0.0,-0.048,0.0,-0.48,0.0
-0.47839999999999994,0.0,-0.47839999999999994,0.0,-0.47839999999999994,0.0,-0.047839999999999994,0.04,-0.47839999999999994,0.0
-0.4768000000000001,0.0,-0.4768000000000001,0.0,-0.4768000000000001,0.0,-0.04768,0.04,-0.4768000000000001,0.0
-0.47520000000000007,0.0,-0.47520000000000007,0.0,-0.47520000000000007,0.0,-0.04751999999999999,0.04,-0.47520000000000007,0.04
-0.4736,0.0,-0.4736,0.0,-0.4736,0.0,-0.04736,0.0,-0.4736,0.0
-0.472,0.0,-0.472,0.0,-0.472,0.0,-0.04719999999999999,0.0,-0.472,0.04
-0.47039999999999993,0.0,-0.47039999999999993,0.0,-0.47039999999999993,0.0,-0.04704,0.04,-0.47039999999999993,0.0
-0.4688000000000001,0.04,-0.4688000000000001,0.04,-0.4688000000000001,0.04,-0.04687999999999999,0.0,-0.4688000000000001,0.04
-0.46720000000000006,0.0,-0.46720000000000006,0.0,-0.46720000000000006,0.0,-0.04672,0.0,-0.46720000000000006,0.04
-0.4656,0.0,-0.4656,0.0,-0.4656,0.0,-0.04655999999999999,0.04,-0.4656,0.0
-0.46399999999999997,0.04,-0.46399999999999997,0.04,-0.46399999999999997,0.04,-0.0464,0.0,-0.46399999999999997,0.0
-0.46240000000000014,0.0,-0.46240000000000014,0.0,-0.46240000000000014,0.0,-0.04623999999999999,0.04,-0.46240000000000014,0.0
-0.4608000000000001,0.04,-0.4608000000000001,0.04,-0.4608000000000001,0.04,-0.046079999999999996,0.0,-0.4608000000000001,0.04
-0.45920000000000005,0.0,-0.45920000000000005,0.0,-0.45920000000000005,0.0,-0.04591999999999999,0.0,-0.45920000000000005,0.0
-0.4576,0.0,-0.4576,0.0,-0.4576,0.0,-0.045759999999999995,0.0,-0.4576,0.0
-0.45599999999999996,0.0,-0.45599999999999996,0.0,-0.45599999999999996,0.0,-0.04559999999999999,0.0,-0.45599999999999996,0.04
-0.45440000000000014,0.0,-0.45440000000000014,0.0,-0.45440000000000014,0.0,-0.045439999999999994,0.0,-0.45440000000000014,0.0
-0.4528000000000001,0.0,-0.4528000000000001,0.0,-0.4528000000000001,0.0,-0.04528,0.04,-0.4528000000000001,0.0
-0.45120000000000005,0.0,-0.45120000000000005,0.0,-0.45120000000000005,0.0,-0.04511999999999999,0.0,-0.45120000000000005,0.0
-0.4496,0.0,-0.4496,0.0,-0.4496,0.0,-0.04496,0.0,-0.4496,0.0
-0.44799999999999995,0.0,-0.44799999999999995,0.0,-0.44799999999999995,0.0,-0.04479999999999999,0.0,-0.44799999999999995,0.04
-0.44640000000000013,0.0,-0.44640000000000013,0.0,-0.44640000000000013,0.0,-0.04464,0.04,-0.44640000000000013,0.0
-0.4448000000000001,0.0,-0.4448000000000001,0.0,-0.4448000000000001,0.0,-0.04447999999999999,0.0,-0.4448000000000001,0.04
-0.44320000000000004,0.0,-0.44320000000000004,0.0,-0.44320000000000004,0.0,-0.04432,0.0,-0.44320000000000004,0.0
-0.4416,0.0,-0.4416,0.0,-0.4416,0.0,-0.04415999999999999,0.0,-0.4416,0.0
-0.43999999999999995,0.0,-0.43999999999999995,0.0,-0.43999999999999995,0.0,-0.044,0.0,-0.43999999999999995,0.0
-0.4384000000000001,0.04,-0.4384000000000001,0.04,-0.4384000000000001,0.04,-0.04383999999999999,0.04,-0.4384000000000001,0.0
-0.4368000000000001,0.0,-0.4368000000000001,0.0,-0.4368000000000001,0.0,-0.04368,0.04,-0.4368000000000001,0.04
-0.43520000000000003,0.0,-0.43520000000000003,0.0,-0.43520000000000003,0.0,-0.04351999999999999,0.04,-0.43520000000000003,0.0
-0.4336,0.0,-0.4336,0.0,-0.4336,0.0,-0.043359999999999996,0.0,-0.4336,0.04
-0.43199999999999994,0.0,-0.43199999999999994,0.0,-0.43199999999999994,0.0,-0.04319999999999999,0.0,-0.43199999999999994,0.0
-0.4304000000000001,0.0,-0.4304000000000001,0.0,-0.4304000000000001,0.0,-0.043039999999999995,0.0,-0.4304000000000001,0.04
-0.42880000000000007,0.04,-0.42880000000000007,0.04,-0.42880000000000007,0.04,-0.04287999999999999,0.0,-0.42880000000000007,0.0
-0.4272,0.04,-0.4272,0.04,-0.4272,0.04,-0.042719999999999994,0.04,-0.4272,0.0
-0.4256,0.0,-0.4256,0.0,-0.4256,0.0,-0.04256,0.0,-0.4256,0.0
-0.42399999999999993,0.0,-0.42399999999999993,0.0,-0.42399999999999993,0.0,-0.04239999999999999,0.0,-0.42399999999999993,0.0
-0.4224000000000001,0.0,-0.4224000000000001,0.0,-0.4224000000000001,0.0,-0.04224,0.0,-0.4224000000000001,0.0
-0.42080000000000006,0.0,-0.42080000000000006,0.0,-0.42080000000000006,0.0,-0.04207999999999999,0.0,-0.42080000000000006,0.0
-0.4192,0.0,-0.4192,0.0,-0.4192,0.0,-0.04192,0.04,-0.4192,0.0
-0.41759999999999997,0.0,-0.41759999999999997,0.0,-0.41759999999999997,0.0,-0.04175999999999999,0.0,-0.41759999999999997,0.0
-0.4159999999999999,0.0,-0.4159999999999999,0.0,-0.4159999999999999,0.0,-0.0416,0.0,-0.4159999999999999,0.0
-0.4144000000000001,0.04,-0.4144000000000001,0.04,-0.4144000000000001,0.04,-0.04143999999999999,0.0,-0.4144000000000001,0.0
-0.41280000000000006,0.0,-0.41280000000000006,0.0,-0.41280000000000006,0.0,-0.04128,0.0,-0.41280000000000006,0.0
-0.4112,0.0,-0.4112,0.0,-0.4112,0.0,-0.04111999999999999,0.0,-0.4112,0.0
-0.40959999999999996,0.04,-0.40959999999999996,0.04,-0.40959999999999996,0.04,-0.040959999999999996,0.0,-0.40959999999999996,0.04
-0.40800000000000014,0.04,-0.40800000000000014,0.04,-0.40800000000000014,0.04,-0.04079999999999999,0.0,-0.40800000000000014,0.04
-0.4064000000000001,0.0,-0.4064000000000001,0.0,-0.4064000000000001,0.0,-0.040639999999999996,0.0,-0.4064000000000001,0.0
-0.40480000000000005,0.0,-0.40480000000000005,0.0,-0.40480000000000005,0.0,-0.04047999999999999,0.0,-0.40480000000000005,0.0
-0.4032,0.0,-0.4032,0.0,-0.4032,0.0,-0.040319999999999995,0.0,-0.4032,0.04
-0.40159999999999996,0.04,-0.40159999999999996,0.04,-0.40159999999999996,0.04,-0.04015999999999999,0.0,-0.40159999999999996,0.0
-0.40000000000000013,0.0,-0.40000000000000013,0.0,-0.40000000000000013,0.0,-0.039999999999999994,0.0,-0.40000000000000013,0.0
-0.3984000000000001,0.0,-0.3984000000000001,0.0,-0.3984000000000001,0.0,-0.03984,0.04,-0.3984000000000001,0.04
-0.39680000000000004,0.0,-0.39680000000000004,0.0,-0.39680000000000004,0.0,-0.03967999999999999,0.0,-0.39680000000000004,0.0
-0.3952,0.0,-0.3952,0.0,-0.3952,0.0,-0.03952,0.04,-0.3952,0.0
-0.39359999999999995,0.0,-0.39359999999999995,0.0,-0.39359999999999995,0.0,-0.03935999999999999,0.04,-0.39359999999999995,0.0
-0.3920000000000001,0.0,-0.3920000000000001,0.0,-0.3920000000000001,0.0,-0.0392,0.04,-0.3920000000000001,0.0
-0.3904000000000001,0.0,-0.3904000000000001,0.0,-0.3904000000000001,0.0,-0.03903999999999999,0.04,-0.3904000000000001,0.0
-0.38880000000000003,0.0,-0.38880000000000003,0.0,-0.38880000000000003,0.0,-0.03888,0.04,-0.38880000000000003,0.04
-0.3872,0.0,-0.3872,0.0,-0.3872,0.0,-0.03871999999999999,0.0,-0.3872,0.04
-0.38559999999999994,0.0,-0.38559999999999994,0.0,-0.38559999999999994,0.0,-0.03856,0.0,-0.38559999999999994,0.0
-0.3840000000000001,0.0,-0.3840000000000001,0.0,-0.3840000000000001,0.0,-0.03839999999999999,0.0,-0.3840000000000001,0.0
-0.3824000000000001,0.0,-0.3824000000000001,0.0,-0.3824000000000001,0.0,-0.038239999999999996,0.0,-0.3824000000000001,0.0
-0.3808,0.0,-0.3808,0.0,-0.3808,0.0,-0.03807999999999999,0.04,-0.3808,0.0
-0.3792,0.0,-0.3792,0.0,-0.3792,0.0,-0.037919999999999995,0.0,-0.3792,0.04
-0.37759999999999994,0.0,-0.37759999999999994,0.0,-0.37759999999999994,0.0,-0.03775999999999999,0.0,-0.37759999999999994,0.0
-0.3760000000000001,0.0,-0.3760000000000001,0.0,-0.3760000000000001,0.0,-0.037599999999999995,0.04,-0.3760000000000001,0.04
-0.37440000000000007,0.0,-0.37440000000000007,0.0,-0.37440000000000007,0.0,-0.03743999999999999,0.0,-0.37440000000000007,0.04
-0.3728,0.0,-0.3728,0.0,-0.3728,0.0,-0.037279999999999994,0.0,-0.3728,0.0
-0.3712,0.0,-0.3712,0.0,-0.3712,0.0,-0.037119999999999986,0.0,-0.3712,0.0
-0.36959999999999993,0.0,-0.36959999999999993,0.0,-0.36959999999999993,0.0,-0.03695999999999999,0.0,-0.36959999999999993,0.0
-0.3680000000000001,0.0,-0.3680000000000001,0.0,-0.3680000000000001,0.0,-0.0368,0.04,-0.3680000000000001,0.0
-0.36640000000000006,0.0,-0.36640000000000006,0.0,-0.36640000000000006,0.0,-0.03663999999999999,0.0,-0.36640000000000006,0.0
-0.3648,0.0,-0.3648,0.0,-0.3648,0.0,-0.03648,0.04,-0.3648,0.0
-0.36319999999999997,0.0,-0.36319999999999997,0.0,-0.36319999999999997,0.0,-0.03631999999999999,0.0,-0.36319999999999997,0.0
-0.3615999999999999,0.0,-0.3615999999999999,0.0,-0.3615999999999999,0.0,-0.03616,0.0,-0.3615999999999999,0.0
-0.3600000000000001,0.0,-0.3600000000000001,0.0,-0.3600000000000001,0.0,-0.03599999999999999,0.0,-0.3600000000000001,0.04
-0.35840000000000005,0.0,-0.35840000000000005,0.0,-0.35840000000000005,0.0,-0.03584,0.0,-0.35840000000000005,0.0
-0.3568,0.04,-0.3568,0.04,-0.3568,0.04,-0.03567999999999999,0.0,-0.3568,0.0
-0.35519999999999996,0.0,-0.35519999999999996,0.0,-0.35519999999999996,0.0,-0.035519999999999996,0.0,-0.35519999999999996,0.0
-0.35360000000000014,0.04,-0.35360000000000014,0.04,-0.35360000000000014,0.04,-0.03535999999999999,0.0,-0.35360000000000014,0.0
-0.3520000000000001,0.0,-0.3520000000000001,0.0,-0.3520000000000001,0.0,-0.035199999999999995,0.0,-0.3520000000000001,0.0
-0.35040000000000004,0.0,-0.35040000000000004,0.0,-0.35040000000000004,0.0,-0.03503999999999999,0.0,-0.35040000000000004,0.0
-0.3488,0.0,-0.3488,0.0,-0.3488,0.0,-0.034879999999999994,0.0,-0.3488,0.0
-0.34719999999999995,0.0,-0.34719999999999995,0.0,-0.34719999999999995,0.0,-0.03472,0.0,-0.34719999999999995,0.04
-0.34560000000000013,0.0,-0.34560000000000013,0.0,-0.34560000000000013,0.0,-0.03455999999999998,0.0,-0.34560000000000013,0.0
-0.3440000000000001,0.0,-0.3440000000000001,0.0,-0.3440000000000001,0.0,-0.034399999999999986,0.0,-0.3440000000000001,0.04
-0.34240000000000004,0.0,-0.34240000000000004,0.0,-0.34240000000000004,0.0,-0.03423999999999999,0.04,-0.34240000000000004,0.0
-0.3408,0.04,-0.3408,0.04,-0.3408,0.04,-0.03408,0.04,-0.3408,0.0
-0.33919999999999995,0.0,-0.33919999999999995,0.0,-0.33919999999999995,0.0,-0.033920000000000006,0.0,-0.33919999999999995,0.0
-0.3376000000000001,0.0,-0.3376000000000001,0.0,-0.3376000000000001,0.0,-0.033759999999999984,0.0,-0.3376000000000001,0.0
-0.3360000000000001,0.0,-0.3360000000000001,0.0,-0.3360000000000001,0.0,-0.03359999999999999,0.0,-0.3360000000000001,0.0
-0.33440000000000003,0.0,-0.33440000000000003,0.0,-0.33440000000000003,0.0,-0.03344,0.0,-0.33440000000000003,0.0
-0.3328,0.0,-0.3328,0.0,-0.3328,0.0,-0.033280000000000004,0.0,-0.3328,0.0
-0.33119999999999994,0.0,-0.33119999999999994,0.0,-0.33119999999999994,0.0,-0.03311999999999998,0.0,-0.33119999999999994,0.0
-0.3296000000000001,0.04,-0.3296000000000001,0.04,-0.3296000000000001,0.04,-0.03295999999999999,0.0,-0.3296000000000001,0.0
-0.32800000000000007,0.0,-0.32800000000000007,0.0,-0.32800000000000007,0.0,-0.032799999999999996,0.0,-0.32800000000000007,0.0
-0.3264,0.0,-0.3264,0.0,-0.3264,0.0,-0.03264,0.04,-0.3264,0.04
-0.3248,0.04,-0.3248,0.04,-0.3248,0.04,-0.03247999999999998,0.0,-0.3248,0.0
-0.32319999999999993,0.0,-0.32319999999999993,0.0,-0.32319999999999993,0.0,-0.03231999999999999,0.04,-0.32319999999999993,0.04
-0.3216000000000001,0.0,-0.3216000000000001,0.0,-0.3216000000000001,0.0,-0.032159999999999994,0.0,-0.3216000000000001,0.0
-0.32000000000000006,0.0,-0.32000000000000006,0.0,-0.32000000000000006,0.0,-0.032,0.04,-0.32000000000000006,0.0
-0.3184,0.0,-0.3184,0.0,-0.3184,0.0,-0.03183999999999998,0.0,-0.3184,0.0
-0.31679999999999997,0.0,-0.31679999999999997,0.0,-0.31679999999999997,0.0,-0.031679999999999986,0.0,-0.31679999999999997,0.04
-0.3151999999999999,0.0,-0.3151999999999999,0.0,-0.3151999999999999,0.0,-0.03151999999999999,0.0,-0.3151999999999999,0.0
-0.3136000000000001,0.04,-0.3136000000000001,0.04,-0.3136000000000001,0.04,-0.03136,0.0,-0.3136000000000001,0.0
-0.31200000000000006,0.0,-0.31200000000000006,0.0,-0.31200000000000006,0.0,-0.031200000000000006,0.0,-0.31200000000000006,0.0
-0.3104,0.04,-0.3104,0.04,-0.3104,0.04,-0.031039999999999984,0.0,-0.3104,0.0
-0.30879999999999996,0.0,-0.30879999999999996,0.0,-0.30879999999999996,0.0,-0.03087999999999999,0.0,-0.30879999999999996,0.0
-0.3071999999999999,0.0,-0.3071999999999999,0.0,-0.3071999999999999,0.0,-0.030719999999999997,0.0,-0.3071999999999999,0.0
-0.3056000000000001,0.0,-0.3056000000000001,0.0,-0.3056000000000001,0.0,-0.030560000000000004,0.0,-0.3056000000000001,0.04
-0.30400000000000005,0.0,-0.30400000000000005,0.0,-0.30400000000000005,0.0,-0.030399999999999983,0.0,-0.30400000000000005,0.0
-0.3024,0.0,-0.3024,0.0,-0.3024,0.0,-0.03023999999999999,0.0,-0.3024,0.0
-0.30079999999999996,0.0,-0.30079999999999996,0.0,-0.30079999999999996,0.0,-0.030079999999999996,0.04,-0.30079999999999996,0.0
-0.29920000000000013,0.0,-0.29920000000000013,0.0,-0.29920000000000013,0.0,-0.029920000000000002,0.0,-0.29920000000000013,0.0
-0.2976000000000001,0.0,-0.2976000000000001,0.0,-0.2976000000000001,0.0,-0.02975999999999998,0.0,-0.2976000000000001,0.0
-0.29600000000000004,0.0,-0.29600000000000004,0.0,-0.29600000000000004,0.0,-0.029599999999999987,0.0,-0.29600000000000004,0.0
-0.2944,0.04,-0.2944,0.04,-0.2944,0.04,-0.029439999999999994,0.0,-0.2944,0.0
-0.29279999999999995,0.0,-0.29279999999999995,0.0,-0.29279999999999995,0.0,-0.02928,0.0,-0.29279999999999995,0.04
-0.2912000000000001,0.0,-0.2912000000000001,0.0,-0.2912000000000001,0.0,-0.02911999999999998,0.0,-0.2912000000000001,0.0
-0.2896000000000001,0.04,-0.2896000000000001,0.04,-0.2896000000000001,0.04,-0.028959999999999986,0.0,-0.2896000000000001,0.0
-0.28800000000000003,0.04,-0.28800000000000003,0.04,-0.28800000000000003,0.04,-0.028799999999999992,0.0,-0.28800000000000003,0.0
-0.2864,0.0,-0.2864,0.0,-0.2864,0.0,-0.02864,0.0,-0.2864,0.0
-0.28479999999999994,0.04,-0.28479999999999994,0.04,-0.28479999999999994,0.04,-0.028480000000000005,0.04,-0.28479999999999994,0.0
-0.2832000000000001,0.04,-0.2832000000000001,0.04,-0.2832000000000001,0.04,-0.028319999999999984,0.0,-0.2832000000000001,0.0
-0.2816000000000001,0.0,-0.2816000000000001,0.0,-0.2816000000000001,0.0,-0.02815999999999999,0.04,-0.2816000000000001,0.0
-0.28,0.0,-0.28,0.0,-0.28,0.0,-0.027999999999999997,0.0,-0.28,0.0
-0.2784,0.0,-0.2784,0.0,-0.2784,0.0,-0.027840000000000004,0.0,-0.2784,0.0
-0.27679999999999993,0.0,-0.27679999999999993,0.0,-0.27679999999999993,0.0,-0.027679999999999982,0.0,-0.27679999999999993,0.0
-0.2752000000000001,0.0,-0.2752000000000001,0.0,-0.2752000000000001,0.0,-0.02751999999999999,0.0,-0.2752000000000001,0.04
-0.27360000000000007,0.0,-0.27360000000000007,0.0,-0.27360000000000007,0.0,-0.027359999999999995,0.0,-0.27360000000000007,0.0
-0.272,0.0,-0.272,0.0,-0.272,0.0,-0.027200000000000002,0.0,-0.272,0.0
-0.2704,0.0,-0.2704,0.0,-0.2704,0.0,-0.02703999999999998,0.0,-0.2704,0.0
-0.26879999999999993,0.0,-0.26879999999999993,0.0,-0.26879999999999993,0.0,-0.026879999999999987,0.0,-0.26879999999999993,0.04
-0.2672000000000001,0.0,-0.2672000000000001,0.0,-0.2672000000000001,0.0,-0.026719999999999994,0.0,-0.2672000000000001,0.0
-0.26560000000000006,0.0,-0.26560000000000006,0.0,-0.26560000000000006,0.0,-0.02656,0.0,-0.26560000000000006,0.0
-0.264,0.0,-0.264,0.0,-0.264,0.0,-0.02639999999999998,0.0,-0.264,0.0
-0.26239999999999997,0.0,-0.26239999999999997,0.0,-0.26239999999999997,0.0,-0.026239999999999986,0.0,-0.26239999999999997,0.0
-0.2607999999999999,0.0,-0.2607999999999999,0.0,-0.2607999999999999,0.0,-0.026079999999999992,0.0,-0.2607999999999999,0.0
-0.2592000000000001,0.0,-0.2592000000000001,0.0,-0.2592000000000001,0.0,-0.02592,0.0,-0.2592000000000001,0.0
-0.25760000000000005,0.04,-0.25760000000000005,0.04,-0.25760000000000005,0.04,-0.025760000000000005,0.0,-0.25760000000000005,0.0
-0.256,0.0,-0.256,0.0,-0.256,0.0,-0.025599999999999984,0.0,-0.256,0.0
-0.25439999999999996,0.0,-0.25439999999999996,0.0,-0.25439999999999996,0.0,-0.02543999999999999,0.04,-0.25439999999999996,0.0
-0.2527999999999999,0.0,-0.2527999999999999,0.0,-0.2527999999999999,0.0,-0.025279999999999997,0.0,-0.2527999999999999,0.0
-0.2512000000000001,0.0,-0.2512000000000001,0.0,-0.2512000000000001,0.0,-0.025120000000000003,0.04,-0.2512000000000001,0.04
-0.24960000000000004,0.0,-0.24960000000000004,0.0,-0.24960000000000004,0.0,-0.024959999999999982,0.0,-0.24960000000000004,0.0
-0.248,0.0,-0.248,0.0,-0.248,0.0,-0.02479999999999999,0.04,-0.248,0.0
-0.24639999999999995,0.04,-0.24639999999999995,0.04,-0.24639999999999995,0.04,-0.024639999999999995,0.0,-0.24639999999999995,0.0
-0.24480000000000013,0.0,-0.24480000000000013,0.0,-0.24480000000000013,0.0,-0.024480000000000002,0.0,-0.24480000000000013,0.0
-0.24320000000000008,0.0,-0.24320000000000008,0.0,-0.24320000000000008,0.0,-0.02431999999999998,0.0,-0.24320000000000008,0.04
-0.24160000000000004,0.0,-0.24160000000000004,0.0,-0.24160000000000004,0.0,-0.024159999999999987,0.0,-0.24160000000000004,0.0
-0.24,0.0,-0.24,0.0,-0.24,0.0,-0.023999999999999994,0.0,-0.24,0.0
-0.23839999999999995,0.0,-0.23839999999999995,0.0,-0.23839999999999995,0.0,-0.02384,0.0,-0.23839999999999995,0.0
-0.23680000000000012,0.0,-0.23680000000000012,0.0,-0.23680000000000012,0.0,-0.02367999999999998,0.0,-0.23680000000000012,0.0
-0.23520000000000008,0.0,-0.23520000000000008,0.0,-0.23520000000000008,0.0,-0.023519999999999985,0.0,-0.23520000000000008,0.0
-0.23360000000000003,0.0,-0.23360000000000003,0.0,-0.23360000000000003,0.0,-0.023359999999999992,0.0,-0.23360000000000003,0.0
-0.23199999999999998,0.0,-0.23199999999999998,0.0,-0.23199999999999998,0.0,-0.0232,0.0,-0.23199999999999998,0.0
-0.23039999999999994,0.0,-0.23039999999999994,0.0,-0.23039999999999994,0.0,-0.023040000000000005,0.04,-0.23039999999999994,0.0
-0.22880000000000011,0.0,-0.22880000000000011,0.0,-0.22880000000000011,0.0,-0.022879999999999984,0.04,-0.22880000000000011,0.04
-0.22720000000000007,0.0,-0.22720000000000007,0.0,-0.22720000000000007,0.0,-0.02271999999999999,0.0,-0.22720000000000007,0.04
-0.22560000000000002,0.04,-0.22560000000000002,0.04,-0.22560000000000002,0.04,-0.022559999999999997,0.0,-0.22560000000000002,0.0
-0.22399999999999998,0.04,-0.22399999999999998,0.04,-0.22399999999999998,0.04,-0.022400000000000003,0.0,-0.22399999999999998,0.0
-0.22239999999999993,0.0,-0.22239999999999993,0.0,-0.22239999999999993,0.0,-0.022239999999999982,0.04,-0.22239999999999993,0.04
-0.2208000000000001,0.0,-0.2208000000000001,0.0,-0.2208000000000001,0.0,-0.02207999999999999,0.0,-0.2208000000000001,0.0
-0.21920000000000006,0.0,-0.21920000000000006,0.0,-0.21920000000000006,0.0,-0.021919999999999995,0.0,-0.21920000000000006,0.0
-0.21760000000000002,0.0,-0.21760000000000002,0.0,-0.21760000000000002,0.0,-0.02176,0.0,-0.21760000000000002,0.0
-0.21599999999999997,0.0,-0.21599999999999997,0.0,-0.21599999999999997,0.0,-0.02159999999999998,0.0,-0.21599999999999997,0.04
-0.21439999999999992,0.0,-0.21439999999999992,0.0,-0.21439999999999992,0.0,-0.021439999999999987,0.0,-0.21439999999999992,0.0
-0.2128000000000001,0.0,-0.2128000000000001,0.0,-0.2128000000000001,0.0,-0.021279999999999993,0.04,-0.2128000000000001,0.0
-0.21120000000000005,0.0,-0.21120000000000005,0.0,-0.21120000000000005,0.0,-0.02112,0.04,-0.21120000000000005,0.04
-0.2096,0.04,-0.2096,0.04,-0.2096,0.04,-0.02095999999999998,0.0,-0.2096,0.0
-0.20799999999999996,0.0,-0.20799999999999996,0.0,-0.20799999999999996,0.0,-0.020799999999999985,0.0,-0.20799999999999996,0.0
-0.20639999999999992,0.04,-0.20639999999999992,0.04,-0.20639999999999992,0.04,-0.02063999999999999,0.0,-0.20639999999999992,0.0
-0.2048000000000001,0.04,-0.2048000000000001,0.04,-0.2048000000000001,0.04,-0.020479999999999998,0.0,-0.2048000000000001,0.04
-0.20320000000000005,0.04,-0.20320000000000005,0.04,-0.20320000000000005,0.04,-0.020320000000000005,0.04,-0.20320000000000005,0.0
-0.2016,0.0,-0.2016,0.0,-0.2016,0.0,-0.020159999999999983,0.0,-0.2016,0.04
-0.19999999999999996,0.0,-0.19999999999999996,0.0,-0.19999999999999996,0.0,-0.01999999999999999,0.0,-0.19999999999999996,0.0
-0.19840000000000013,0.0,-0.19840000000000013,0.0,-0.19840000000000013,0.0,-0.019839999999999997,0.0,-0.19840000000000013,0.0
-0.19680000000000009,0.0,-0.19680000000000009,0.0,-0.19680000000000009,0.0,-0.019680000000000003,0.0,-0.19680000000000009,0.0
-0.19520000000000004,0.0,-0.19520000000000004,0.0,-0.19520000000000004,0.0,-0.019519999999999982,0.0,-0.19520000000000004,0.0
-0.1936,0.0,-0.1936,0.0,-0.1936,0.0,-0.01935999999999999,0.04,-0.1936,0.0
-0.19199999999999995,0.0,-0.19199999999999995,0.0,-0.19199999999999995,0.0,-0.019199999999999995,0.04,-0.19199999999999995,0.0
-0.19040000000000012,0.04,-0.19040000000000012,0.04,-0.19040000000000012,0.04,-0.01904,0.0,-0.19040000000000012,0.0
-0.18880000000000008,0.0,-0.18880000000000008,0.0,-0.18880000000000008,0.0,-0.01887999999999998,0.0,-0.18880000000000008,0.0
-0.18720000000000003,0.0,-0.18720000000000003,0.0,-0.18720000000000003,0.0,-0.018719999999999987,0.0,-0.18720000000000003,0.0
-0.1856,0.0,-0.1856,0.0,-0.1856,0.0,-0.018559999999999993,0.0,-0.1856,0.0
-0.18399999999999994,0.0,-0.18399999999999994,0.0,-0.18399999999999994,0.0,-0.0184,0.0,-0.18399999999999994,0.0
-0.18240000000000012,0.0,-0.18240000000000012,0.0,-0.18240000000000012,0.0,-0.01823999999999998,0.0,-0.18240000000000012,0.0
-0.18080000000000007,0.04,-0.18080000000000007,0.04,-0.18080000000000007,0.04,-0.018079999999999985,0.0,-0.18080000000000007,0.0
-0.17920000000000003,0.04,-0.17920000000000003,0.04,-0.17920000000000003,0.04,-0.01791999999999999,0.0,-0.17920000000000003,0.0
-0.17759999999999998,0.0,-0.17759999999999998,0.0,-0.17759999999999998,0.0,-0.017759999999999998,0.0,-0.17759999999999998,0.0
-0.17599999999999993,0.0,-0.17599999999999993,0.0,-0.17599999999999993,0.0,-0.017600000000000005,0.0,-0.17599999999999993,0.0
-0.1744000000000001,0.0,-0.1744000000000001,0.0,-0.1744000000000001,0.0,-0.017439999999999983,0.0,-0.1744000000000001,0.04
-0.17280000000000006,0.0,-0.17280000000000006,0.0,-0.17280000000000006,0.0,-0.01727999999999999,0.0,-0.17280000000000006,0.0
-0.17120000000000002,0.0,-0.17120000000000002,0.0,-0.17120000000000002,0.0,-0.017119999999999996,0.0,-0.17120000000000002,0.04
-0.16959999999999997,0.0,-0.16959999999999997,0.0,-0.16959999999999997,0.0,-0.016960000000000003,0.0,-0.16959999999999997,0.0
-0.16799999999999993,0.0,-0.16799999999999993,0.0,-0.16799999999999993,0.0,-0.01679999999999998,0.0,-0.16799999999999993,0.0
-0.1664000000000001,0.04,-0.1664000000000001,0.04,-0.1664000000000001,0.04,-0.016639999999999988,0.0,-0.1664000000000001,0.0
-0.16480000000000006,0.04,-0.16480000000000006,0.04,-0.16480000000000006,0.04,-0.016479999999999995,0.0,-0.16480000000000006,0.0
-0.1632,0.0,-0.1632,0.0,-0.1632,0.0,-0.01632,0.04,-0.1632,0.0
-0.16159999999999997,0.0,-0.16159999999999997,0.0,-0.16159999999999997,0.0,-0.01615999999999998,0.0,-0.16159999999999997,0.0
-0.15999999999999992,0.0,-0.15999999999999992,0.0,-0.15999999999999992,0.0,-0.015999999999999986,0.0,-0.15999999999999992,0.0
-0.1584000000000001,0.04,-0.1584000000000001,0.04,-0.1584000000000001,0.04,-0.015839999999999993,0.0,-0.1584000000000001,0.04
-0.15680000000000005,0.0,-0.15680000000000005,0.0,-0.15680000000000005,0.0,-0.01568,0.0,-0.15680000000000005,0.0
-0.1552,0.0,-0.1552,0.0,-0.1552,0.0,-0.015519999999999978,0.0,-0.1552,0.04
-0.15359999999999996,0.0,-0.15359999999999996,0.0,-0.15359999999999996,0.0,-0.015359999999999985,0.04,-0.15359999999999996,0.0
-0.1519999999999999,0.04,-0.1519999999999999,0.04,-0.1519999999999999,0.04,-0.015199999999999991,0.0,-0.1519999999999999,0.0
-0.1504000000000001,0.0,-0.1504000000000001,0.0,-0.1504000000000001,0.0,-0.015039999999999998,0.0,-0.1504000000000001,0.0
-0.14880000000000004,0.0,-0.14880000000000004,0.0,-0.14880000000000004,0.0,-0.014880000000000004,0.0,-0.14880000000000004,0.04
-0.1472,0.04,-0.1472,0.04,-0.1472,0.04,-0.014719999999999983,0.04,-0.1472,0.0
-0.14559999999999995,0.0,-0.14559999999999995,0.0,-0.14559999999999995,0.0,-0.01455999999999999,0.0,-0.14559999999999995,0.0
-0.14400000000000013,0.04,-0.14400000000000013,0.04,-0.14400000000000013,0.04,-0.014399999999999996,0.0,-0.14400000000000013,0.0
-0.14240000000000008,0.0,-0.14240000000000008,0.0,-0.14240000000000008,0.0,-0.014240000000000003,0.0,-0.14240000000000008,0.0
-0.14080000000000004,0.04,-0.14080000000000004,0.04,-0.14080000000000004,0.04,-0.014079999999999981,0.04,-0.14080000000000004,0.04
-0.1392,0.0,-0.1392,0.0,-0.1392,0.0,-0.013919999999999988,0.0,-0.1392,0.0
-0.13759999999999994,0.04,-0.13759999999999994,0.04,-0.13759999999999994,0.04,-0.013759999999999994,0.0,-0.13759999999999994,0.0
-0.13600000000000012,0.04,-0.13600000000000012,0.04,-0.13600000000000012,0.04,-0.013600000000000001,0.04,-0.13600000000000012,0.04
-0.13440000000000007,0.04,-0.13440000000000007,0.04,-0.13440000000000007,0.04,-0.01343999999999998,0.0,-0.13440000000000007,0.04
-0.13280000000000003,0.0,-0.13280000000000003,0.0,-0.13280000000000003,0.0,-0.013279999999999986,0.0,-0.13280000000000003,0.0
-0.13119999999999998,0.0,-0.13119999999999998,0.0,-0.13119999999999998,0.0,-0.013119999999999993,0.0,-0.13119999999999998,0.0
-0.12959999999999994,0.0,-0.12959999999999994,0.0,-0.12959999999999994,0.0,-0.01296,0.04,-0.12959999999999994,0.04
-0.1280000000000001,0.0,-0.1280000000000001,0.0,-0.1280000000000001,0.0,-0.012799999999999978,0.0,-0.1280000000000001,0.04
-0.12640000000000007,0.0,-0.12640000000000007,0.0,-0.12640000000000007,0.0,-0.012639999999999985,0.0,-0.12640000000000007,0.04
-0.12480000000000002,0.04,-0.12480000000000002,0.04,-0.12480000000000002,0.04,-0.012479999999999991,0.04,-0.12480000000000002,0.04
-0.12319999999999998,0.04,-0.12319999999999998,0.04,-0.12319999999999998,0.04,-0.012319999999999998,0.0,-0.12319999999999998,0.0
-0.12159999999999993,0.0,-0.12159999999999993,0.0,-0.12159999999999993,0.0,-0.012160000000000004,0.0,-0.12159999999999993,0.0
-0.1200000000000001,0.04,-0.1200000000000001,0.04,-0.1200000000000001,0.04,-0.011999999999999983,0.0,-0.1200000000000001,0.0
-0.11840000000000006,0.0,-0.11840000000000006,0.0,-0.11840000000000006,0.0,-0.01183999999999999,0.04,-0.11840000000000006,0.04
-0.11680000000000001,0.0,-0.11680000000000001,0.0,-0.11680000000000001,0.0,-0.011679999999999996,0.04,-0.11680000000000001,0.0
-0.11519999999999997,0.0,-0.11519999999999997,0.0,-0.11519999999999997,0.0,-0.011520000000000002,0.0,-0.11519999999999997,0.0
-0.11359999999999992,0.0,-0.11359999999999992,0.0,-0.11359999999999992,0.0,-0.011359999999999981,0.04,-0.11359999999999992,0.0
-0.1120000000000001,0.0,-0.1120000000000001,0.0,-0.1120000000000001,0.0,-0.011199999999999988,0.0,-0.1120000000000001,0.0
-0.11040000000000005,0.0,-0.11040000000000005,0.0,-0.11040000000000005,0.0,-0.011039999999999994,0.0,-0.11040000000000005,0.0
-0.10880000000000001,0.0,-0.10880000000000001,0.0,-0.10880000000000001,0.0,-0.01088,0.0,-0.10880000000000001,0.0
-0.10719999999999996,0.04,-0.10719999999999996,0.04,-0.10719999999999996,0.04,-0.01071999999999998,0.0,-0.10719999999999996,0.0
-0.10559999999999992,0.0,-0.10559999999999992,0.0,-0.10559999999999992,0.0,-0.010559999999999986,0.0,-0.10559999999999992,0.0
-0.10400000000000009,0.0,-0.10400000000000009,0.0,-0.10400000000000009,0.0,-0.010399999999999993,0.04,-0.10400000000000009,0.0
-0.10240000000000005,0.0,-0.10240000000000005,0.0,-0.10240000000000005,0.0,-0.010239999999999999,0.04,-0.10240000000000005,0.0
-0.1008,0.0,-0.1008,0.0,-0.1008,0.0,-0.010079999999999978,0.0,-0.1008,0.04
-0.09919999999999995,0.0,-0.09919999999999995,0.0,-0.09919999999999995,0.0,-0.009919999999999984,0.04,-0.09919999999999995,0.04
-0.09759999999999991,0.0,-0.09759999999999991,0.0,-0.09759999999999991,0.0,-0.009759999999999991,0.0,-0.09759999999999991,0.0
-0.09600000000000009,0.04,-0.09600000000000009,0.04,-0.09600000000000009,0.04,-0.009599999999999997,0.04,-0.09600000000000009,0.04
-0.09440000000000004,0.0,-0.09440000000000004,0.0,-0.09440000000000004,0.0,-0.009440000000000004,0.04,-0.09440000000000004,0.04
-0.0928,0.04,-0.0928,0.04,-0.0928,0.04,-0.009279999999999983,0.04,-0.0928,-0.04
-0.09119999999999995,0.0,-0.09119999999999995,0.0,-0.09119999999999995,0.0,-0.00911999999999999,0.04,-0.09119999999999995,0.0
-0.08960000000000012,0.0,-0.08960000000000012,0.0,-0.08960000000000012,0.0,-0.008959999999999996,0.04,-0.08960000000000012,0.0
-0.08800000000000008,0.0,-0.08800000000000008,0.0,-0.08800000000000008,0.0,-0.008800000000000002,0.0,-0.08800000000000008,0.04
-0.08640000000000003,0.0,-0.08640000000000003,0.0,-0.08640000000000003,0.0,-0.008639999999999981,0.0,-0.08640000000000003,0.04
-0.08479999999999999,0.0,-0.08479999999999999,0.0,-0.08479999999999999,0.0,-0.008479999999999988,0.0,-0.08479999999999999,0.0
-0.08319999999999994,0.0,-0.08319999999999994,0.0,-0.08319999999999994,0.0,-0.008319999999999994,0.0,-0.08319999999999994,0.0
-0.08160000000000012,0.0,-0.08160000000000012,0.0,-0.08160000000000012,0.0,-0.00816,0.0,-0.08160000000000012,0.0
-0.08000000000000007,0.04,-0.08000000000000007,0.04,-0.08000000000000007,0.04,-0.00799999999999998,0.0,-0.08000000000000007,0.04
-0.07840000000000003,0.0,-0.07840000000000003,0.0,-0.07840000000000003,0.0,-0.007839999999999986,0.0,-0.07840000000000003,0.0
-0.07679999999999998,0.0,-0.07679999999999998,0.0,-0.07679999999999998,0.0,-0.007679999999999992,0.0,-0.07679999999999998,0.0
-0.07519999999999993,0.0,-0.07519999999999993,0.0,-0.07519999999999993,0.0,-0.007519999999999999,0.0,-0.07519999999999993,0.0
-0.07360000000000011,0.0,-0.07360000000000011,0.0,-0.07360000000000011,0.0,-0.007359999999999978,0.0,-0.07360000000000011,0.0
-0.07200000000000006,0.0,-0.07200000000000006,0.0,-0.07200000000000006,0.0,-0.007199999999999984,0.0,-0.07200000000000006,0.0
-0.07040000000000002,0.0,-0.07040000000000002,0.0,-0.07040000000000002,0.0,-0.007039999999999991,0.04,-0.07040000000000002,0.0
-0.06879999999999997,0.0,-0.06879999999999997,0.0,-0.06879999999999997,0.0,-0.006879999999999997,0.0,-0.06879999999999997,0.0
-0.06719999999999993,0.0,-0.06719999999999993,0.0,-0.06719999999999993,0.0,-0.006720000000000004,0.0,-0.06719999999999993,0.0
-0.0656000000000001,0.04,-0.0656000000000001,0.04,-0.0656000000000001,0.04,-0.0065599999999999825,0.0,-0.0656000000000001,0.04
-0.06400000000000006,0.0,-0.06400000000000006,0.0,-0.06400000000000006,0.0,-0.006399999999999989,0.0,-0.06400000000000006,0.04
-0.06240000000000001,0.04,-0.06240000000000001,0.04,-0.06240000000000001,0.04,-0.0062399999999999956,0.0,-0.06240000000000001,0.04
-0.060799999999999965,0.0,-0.060799999999999965,0.0,-0.060799999999999965,0.0,-0.006080000000000002,0.04,-0.060799999999999965,0.0
-0.05919999999999992,0.0,-0.05919999999999992,0.0,-0.05919999999999992,0.0,-0.005919999999999981,0.0,-0.05919999999999992,0.0
-0.057600000000000096,0.0,-0.057600000000000096,0.0,-0.057600000000000096,0.0,-0.005759999999999987,0.0,-0.057600000000000096,0.04
-0.05600000000000005,0.0,-0.05600000000000005,0.0,-0.05600000000000005,0.0,-0.005599999999999994,0.0,-0.05600000000000005,0.04
-0.054400000000000004,0.0,-0.054400000000000004,0.0,-0.054400000000000004,0.0,-0.00544,0.0,-0.054400000000000004,0.0
-0.05279999999999996,0.04,-0.05279999999999996,0.04,-0.05279999999999996,0.04,-0.005279999999999979,0.04,-0.05279999999999996,0.0
-0.05119999999999991,0.04,-0.05119999999999991,0.04,-0.05119999999999991,0.04,-0.005119999999999986,0.0,-0.05119999999999991,0.0
-0.04960000000000009,0.04,-0.04960000000000009,0.04,-0.04960000000000009,0.04,-0.004959999999999992,0.04,-0.04960000000000009,0.04
-0.04800000000000004,0.0,-0.04800000000000004,0.0,-0.04800000000000004,0.0,-0.004799999999999999,0.0,-0.04800000000000004,0.0
-0.0464,0.0,-0.0464,0.0,-0.0464,0.0,-0.0046399999999999775,0.0,-0.0464,0.0
-0.04479999999999995,0.0,-0.04479999999999995,0.0,-0.04479999999999995,0.0,-0.004479999999999984,0.0,-0.04479999999999995,0.04
-0.043199999999999905,0.0,-0.043199999999999905,0.0,-0.043199999999999905,0.0,-0.0043199999999999905,0.04,-0.043199999999999905,0.0
-0.04160000000000008,0.0,-0.04160000000000008,0.0,-0.04160000000000008,0.0,-0.004159999999999997,0.0,-0.04160000000000008,0.0
-0.040000000000000036,0.0,-0.040000000000000036,0.0,-0.040000000000000036,0.0,-0.0040000000000000036,0.0,-0.040000000000000036,0.0
-0.03839999999999999,0.0,-0.03839999999999999,0.0,-0.03839999999999999,0.0,-0.0038399999999999823,0.0,-0.03839999999999999,0.0
-0.036799999999999944,0.04,-0.036799999999999944,0.04,-0.036799999999999944,0.04,-0.003679999999999989,0.0,-0.036799999999999944,0.0
-0.03520000000000012,0.04,-0.03520000000000012,0.04,-0.03520000000000012,0.04,-0.0035199999999999954,0.04,-0.03520000000000012,0.0
-0.033600000000000074,0.0,-0.033600000000000074,0.0,-0.033600000000000074,0.0,-0.003360000000000002,0.0,-0.033600000000000074,0.0
-0.03200000000000003,0.0,-0.03200000000000003,0.0,-0.03200000000000003,0.0,-0.0031999999999999806,0.0,-0.03200000000000003,0.0
-0.030399999999999983,0.0,-0.030399999999999983,0.0,-0.030399999999999983,0.0,-0.003039999999999987,0.04,-0.030399999999999983,0.04
-0.028799999999999937,0.04,-0.028799999999999937,0.04,-0.028799999999999937,0.04,-0.0028799999999999937,0.0,-0.028799999999999937,0.04
-0.027200000000000113,0.04,-0.027200000000000113,0.04,-0.027200000000000113,0.04,-0.00272,0.0,-0.027200000000000113,0.0
-0.025600000000000067,0.0,-0.025600000000000067,0.0,-0.025600000000000067,0.0,-0.002559999999999979,0.04,-0.025600000000000067,0.0
-0.02400000000000002,0.0,-0.02400000000000002,0.0,-0.02400000000000002,0.0,-0.0023999999999999855,0.04,-0.02400000000000002,0.0
-0.022399999999999975,0.0,-0.022399999999999975,0.0,-0.022399999999999975,0.0,-0.002239999999999992,0.0,-0.022399999999999975,0.0
-0.02079999999999993,0.04,-0.02079999999999993,0.04,-0.02079999999999993,0.04,-0.0020799999999999985,0.0,-0.02079999999999993,0.0
-0.019200000000000106,0.04,-0.019200000000000106,0.04,-0.019200000000000106,0.04,-0.0019199999999999773,0.04,-0.019200000000000106,0.0
-0.01760000000000006,0.0,-0.01760000000000006,0.0,-0.01760000000000006,0.0,-0.0017599999999999838,0.0,-0.01760000000000006,0.0
-0.016000000000000014,0.04,-0.016000000000000014,0.04,-0.016000000000000014,0.04,-0.0015999999999999903,0.0,-0.016000000000000014,0.0
-0.014399999999999968,0.0,-0.014399999999999968,0.0,-0.014399999999999968,0.0,-0.0014399999999999968,0.04,-0.014399999999999968,0.0
-0.012799999999999923,0.0,-0.012799999999999923,0.0,-0.012799999999999923,0.0,-0.0012800000000000034,0.04,-0.012799999999999923,0.0
-0.011200000000000099,0.0,-0.011200000000000099,0.0,-0.011200000000000099,0.0,-0.0011199999999999821,0.0,-0.011200000000000099,0.0
-0.009600000000000053,0.04,-0.009600000000000053,0.04,-0.009600000000000053,0.04,-0.0009599999999999886,0.0,-0.009600000000000053,0.04
-0.008000000000000007,0.0,-0.008000000000000007,0.0,-0.008000000000000007,0.0,-0.0007999999999999952,0.04,-0.008000000000000007,0.0
-0.006399999999999961,0.0,-0.006399999999999961,0.0,-0.006399999999999961,0.0,-0.0006400000000000017,0.0,-0.006399999999999961,0.04
-0.0047999999999999154,0.0,-0.0047999999999999154,0.0,-0.0047999999999999154,0.0,-0.00047999999999998044,0.04,-0.0047999999999999154,0.0
-0.0032000000000000917,0.0,-0.0032000000000000917,0.0,-0.0032000000000000917,0.0,-0.00031999999999998696,0.0,-0.0032000000000000917,0.0
-0.0016000000000000458,0.0,-0.0016000000000000458,0.0,-0.0016000000000000458,0.0,-0.00015999999999999348,0.0,-0.0016000000000000458,0.0
0.0,3.96,0.0,3.96,0.0,3.96,0.0,3.96,0.0,3.96
0.0016000000000000458,3.96,0.0016000000000000458,3.96,0.0016000000000000458,3.96,0.00016000000000002124,3.96,0.0016000000000000458,4.0
0.0032000000000000917,4.0,0.0032000000000000917,4.0,0.0032000000000000917,4.0,0.0003200000000000147,3.96,0.0032000000000000917,3.96
0.0047999999999999154,3.96,0.0047999999999999154,3.96,0.0047999999999999154,3.96,0.0004800000000000082,3.96,0.0047999999999999154,3.96
0.006399999999999961,3.96,0.006399999999999961,3.96,0.006399999999999961,3.96,0.0006400000000000017,3.96,0.006399999999999961,4.0
0.008000000000000007,4.0,0.008000000000000007,4.0,0.008000000000000007,4.0,0.0008000000000000229,3.96,0.008000000000000007,4.0
0.009600000000000053,4.0,0.009600000000000053,4.0,0.009600000000000053,4.0,0.0009600000000000164,3.96,0.009600000000000053,4.0
0.011200000000000099,3.96,0.011200000000000099,3.96,0.011200000000000099,3.96,0.0011200000000000099,3.96,0.011200000000000099,4.0
0.012799999999999923,3.96,0.012799999999999923,3.96,0.012799999999999923,3.96,0.0012800000000000034,3.96,0.012799999999999923,3.96
0.014399999999999968,3.96,0.014399999999999968,3.96,0.014399999999999968,3.96,0.0014399999999999968,3.96,0.014399999999999968,3.96
0.016000000000000014,4.0,0.016000000000000014,4.0,0.016000000000000014,4.0,0.001600000000000018,3.96,0.016000000000000014,3.96
0.01760000000000006,4.0,0.01760000000000006,4.0,0.01760000000000006,4.0,0.0017600000000000116,3.96,0.01760000000000006,3.96
0.019199999999999884,3.96,0.019199999999999884,3.96,0.019199999999999884,3.96,0.001920000000000005,3.96,0.019199999999999884,3.96
0.02079999999999993,3.96,0.02079999999999993,3.96,0.02079999999999993,3.96,0.0020799999999999985,3.96,0.02079999999999993,3.96
0.022399999999999975,3.96,0.022399999999999975,3.96,0.022399999999999975,3.96,0.0022400000000000198,3.96,0.022399999999999975,3.96
0.02400000000000002,4.0,0.02400000000000002,4.0,0.02400000000000002,4.0,0.0024000000000000132,3.96,0.02400000000000002,3.96
0.025600000000000067,4.0,0.025600000000000067,4.0,0.025600000000000067,4.0,0.0025600000000000067,3.96,0.025600000000000067,3.96
0.02719999999999989,3.96,0.02719999999999989,3.96,0.02719999999999989,3.96,0.00272,3.96,0.02719999999999989,4.0
0.028799999999999937,3.96,0.028799999999999937,3.96,0.028799999999999937,3.96,0.0028800000000000214,3.96,0.028799999999999937,4.0
0.030399999999999983,3.96,0.030399999999999983,3.96,0.030399999999999983,3.96,0.003040000000000015,3.96,0.030399999999999983,3.96
0.03200000000000003,3.96,0.03200000000000003,3.96,0.03200000000000003,3.96,0.0032000000000000084,4.0,0.03200000000000003,3.96
0.033600000000000074,3.96,0.033600000000000074,3.96,0.033600000000000074,3.96,0.003360000000000002,3.96,0.033600000000000074,4.0
0.0351999999999999,4.0,0.0351999999999999,4.0,0.0351999999999999,4.0,0.003520000000000023,3.96,0.0351999999999999,3.96
0.036799999999999944,3.96,0.036799999999999944,3.96,0.036799999999999944,3.96,0.0036800000000000166,3.96,0.036799999999999944,3.96
0.03839999999999999,3.96,0.03839999999999999,3.96,0.03839999999999999,3.96,0.00384000000000001,3.96,0.03839999999999999,3.96
0.040000000000000036,4.0,0.040000000000000036,4.0,0.040000000000000036,4.0,0.0040000000000000036,3.96,0.040000000000000036,3.96
0.04160000000000008,4.0,0.04160000000000008,4.0,0.04160000000000008,4.0,0.004159999999999997,3.96,0.04160000000000008,4.0
0.043199999999999905,3.96,0.043199999999999905,3.96,0.043199999999999905,3.96,0.004320000000000018,3.96,0.043199999999999905,4.0
0.04479999999999995,4.0,0.04479999999999995,4.0,0.04479999999999995,4.0,0.004480000000000012,3.96,0.04479999999999995,4.0
0.0464,4.0,0.0464,4.0,0.0464,4.0,0.004640000000000005,3.96,0.0464,3.96
0.04800000000000004,3.96,0.04800000000000004,3.96,0.04800000000000004,3.96,0.004799999999999999,3.96,0.04800000000000004,3.96
0.04960000000000009,3.96,0.04960000000000009,3.96,0.04960000000000009,3.96,0.00496000000000002,3.96,0.04960000000000009,3.96
0.05119999999999991,4.0,0.05119999999999991,4.0,0.05119999999999991,4.0,0.005120000000000013,3.96,0.05119999999999991,4.0
0.05279999999999996,4.0,0.05279999999999996,4.0,0.05279999999999996,4.0,0.005280000000000007,3.96,0.05279999999999996,4.0
0.054400000000000004,4.0,0.054400000000000004,4.0,0.054400000000000004,4.0,0.00544,3.96,0.054400000000000004,4.0
0.05600000000000005,4.0,0.05600000000000005,4.0,0.05600000000000005,4.0,0.005600000000000022,3.96,0.05600000000000005,3.96
0.057600000000000096,3.96,0.057600000000000096,3.96,0.057600000000000096,3.96,0.005760000000000015,3.96,0.057600000000000096,4.0
0.05919999999999992,4.0,0.05919999999999992,4.0,0.05919999999999992,4.0,0.005920000000000009,3.96,0.05919999999999992,3.96
0.060799999999999965,3.96,0.060799999999999965,3.96,0.060799999999999965,3.96,0.006080000000000002,4.0,0.060799999999999965,3.96
0.06240000000000001,4.0,0.06240000000000001,4.0,0.06240000000000001,4.0,0.006240000000000023,3.96,0.06240000000000001,3.96
0.06400000000000006,3.96,0.06400000000000006,3.96,0.06400000000000006,3.96,0.006400000000000017,3.96,0.06400000000000006,4.0
0.06559999999999988,3.96,0.06559999999999988,3.96,0.06559999999999988,3.96,0.00656000000000001,3.96,0.06559999999999988,3.96
0.06719999999999993,4.0,0.06719999999999993,4.0,0.06719999999999993,4.0,0.006720000000000004,4.0,0.06719999999999993,3.96
0.06879999999999997,4.0,0.06879999999999997,4.0,0.06879999999999997,4.0,0.006879999999999997,3.96,0.06879999999999997,3.96
0.07040000000000002,4.0,0.07040000000000002,4.0,0.07040000000000002,4.0,0.0070400000000000185,3.96,0.07040000000000002,3.96
0.07200000000000006,3.96,0.07200000000000006,3.96,0.07200000000000006,3.96,0.007200000000000012,3.96,0.07200000000000006,3.96
0.07359999999999989,4.0,0.07359999999999989,4.0,0.07359999999999989,4.0,0.007360000000000005,3.96,0.07359999999999989,3.96
0.07519999999999993,3.96,0.07519999999999993,3.96,0.07519999999999993,3.96,0.007519999999999999,3.96,0.07519999999999993,4.0
0.07679999999999998,3.96,0.07679999999999998,3.96,0.07679999999999998,3.96,0.00768000000000002,3.96,0.07679999999999998,3.96
0.07840000000000003,3.96,0.07840000000000003,3.96,0.07840000000000003,3.96,0.007840000000000014,3.96,0.07840000000000003,3.96
0.08000000000000007,3.96,0.08000000000000007,3.96,0.08000000000000007,3.96,0.008000000000000007,3.96,0.08000000000000007,4.0
0.0815999999999999,3.96,0.0815999999999999,3.96,0.0815999999999999,3.96,0.00816,4.0,0.0815999999999999,3.96
0.08319999999999994,3.96,0.08319999999999994,3.96,0.08319999999999994,3.96,0.008320000000000022,3.96,0.08319999999999994,4.0
0.08479999999999999,3.96,0.08479999999999999,3.96,0.08479999999999999,3.96,0.008480000000000015,3.96,0.08479999999999999,3.96
0.08640000000000003,3.96,0.08640000000000003,3.96,0.08640000000000003,3.96,0.008640000000000009,3.92,0.08640000000000003,4.0
0.08800000000000008,4.0,0.08800000000000008,4.0,0.08800000000000008,4.0,0.008800000000000002,3.96,0.08800000000000008,4.0
0.0895999999999999,3.96,0.0895999999999999,3.96,0.0895999999999999,3.96,0.008960000000000024,4.0,0.0895999999999999,4.0
0.09119999999999995,3.96,0.09119999999999995,3.96,0.09119999999999995,3.96,0.009120000000000017,3.96,0.09119999999999995,3.96
0.0928,3.96,0.0928,3.96,0.0928,3.96,0.00928000000000001,3.96,0.0928,3.96
0.09440000000000004,4.0,0.09440000000000004,4.0,0.09440000000000004,4.0,0.009440000000000004,3.96,0.09440000000000004,3.96
0.09600000000000009,4.0,0.09600000000000009,4.0,0.09600000000000009,4.0,0.009599999999999997,4.0,0.09600000000000009,3.96
0.09759999999999991,3.96,0.09759999999999991,3.96,0.09759999999999991,3.96,0.009760000000000019,4.0,0.09759999999999991,3.96
0.09919999999999995,4.0,0.09919999999999995,4.0,0.09919999999999995,4.0,0.009920000000000012,4.0,0.09919999999999995,4.0
0.1008,4.0,0.1008,4.0,0.1008,4.0,0.010080000000000006,4.0,0.1008,3.96
0.10240000000000005,4.0,0.10240000000000005,4.0,0.10240000000000005,4.0,0.010239999999999999,3.96,0.10240000000000005,3.96
0.10400000000000009,3.96,0.10400000000000009,3.96,0.10400000000000009,3.96,0.01040000000000002,3.96,0.10400000000000009,4.0
0.10559999999999992,3.96,0.10559999999999992,3.96,0.10559999999999992,3.96,0.010560000000000014,3.96,0.10559999999999992,3.96
0.10719999999999996,3.96,0.10719999999999996,3.96,0.10719999999999996,3.96,0.010720000000000007,3.96,0.10719999999999996,3.96
0.10880000000000001,3.96,0.10880000000000001,3.96,0.10880000000000001,3.96,0.01088,3.96,0.10880000000000001,3.96
0.11040000000000005,3.96,0.11040000000000005,3.96,0.11040000000000005,3.96,0.011040000000000022,3.96,0.11040000000000005,4.0
0.1120000000000001,3.96,0.1120000000000001,3.96,0.1120000000000001,3.96,0.011200000000000015,3.96,0.1120000000000001,4.0
0.11359999999999992,4.0,0.11359999999999992,4.0,0.11359999999999992,4.0,0.011360000000000009,3.96,0.11359999999999992,4.0
0.11519999999999997,3.96,0.11519999999999997,3.96,0.11519999999999997,3.96,0.011520000000000002,4.0,0.11519999999999997,3.96
0.11680000000000001,3.96,0.11680000000000001,3.96,0.11680000000000001,3.96,0.011680000000000024,3.96,0.11680000000000001,4.0
0.11840000000000006,4.0,0.11840000000000006,4.0,0.11840000000000006,4.0,0.011840000000000017,3.96,0.11840000000000006,3.96
0.11999999999999988,4.0,0.11999999999999988,4.0,0.11999999999999988,4.0,0.01200000000000001,3.96,0.11999999999999988,3.96
0.12159999999999993,4.0,0.12159999999999993,4.0,0.12159999999999993,4.0,0.012160000000000004,3.96,0.12159999999999993,3.96
0.12319999999999998,3.96,0.12319999999999998,3.96,0.12319999999999998,3.96,0.012319999999999998,3.96,0.12319999999999998,4.0
0.12480000000000002,4.0,0.12480000000000002,4.0,0.12480000000000002,4.0,0.012480000000000019,3.96,0.12480000000000002,3.96
0.12640000000000007,4.0,0.12640000000000007,4.0,0.12640000000000007,4.0,0.012640000000000012,3.96,0.12640000000000007,3.96
0.1279999999999999,4.0,0.1279999999999999,4.0,0.1279999999999999,4.0,0.012800000000000006,4.0,0.1279999999999999,4.0
0.12959999999999994,4.0,0.12959999999999994,4.0,0.12959999999999994,4.0,0.01296,3.96,0.12959999999999994,3.96
0.13119999999999998,3.96,0.13119999999999998,3.96,0.13119999999999998,3.96,0.01312000000000002,3.96,0.13119999999999998,3.96
0.13280000000000003,4.0,0.13280000000000003,4.0,0.13280000000000003,4.0,0.013280000000000014,3.96,0.13280000000000003,3.96
0.13440000000000007,4.0,0.13440000000000007,4.0,0.13440000000000007,4.0,0.013440000000000007,4.0,0.13440000000000007,4.0
0.1359999999999999,3.96,0.1359999999999999,3.96,0.1359999999999999,3.96,0.013600000000000001,3.96,0.1359999999999999,4.0
0.13759999999999994,4.0,0.13759999999999994,4.0,0.13759999999999994,4.0,0.013760000000000022,3.96,0.13759999999999994,3.96
0.1392,3.96,0.1392,3.96,0.1392,3.96,0.013920000000000016,3.96,0.1392,3.96
0.14080000000000004,3.96,0.14080000000000004,3.96,0.14080000000000004,3.96,0.01408000000000001,3.96,0.14080000000000004,3.96
0.14240000000000008,4.0,0.14240000000000008,4.0,0.14240000000000008,4.0,0.014240000000000003,3.96,0.14240000000000008,4.0
0.1439999999999999,3.96,0.1439999999999999,3.96,0.1439999999999999,3.96,0.014400000000000024,4.0,0.1439999999999999,4.0
0.14559999999999995,3.96,0.14559999999999995,3.96,0.14559999999999995,3.96,0.014560000000000017,3.96,0.14559999999999995,4.0
0.1472,3.96,0.1472,3.96,0.1472,3.96,0.01472000000000001,4.0,0.1472,3.96
0.14880000000000004,3.96,0.14880000000000004,3.96,0.14880000000000004,3.96,0.014880000000000004,4.0,0.14880000000000004,3.96
0.1504000000000001,4.0,0.1504000000000001,4.0,0.1504000000000001,4.0,0.015039999999999998,4.0,0.1504000000000001,3.96
0.1519999999999999,3.96,0.1519999999999999,3.96,0.1519999999999999,3.96,0.015200000000000019,3.96,0.1519999999999999,3.96
0.15359999999999996,3.96,0.15359999999999996,3.96,0.15359999999999996,3.96,0.015360000000000013,3.96,0.15359999999999996,3.96
0.1552,3.96,0.1552,3.96,0.1552,3.96,0.015520000000000006,4.0,0.1552,4.0
0.15680000000000005,3.96,0.15680000000000005,3.96,0.15680000000000005,3.96,0.01568,3.96,0.15680000000000005,3.96
0.1584000000000001,4.0,0.1584000000000001,4.0,0.1584000000000001,4.0,0.01584000000000002,4.0,0.1584000000000001,3.96
0.15999999999999992,3.96,0.15999999999999992,3.96,0.15999999999999992,3.96,0.016000000000000014,3.96,0.15999999999999992,3.96
0.16159999999999997,3.96,0.16159999999999997,3.96,0.16159999999999997,3.96,0.016160000000000008,4.0,0.16159999999999997,4.0
0.1632,4.0,0.1632,4.0,0.1632,4.0,0.01632,4.0,0.1632,4.0
0.16480000000000006,4.0,0.16480000000000006,4.0,0.16480000000000006,4.0,0.016480000000000022,3.96,0.16480000000000006,3.96
0.1664000000000001,3.96,0.1664000000000001,3.96,0.1664000000000001,3.96,0.016640000000000016,3.96,0.1664000000000001,3.96
0.16799999999999993,4.0,0.16799999999999993,4.0,0.16799999999999993,4.0,0.01680000000000001,4.0,0.16799999999999993,4.0
0.16959999999999997,3.96,0.16959999999999997,3.96,0.16959999999999997,3.96,0.016960000000000003,3.96,0.16959999999999997,3.96
0.17120000000000002,3.96,0.17120000000000002,3.96,0.17120000000000002,3.96,0.017120000000000024,3.96,0.17120000000000002,3.96
0.17280000000000006,4.0,0.17280000000000006,4.0,0.17280000000000006,4.0,0.017280000000000018,3.96,0.17280000000000006,4.0
0.1743999999999999,3.96,0.1743999999999999,3.96,0.1743999999999999,3.96,0.01744000000000001,3.96,0.1743999999999999,4.0
0.17599999999999993,4.0,0.17599999999999993,4.0,0.17599999999999993,4.0,0.017600000000000005,4.0,0.17599999999999993,4.0
0.17759999999999998,3.96,0.17759999999999998,3.96,0.17759999999999998,3.96,0.017759999999999998,3.96,0.17759999999999998,4.0
0.17920000000000003,4.0,0.17920000000000003,4.0,0.17920000000000003,4.0,0.01792000000000002,4.0,0.17920000000000003,3.96
0.18080000000000007,3.96,0.18080000000000007,3.96,0.18080000000000007,3.96,0.018080000000000013,3.96,0.18080000000000007,3.96
0.1823999999999999,3.96,0.1823999999999999,3.96,0.1823999999999999,3.96,0.018240000000000006,4.0,0.1823999999999999,3.96
0.18399999999999994,4.0,0.18399999999999994,4.0,0.18399999999999994,4.0,0.0184,3.96,0.18399999999999994,4.0
0.1856,3.96,0.1856,3.96,0.1856,3.96,0.01856000000000002,3.96,0.1856,3.96
0.18720000000000003,4.0,0.18720000000000003,4.0,0.18720000000000003,4.0,0.018720000000000014,4.0,0.18720000000000003,3.96
0.18880000000000008,3.96,0.18880000000000008,3.96,0.18880000000000008,3.96,0.018880000000000008,3.96,0.18880000000000008,3.96
0.1903999999999999,3.96,0.1903999999999999,3.96,0.1903999999999999,3.96,0.01904,4.0,0.1903999999999999,4.0
0.19199999999999995,4.0,0.19199999999999995,4.0,0.19199999999999995,4.0,0.019200000000000023,3.96,0.19199999999999995,3.96
0.1936,3.96,0.1936,3.96,0.1936,3.96,0.019360000000000016,3.96,0.1936,4.0
0.19520000000000004,3.96,0.19520000000000004,3.96,0.19520000000000004,3.96,0.01952000000000001,3.96,0.19520000000000004,3.96
0.19680000000000009,3.96,0.19680000000000009,3.96,0.19680000000000009,3.96,0.019680000000000003,3.96,0.19680000000000009,3.96
0.1983999999999999,4.0,0.1983999999999999,4.0,0.1983999999999999,4.0,0.019840000000000024,4.0,0.1983999999999999,3.96
0.19999999999999996,3.96,0.19999999999999996,3.96,0.19999999999999996,3.96,0.020000000000000018,3.96,0.19999999999999996,3.96
0.2016,3.96,0.2016,3.96,0.2016,3.96,0.02016000000000001,3.96,0.2016,3.96
0.20320000000000005,4.0,0.20320000000000005,4.0,0.20320000000000005,4.0,0.020320000000000005,3.96,0.20320000000000005,3.96
0.2048000000000001,3.96,0.2048000000000001,3.96,0.2048000000000001,3.96,0.020479999999999998,3.96,0.2048000000000001,4.0
0.20639999999999992,3.96,0.20639999999999992,3.96,0.20639999999999992,3.96,0.02064000000000002,4.0,0.20639999999999992,3.96
0.20799999999999996,3.96,0.20799999999999996,3.96,0.20799999999999996,3.96,0.020800000000000013,3.96,0.20799999999999996,3.96
0.2096,3.96,0.2096,3.96,0.2096,3.96,0.020960000000000006,3.96,0.2096,3.96
0.21120000000000005,3.96,0.21120000000000005,3.96,0.21120000000000005,3.96,0.02112,3.96,0.21120000000000005,3.96
0.2128000000000001,3.96,0.2128000000000001,3.96,0.2128000000000001,3.96,0.02128000000000002,3.96,0.2128000000000001,4.0
0.21439999999999992,3.96,0.21439999999999992,3.96,0.21439999999999992,3.96,0.021440000000000015,4.0,0.21439999999999992,3.96
0.21599999999999997,4.0,0.21599999999999997,4.0,0.21599999999999997,4.0,0.021600000000000008,3.96,0.21599999999999997,4.0
0.21760000000000002,4.0,0.21760000000000002,4.0,0.21760000000000002,4.0,0.02176,3.96,0.21760000000000002,4.0
0.21920000000000006,4.0,0.21920000000000006,4.0,0.21920000000000006,4.0,0.021920000000000023,4.0,0.21920000000000006,3.96
0.2208000000000001,4.0,0.2208000000000001,4.0,0.2208000000000001,4.0,0.022080000000000016,4.04,0.2208000000000001,3.96
0.22239999999999993,4.0,0.22239999999999993,4.0,0.22239999999999993,4.0,0.02224000000000001,3.96,0.22239999999999993,3.96
0.22399999999999998,4.0,0.22399999999999998,4.0,0.22399999999999998,4.0,0.022400000000000003,3.96,0.22399999999999998,3.96
0.22560000000000002,3.96,0.22560000000000002,3.96,0.22560000000000002,3.96,0.022560000000000024,3.96,0.22560000000000002,4.0
0.22720000000000007,3.96,0.22720000000000007,3.96,0.22720000000000007,3.96,0.022720000000000018,3.96,0.22720000000000007,3.96
0.2287999999999999,4.0,0.2287999999999999,4.0,0.2287999999999999,4.0,0.02288000000000001,3.96,0.2287999999999999,4.0
0.23039999999999994,4.0,0.23039999999999994,4.0,0.23039999999999994,4.0,0.023040000000000005,4.0,0.23039999999999994,3.96
0.23199999999999998,4.0,0.23199999999999998,4.0,0.23199999999999998,4.0,0.0232,3.96,0.23199999999999998,3.96
0.23360000000000003,3.96,0.23360000000000003,3.96,0.23360000000000003,3.96,0.02336000000000002,3.96,0.23360000000000003,3.96
0.23520000000000008,3.96,0.23520000000000008,3.96,0.23520000000000008,3.96,0.023520000000000013,3.96,0.23520000000000008,4.0
0.2367999999999999,4.0,0.2367999999999999,4.0,0.2367999999999999,4.0,0.023680000000000007,3.96,0.2367999999999999,4.0
0.23839999999999995,3.96,0.23839999999999995,3.96,0.23839999999999995,3.96,0.02384,3.96,0.23839999999999995,4.0
0.24,3.96,0.24,3.96,0.24,3.96,0.02400000000000002,4.0,0.24,3.96
0.24160000000000004,4.0,0.24160000000000004,4.0,0.24160000000000004,4.0,0.024160000000000015,3.96,0.24160000000000004,4.0
0.24320000000000008,4.0,0.24320000000000008,4.0,0.24320000000000008,4.0,0.02432000000000001,3.96,0.24320000000000008,3.96
0.2447999999999999,4.0,0.2447999999999999,4.0,0.2447999999999999,4.0,0.024480000000000002,4.0,0.2447999999999999,3.96
0.24639999999999995,4.0,0.24639999999999995,4.0,0.24639999999999995,4.0,0.024640000000000023,4.0,0.24639999999999995,4.0
0.248,4.0,0.248,4.0,0.248,4.0,0.024800000000000016,3.96,0.248,4.0
0.24960000000000004,4.0,0.24960000000000004,4.0,0.24960000000000004,4.0,0.02496000000000001,3.96,0.24960000000000004,4.0
0.2512000000000001,3.96,0.2512000000000001,3.96,0.2512000000000001,3.96,0.025120000000000003,3.96,0.2512000000000001,3.96
0.2527999999999999,3.96,0.2527999999999999,3.96,0.2527999999999999,3.96,0.025280000000000025,4.0,0.2527999999999999,4.0
0.25439999999999996,4.0,0.25439999999999996,4.0,0.25439999999999996,4.0,0.025440000000000018,3.96,0.25439999999999996,4.0
0.256,4.0,0.256,4.0,0.256,4.0,0.02560000000000001,3.96,0.256,4.0
0.25760000000000005,3.96,0.25760000000000005,3.96,0.25760000000000005,3.96,0.025760000000000005,4.0,0.25760000000000005,3.96
0.2592000000000001,4.0,0.2592000000000001,4.0,0.2592000000000001,4.0,0.02592,3.96,0.2592000000000001,3.96
0.2607999999999999,4.0,0.2607999999999999,4.0,0.2607999999999999,4.0,0.02608000000000002,3.96,0.2607999999999999,3.96
0.26239999999999997,4.0,0.26239999999999997,4.0,0.26239999999999997,4.0,0.026240000000000013,3.96,0.26239999999999997,3.96
0.264,3.96,0.264,3.96,0.264,3.96,0.026400000000000007,4.0,0.264,3.96
0.26560000000000006,3.96,0.26560000000000006,3.96,0.26560000000000006,3.96,0.02656,3.96,0.26560000000000006,3.96
0.2672000000000001,3.96,0.2672000000000001,3.96,0.2672000000000001,3.96,0.02672000000000002,3.96,0.2672000000000001,3.96
0.26879999999999993,3.96,0.26879999999999993,3.96,0.26879999999999993,3.96,0.026880000000000015,4.0,0.26879999999999993,4.0
0.2704,4.0,0.2704,4.0,0.2704,4.0,0.02704000000000001,3.96,0.2704,3.96
0.272,3.96,0.272,3.96,0.272,3.96,0.027200000000000002,4.0,0.272,4.0
0.27360000000000007,3.96,0.27360000000000007,3.96,0.27360000000000007,3.96,0.027360000000000023,3.96,0.27360000000000007,3.96
0.2752000000000001,4.0,0.2752000000000001,4.0,0.2752000000000001,4.0,0.027520000000000017,4.0,0.2752000000000001,4.0
0.27679999999999993,4.0,0.27679999999999993,4.0,0.27679999999999993,4.0,0.02768000000000001,3.96,0.27679999999999993,3.96
0.2784,4.0,0.2784,4.0,0.2784,4.0,0.027840000000000004,3.96,0.2784,3.96
0.28,4.0,0.28,4.0,0.28,4.0,0.028000000000000025,3.96,0.28,4.0
0.2816000000000001,4.0,0.2816000000000001,4.0,0.2816000000000001,4.0,0.02816000000000002,4.0,0.2816000000000001,3.96
0.2831999999999999,4.0,0.2831999999999999,4.0,0.2831999999999999,4.0,0.028320000000000012,4.0,0.2831999999999999,3.96
0.28479999999999994,3.96,0.28479999999999994,3.96,0.28479999999999994,3.96,0.028480000000000005,3.96,0.28479999999999994,4.0
0.2864,3.96,0.2864,3.96,0.2864,3.96,0.02864,4.0,0.2864,3.96
0.28800000000000003,4.0,0.28800000000000003,4.0,0.28800000000000003,4.0,0.02880000000000002,4.0,0.28800000000000003,4.0
0.2896000000000001,3.96,0.2896000000000001,3.96,0.2896000000000001,3.96,0.028960000000000014,4.0,0.2896000000000001,3.96
0.2911999999999999,4.0,0.2911999999999999,4.0,0.2911999999999999,4.0,0.029120000000000007,4.0,0.2911999999999999,3.96
0.29279999999999995,3.96,0.29279999999999995,3.96,0.29279999999999995,3.96,0.02928,3.96,0.29279999999999995,3.96
0.2944,3.96,0.2944,3.96,0.2944,3.96,0.02944000000000002,3.96,0.2944,4.0
0.29600000000000004,4.0,0.29600000000000004,4.0,0.29600000000000004,4.0,0.029600000000000015,4.0,0.29600000000000004,3.96
0.2976000000000001,4.0,0.2976000000000001,4.0,0.2976000000000001,4.0,0.02976000000000001,4.0,0.2976000000000001,4.0
0.2991999999999999,4.0,0.2991999999999999,4.0,0.2991999999999999,4.0,0.029920000000000002,4.0,0.2991999999999999,3.96
0.30079999999999996,4.0,0.30079999999999996,4.0,0.30079999999999996,4.0,0.030080000000000023,3.96,0.30079999999999996,4.0
0.3024,3.96,0.3024,3.96,0.3024,3.96,0.030240000000000017,4.0,0.3024,4.0
0.30400000000000005,4.0,0.30400000000000005,4.0,0.30400000000000005,4.0,0.03040000000000001,3.96,0.30400000000000005,3.96
0.3056000000000001,4.0,0.3056000000000001,4.0,0.3056000000000001,4.0,0.030560000000000004,3.96,0.3056000000000001,4.0
0.3071999999999999,4.0,0.3071999999999999,4.0,0.3071999999999999,4.0,0.030720000000000025,3.96,0.3071999999999999,4.0
0.30879999999999996,3.96,0.30879999999999996,3.96,0.30879999999999996,3.96,0.03088000000000002,3.96,0.30879999999999996,3.96
0.3104,4.0,0.3104,4.0,0.3104,4.0,0.031040000000000012,3.96,0.3104,3.96
0.31200000000000006,3.96,0.31200000000000006,3.96,0.31200000000000006,3.96,0.031200000000000006,4.0,0.31200000000000006,3.96
0.3136000000000001,4.0,0.3136000000000001,4.0,0.3136000000000001,4.0,0.03136,3.96,0.3136000000000001,4.0
0.3151999999999999,3.96,0.3151999999999999,3.96,0.3151999999999999,3.96,0.03152000000000002,3.96,0.3151999999999999,4.0
0.31679999999999997,4.0,0.31679999999999997,4.0,0.31679999999999997,4.0,0.031680000000000014,3.96,0.31679999999999997,4.0
0.3184,3.96,0.3184,3.96,0.3184,3.96,0.03184000000000001,4.0,0.3184,4.0
0.32000000000000006,4.0,0.32000000000000006,4.0,0.32000000000000006,4.0,0.032,4.0,0.32000000000000006,4.0
0.3216000000000001,3.96,0.3216000000000001,3.96,0.3216000000000001,3.96,0.03216000000000002,4.0,0.3216000000000001,4.0
0.32319999999999993,3.96,0.32319999999999993,3.96,0.32319999999999993,3.96,0.032320000000000015,4.0,0.32319999999999993,4.0
0.3248,3.96,0.3248,3.96,0.3248,3.96,0.03248000000000001,4.0,0.3248,3.96
0.3264,4.0,0.3264,4.0,0.3264,4.0,0.03264,3.96,0.3264,4.0
0.32800000000000007,4.0,0.32800000000000007,4.0,0.32800000000000007,4.0,0.032800000000000024,4.0,0.32800000000000007,3.96
0.3295999999999999,4.0,0.3295999999999999,4.0,0.3295999999999999,4.0,0.03296000000000002,3.96,0.3295999999999999,4.0
0.33119999999999994,4.0,0.33119999999999994,4.0,0.33119999999999994,4.0,0.03312000000000001,3.96,0.33119999999999994,4.0
0.3328,4.0,0.3328,4.0,0.3328,4.0,0.033280000000000004,3.96,0.3328,4.0
0.33440000000000003,3.96,0.33440000000000003,3.96,0.33440000000000003,3.96,0.033440000000000025,3.96,0.33440000000000003,4.0
0.3360000000000001,4.0,0.3360000000000001,4.0,0.3360000000000001,4.0,0.03360000000000002,4.0,0.3360000000000001,3.96
0.3375999999999999,4.0,0.3375999999999999,4.0,0.3375999999999999,4.0,0.03376000000000001,3.96,0.3375999999999999,4.0
0.33919999999999995,3.96,0.33919999999999995,3.96,0.33919999999999995,3.96,0.033920000000000006,3.96,0.33919999999999995,3.96
0.3408,3.96,0.3408,3.96,0.3408,3.96,0.03408,4.0,0.3408,3.96
0.34240000000000004,3.96,0.34240000000000004,3.96,0.34240000000000004,3.96,0.03424000000000002,3.96,0.34240000000000004,3.96
0.3440000000000001,4.0,0.3440000000000001,4.0,0.3440000000000001,4.0,0.034400000000000014,4.0,0.3440000000000001,3.96
0.3455999999999999,3.96,0.3455999999999999,3.96,0.3455999999999999,3.96,0.03456000000000001,4.0,0.3455999999999999,4.0
0.34719999999999995,3.96,0.34719999999999995,3.96,0.34719999999999995,3.96,0.03472,3.96,0.34719999999999995,3.96
0.3488,4.0,0.3488,4.0,0.3488,4.0,0.03488000000000002,3.96,0.3488,3.96
0.35040000000000004,3.96,0.35040000000000004,3.96,0.35040000000000004,3.96,0.035040000000000016,4.0,0.35040000000000004,4.0
0.3520000000000001,3.96,0.3520000000000001,3.96,0.3520000000000001,3.96,0.03520000000000001,3.96,0.3520000000000001,3.96
0.3535999999999999,3.96,0.3535999999999999,3.96,0.3535999999999999,3.96,0.03536,3.96,0.3535999999999999,3.96
0.35519999999999996,3.96,0.35519999999999996,3.96,0.35519999999999996,3.96,0.035520000000000024,4.0,0.35519999999999996,3.96
0.3568,4.0,0.3568,4.0,0.3568,4.0,0.03568000000000002,3.96,0.3568,4.0
0.35840000000000005,4.0,0.35840000000000005,4.0,0.35840000000000005,4.0,0.03584000000000001,3.96,0.35840000000000005,3.96
0.3600000000000001,4.0,0.3600000000000001,4.0,0.3600000000000001,4.0,0.036000000000000004,3.96,0.3600000000000001,4.0
0.3615999999999999,4.0,0.3615999999999999,4.0,0.3615999999999999,4.0,0.036160000000000025,4.0,0.3615999999999999,3.96
0.36319999999999997,3.96,0.36319999999999997,3.96,0.36319999999999997,3.96,0.03632000000000002,4.0,0.36319999999999997,4.0
0.3648,4.0,0.3648,4.0,0.3648,4.0,0.03648000000000001,3.96,0.3648,3.96
0.36640000000000006,4.0,0.36640000000000006,4.0,0.36640000000000006,4.0,0.036640000000000006,3.96,0.36640000000000006,3.96
0.3680000000000001,4.0,0.3680000000000001,4.0,0.3680000000000001,4.0,0.0368,4.0,0.3680000000000001,4.0
0.36959999999999993,4.0,0.36959999999999993,4.0,0.36959999999999993,4.0,0.03696000000000002,4.0,0.36959999999999993,3.96
0.3712,3.96,0.3712,3.96,0.3712,3.96,0.037120000000000014,4.0,0.3712,4.0
0.3728,3.96,0.3728,3.96,0.3728,3.96,0.03728000000000001,3.96,0.3728,4.0
0.37440000000000007,3.96,0.37440000000000007,3.96,0.37440000000000007,3.96,0.03744,3.96,0.37440000000000007,4.0
0.3760000000000001,3.96,0.3760000000000001,3.96,0.3760000000000001,3.96,0.03760000000000002,4.0,0.3760000000000001,3.96
0.37759999999999994,3.96,0.37759999999999994,3.96,0.37759999999999994,3.96,0.037760000000000016,3.96,0.37759999999999994,4.0
0.3792,3.96,0.3792,3.96,0.3792,3.96,0.03792000000000001,4.0,0.3792,4.0
0.3808,3.96,0.3808,3.96,0.3808,3.96,0.03808,4.0,0.3808,3.96
0.3824000000000001,3.96,0.3824000000000001,3.96,0.3824000000000001,3.96,0.038240000000000024,3.96,0.3824000000000001,3.96
0.3839999999999999,4.0,0.3839999999999999,4.0,0.3839999999999999,4.0,0.03840000000000002,3.96,0.3839999999999999,3.96
0.38559999999999994,3.96,0.38559999999999994,3.96,0.38559999999999994,3.96,0.03856000000000001,3.96,0.38559999999999994,3.96
0.3872,3.96,0.3872,3.96,0.3872,3.96,0.038720000000000004,4.0,0.3872,3.96
0.38880000000000003,3.96,0.38880000000000003,3.96,0.38880000000000003,3.96,0.038880000000000026,4.0,0.38880000000000003,4.0
0.3904000000000001,4.0,0.3904000000000001,4.0,0.3904000000000001,4.0,0.03904000000000002,4.0,0.3904000000000001,3.96
0.3919999999999999,3.96,0.3919999999999999,3.96,0.3919999999999999,3.96,0.03920000000000001,4.0,0.3919999999999999,3.96
0.39359999999999995,4.0,0.39359999999999995,4.0,0.39359999999999995,4.0,0.039360000000000006,4.0,0.39359999999999995,3.96
0.3952,3.96,0.3952,3.96,0.3952,3.96,0.03952,3.96,0.3952,3.96
0.39680000000000004,4.0,0.39680000000000004,4.0,0.39680000000000004,4.0,0.03968000000000002,3.96,0.39680000000000004,3.96
0.3984000000000001,3.96,0.3984000000000001,3.96,0.3984000000000001,3.96,0.039840000000000014,3.96,0.3984000000000001,3.96
0.3999999999999999,3.96,0.3999999999999999,3.96,0.3999999999999999,3.96,0.04000000000000001,3.96,0.3999999999999999,3.96
0.4016000000000002,3.96,0.4016000000000002,3.96,0.4016000000000002,3.96,0.04016,3.96,0.4016000000000002,4.0
0.4032,3.96,0.4032,3.96,0.4032,3.96,0.04032000000000002,3.96,0.4032,3.96
0.4047999999999998,4.0,0.4047999999999998,4.0,0.4047999999999998,4.0,0.040480000000000016,3.96,0.4047999999999998,3.96
0.4064000000000001,4.0,0.4064000000000001,4.0,0.4064000000000001,4.0,0.04064000000000001,3.96,0.4064000000000001,4.0
0.4079999999999999,3.96,0.4079999999999999,3.96,0.4079999999999999,3.96,0.0408,4.0,0.4079999999999999,3.96
0.4096000000000002,3.96,0.4096000000000002,3.96,0.4096000000000002,3.96,0.040960000000000024,3.96,0.4096000000000002,3.96
0.4112,3.96,0.4112,3.96,0.4112,3.96,0.04112000000000002,3.96,0.4112,3.96
0.41279999999999983,3.96,0.41279999999999983,3.96,0.41279999999999983,3.96,0.04128000000000001,3.96,0.41279999999999983,3.96
0.4144000000000001,3.96,0.4144000000000001,3.96,0.4144000000000001,3.96,0.041440000000000005,4.0,0.4144000000000001,4.0
0.4159999999999999,3.96,0.4159999999999999,3.96,0.4159999999999999,3.96,0.041600000000000026,4.0,0.4159999999999999,4.0
0.4176000000000002,4.0,0.4176000000000002,4.0,0.4176000000000002,4.0,0.04176000000000002,3.96,0.4176000000000002,3.96
0.4192,3.96,0.4192,3.96,0.4192,3.96,0.04192000000000001,3.96,0.4192,4.0
0.42079999999999984,3.96,0.42079999999999984,3.96,0.42079999999999984,3.96,0.042080000000000006,4.0,0.42079999999999984,3.96
0.4224000000000001,3.96,0.4224000000000001,3.96,0.4224000000000001,3.96,0.04224,3.96,0.4224000000000001,4.0
0.42399999999999993,3.96,0.42399999999999993,3.96,0.42399999999999993,3.96,0.04240000000000002,4.0,0.42399999999999993,3.96
0.4256000000000002,3.96,0.4256000000000002,3.96,0.4256000000000002,3.96,0.042560000000000014,4.0,0.4256000000000002,4.0
0.4272,3.96,0.4272,3.96,0.4272,3.96,0.04272000000000001,4.0,0.4272,3.96
0.42879999999999985,3.96,0.42879999999999985,3.96,0.42879999999999985,3.96,0.04288,4.0,0.42879999999999985,3.96
0.4304000000000001,3.96,0.4304000000000001,3.96,0.4304000000000001,3.96,0.04304000000000002,3.96,0.4304000000000001,3.96
0.43199999999999994,3.96,0.43199999999999994,3.96,0.43199999999999994,3.96,0.043200000000000016,3.96,0.43199999999999994,4.0
0.4336000000000002,4.0,0.4336000000000002,4.0,0.4336000000000002,4.0,0.04336000000000001,3.96,0.4336000000000002,3.96
0.43520000000000003,4.0,0.43520000000000003,4.0,0.43520000000000003,4.0,0.04352,4.0,0.43520000000000003,3.96
0.43679999999999986,3.96,0.43679999999999986,3.96,0.43679999999999986,3.96,0.043680000000000024,4.0,0.43679999999999986,3.96
0.4384000000000001,3.96,0.4384000000000001,3.96,0.4384000000000001,3.96,0.04384000000000002,4.0,0.4384000000000001,3.96
0.43999999999999995,4.0,0.43999999999999995,4.0,0.43999999999999995,4.0,0.04400000000000001,3.96,0.43999999999999995,3.96
0.4416000000000002,3.96,0.4416000000000002,3.96,0.4416000000000002,3.96,0.044160000000000005,4.0,0.4416000000000002,3.96
0.44320000000000004,3.96,0.44320000000000004,3.96,0.44320000000000004,3.96,0.044320000000000026,4.0,0.44320000000000004,3.96
0.44479999999999986,3.96,0.44479999999999986,3.96,0.44479999999999986,3.96,0.04448000000000002,4.0,0.44479999999999986,4.0
0.44640000000000013,3.96,0.44640000000000013,3.96,0.44640000000000013,3.96,0.04464000000000001,4.0,0.44640000000000013,4.0
0.44799999999999995,3.96,0.44799999999999995,3.96,0.44799999999999995,3.96,0.044800000000000006,3.96,0.44799999999999995,3.96
0.4496000000000002,4.0,0.4496000000000002,4.0,0.4496000000000002,4.0,0.04496,4.0,0.4496000000000002,3.96
0.45120000000000005,3.96,0.45120000000000005,3.96,0.45120000000000005,3.96,0.04512000000000002,3.96,0.45120000000000005,4.0
0.45279999999999987,3.96,0.45279999999999987,3.96,0.45279999999999987,3.96,0.045280000000000015,3.96,0.45279999999999987,4.0
0.45440000000000014,3.96,0.45440000000000014,3.96,0.45440000000000014,3.96,0.04544000000000001,4.0,0.45440000000000014,4.0
0.45599999999999996,3.96,0.45599999999999996,3.96,0.45599999999999996,3.96,0.0456,3.96,0.45599999999999996,3.96
0.45760000000000023,3.96,0.45760000000000023,3.96,0.45760000000000023,3.96,0.04576000000000002,3.96,0.45760000000000023,3.96
0.45920000000000005,3.96,0.45920000000000005,3.96,0.45920000000000005,3.96,0.045920000000000016,4.0,0.45920000000000005,3.96
0.4607999999999999,3.96,0.4607999999999999,3.96,0.4607999999999999,3.96,0.04608000000000001,3.96,0.4607999999999999,3.96
0.46240000000000014,4.0,0.46240000000000014,4.0,0.46240000000000014,4.0,0.04624,3.96,0.46240000000000014,3.96
0.46399999999999997,3.96,0.46399999999999997,3.96,0.46399999999999997,3.96,0.046400000000000025,4.0,0.46399999999999997,4.0
0.4655999999999998,3.96,0.4655999999999998,3.96,0.4655999999999998,3.96,0.04656000000000002,4.0,0.4655999999999998,4.0
0.46720000000000006,4.0,0.46720000000000006,4.0,0.46720000000000006,4.0,0.04672000000000001,4.0,0.46720000000000006,4.0
0.4687999999999999,3.96,0.4687999999999999,3.96,0.4687999999999999,3.96,0.046880000000000005,4.0,0.4687999999999999,4.0
0.47040000000000015,3.96,0.47040000000000015,3.96,0.47040000000000015,3.96,0.047040000000000026,3.96,0.47040000000000015,3.96
0.472,3.96,0.472,3.96,0.472,3.96,0.04720000000000002,3.96,0.472,3.96
0.4735999999999998,3.96,0.4735999999999998,3.96,0.4735999999999998,3.96,0.04736000000000001,3.96,0.4735999999999998,3.96
0.47520000000000007,4.0,0.47520000000000007,4.0,0.47520000000000007,4.0,0.04752000000000001,4.0,0.47520000000000007,4.0
0.4767999999999999,3.96,0.4767999999999999,3.96,0.4767999999999999,3.96,0.04768,4.0,0.4767999999999999,3.96
0.47840000000000016,4.0,0.47840000000000016,4.0,0.47840000000000016,4.0,0.04784000000000002,3.96,0.47840000000000016,3.96
0.48,3.96,0.48,3.96,0.48,3.96,0.048000000000000015,3.96,0.48,3.96
0.4815999999999998,4.0,0.4815999999999998,4.0,0.4815999999999998,4.0,0.04816000000000001,4.0,0.4815999999999998,3.96
0.4832000000000001,3.96,0.4832000000000001,3.96,0.4832000000000001,3.96,0.04832,3.96,0.4832000000000001,3.96
0.4847999999999999,4.0,0.4847999999999999,4.0,0.4847999999999999,4.0,0.04848000000000002,4.0,0.4847999999999999,3.96
0.48640000000000017,4.0,0.48640000000000017,4.0,0.48640000000000017,4.0,0.04864000000000002,3.96,0.48640000000000017,3.96
0.488,3.96,0.488,3.96,0.488,3.96,0.04880000000000001,3.96,0.488,3.96
0.4895999999999998,3.96,0.4895999999999998,3.96,0.4895999999999998,3.96,0.048960000000000004,3.96,0.4895999999999998,3.96
0.4912000000000001,3.96,0.4912000000000001,3.96,0.4912000000000001,3.96,0.049120000000000025,3.96,0.4912000000000001,4.0
0.4927999999999999,3.96,0.4927999999999999,3.96,0.4927999999999999,3.96,0.04928000000000002,4.0,0.4927999999999999,4.0
0.4944000000000002,3.96,0.4944000000000002,3.96,0.4944000000000002,3.96,0.04944000000000001,4.0,0.4944000000000002,3.96
0.496,3.96,0.496,3.96,0.496,3.96,0.049600000000000005,3.96,0.496,4.0
0.4975999999999998,3.96,0.4975999999999998,3.96,0.4975999999999998,3.96,0.049760000000000026,3.96,0.4975999999999998,3.96
0.4992000000000001,4.0,0.4992000000000001,4.0,0.4992000000000001,4.0,0.04992000000000002,4.0,0.4992000000000001,3.96
0.5007999999999999,3.96,0.5007999999999999,3.96,0.5007999999999999,3.96,0.05008000000000001,4.0,0.5007999999999999,3.96
0.5024000000000002,4.0,0.5024000000000002,4.0,0.5024000000000002,4.0,0.05024000000000001,3.96,0.5024000000000002,3.96
0.504,3.96,0.504,3.96,0.504,3.96,0.0504,0.04,0.504,0.04
0.5055999999999998,0.04,0.5055999999999998,0.04,0.5055999999999998,0.04,0.05056000000000002,0.04,0.5055999999999998,0.0
0.5072000000000001,0.0,0.5072000000000001,0.0,0.5072000000000001,0.0,0.050720000000000015,0.04,0.5072000000000001,0.0
0.5087999999999999,0.04,0.5087999999999999,0.04,0.5087999999999999,0.04,0.05088000000000001,0.0,0.5087999999999999,0.04
0.5104000000000002,0.0,0.5104000000000002,0.0,0.5104000000000002,0.0,0.05104,0.04,0.5104000000000002,0.0
0.512,0.0,0.512,0.0,0.512,0.0,0.05120000000000002,0.04,0.512,0.0
0.5135999999999998,0.0,0.5135999999999998,0.0,0.5135999999999998,0.0,0.05136000000000002,0.0,0.5135999999999998,0.0
0.5152000000000001,0.0,0.5152000000000001,0.0,0.5152000000000001,0.0,0.05152000000000001,0.04,0.5152000000000001,0.0
0.5167999999999999,0.0,0.5167999999999999,0.0,0.5167999999999999,0.0,0.051680000000000004,0.04,0.5167999999999999,0.04
0.5184000000000002,0.04,0.5184000000000002,0.04,0.5184000000000002,0.04,0.051840000000000025,0.04,0.5184000000000002,0.0
0.52,0.0,0.52,0.0,0.52,0.0,0.05200000000000002,0.04,0.52,0.0
0.5215999999999998,0.0,0.5215999999999998,0.0,0.5215999999999998,0.0,0.05216000000000001,0.04,0.5215999999999998,0.0
0.5232000000000001,0.0,0.5232000000000001,0.0,0.5232000000000001,0.0,0.052320000000000005,0.04,0.5232000000000001,0.04
0.5247999999999999,0.0,0.5247999999999999,0.0,0.5247999999999999,0.0,0.05248000000000003,0.0,0.5247999999999999,0.0
0.5264000000000002,0.0,0.5264000000000002,0.0,0.5264000000000002,0.0,0.05264000000000002,0.0,0.5264000000000002,0.0
0.528,0.0,0.528,0.0,0.528,0.0,0.052800000000000014,0.0,0.528,0.0
0.5295999999999998,0.0,0.5295999999999998,0.0,0.5295999999999998,0.0,0.05296000000000001,0.0,0.5295999999999998,0.0
0.5312000000000001,0.04,0.5312000000000001,0.04,0.5312000000000001,0.04,0.05312,0.0,0.5312000000000001,0.0
0.5327999999999999,0.04,0.5327999999999999,0.04,0.5327999999999999,0.04,0.05328000000000002,0.04,0.5327999999999999,0.04
0.5344000000000002,-0.04,0.5344000000000002,-0.04,0.5344000000000002,-0.04,0.053440000000000015,0.04,0.5344000000000002,0.0
0.536,0.0,0.536,0.0,0.536,0.0,0.05360000000000001,0.04,0.536,0.0
0.5375999999999999,0.0,0.5375999999999999,0.0,0.5375999999999999,0.0,0.05376,0.0,0.5375999999999999,0.04
0.5392000000000001,0.0,0.5392000000000001,0.0,0.5392000000000001,0.0,0.05392000000000002,0.04,0.5392000000000001,0.04
0.5408,0.0,0.5408,0.0,0.5408,0.0,0.05408000000000002,0.0,0.5408,0.0
0.5424000000000002,0.0,0.5424000000000002,0.0,0.5424000000000002,0.0,0.05424000000000001,0.0,0.5424000000000002,0.0
0.544,0.0,0.544,0.0,0.544,0.0,0.054400000000000004,0.04,0.544,0.0
0.5455999999999999,0.0,0.5455999999999999,0.0,0.5455999999999999,0.0,0.054560000000000025,0.0,0.5455999999999999,0.04
0.5472000000000001,0.04,0.5472000000000001,0.04,0.5472000000000001,0.04,0.05472000000000002,0.0,0.5472000000000001,0.0
0.5488,0.0,0.5488,0.0,0.5488,0.0,0.05488000000000001,0.04,0.5488,0.0
0.5504000000000002,0.04,0.5504000000000002,0.04,0.5504000000000002,0.04,0.055040000000000006,0.0,0.5504000000000002,0.0
0.552,0.0,0.552,0.0,0.552,0.0,0.05520000000000003,0.04,0.552,0.0
0.5535999999999999,0.0,0.5535999999999999,0.0,0.5535999999999999,0.0,0.05536000000000002,0.04,0.5535999999999999,0.04
0.5552000000000001,0.0,0.5552000000000001,0.0,0.5552000000000001,0.0,0.055520000000000014,0.04,0.5552000000000001,0.0
0.5568,0.0,0.5568,0.0,0.5568,0.0,0.05568000000000001,0.0,0.5568,0.04
0.5584000000000002,0.0,0.5584000000000002,0.0,0.5584000000000002,0.0,0.05584,0.04,0.5584000000000002,0.0
0.56,0.0,0.56,0.0,0.56,0.0,0.05600000000000002,0.04,0.56,0.0
0.5615999999999999,0.0,0.5615999999999999,0.0,0.5615999999999999,0.0,0.056160000000000015,0.0,0.5615999999999999,0.0
0.5632000000000001,0.0,0.5632000000000001,0.0,0.5632000000000001,0.0,0.05632000000000001,0.0,0.5632000000000001,0.0
0.5648,0.0,0.5648,0.0,0.5648,0.0,0.05648,0.0,0.5648,0.0
0.5664000000000002,0.04,0.5664000000000002,0.04,0.5664000000000002,0.04,0.056640000000000024,0.04,0.5664000000000002,0.04
0.5680000000000001,0.04,0.5680000000000001,0.04,0.5680000000000001,0.04,0.05680000000000002,0.0,0.5680000000000001,0.0
0.5695999999999999,0.04,0.5695999999999999,0.04,0.5695999999999999,0.04,0.05696000000000001,0.04,0.5695999999999999,0.04
0.5712000000000002,0.0,0.5712000000000002,0.0,0.5712000000000002,0.0,0.057120000000000004,0.04,0.5712000000000002,0.04
0.5728,0.0,0.5728,0.0,0.5728,0.0,0.057280000000000025,0.0,0.5728,0.0
0.5743999999999998,0.0,0.5743999999999998,0.0,0.5743999999999998,0.0,0.05744000000000002,0.0,0.5743999999999998,0.0
0.5760000000000001,0.0,0.5760000000000001,0.0,0.5760000000000001,0.0,0.05760000000000001,0.04,0.5760000000000001,0.0
0.5775999999999999,0.0,0.5775999999999999,0.0,0.5775999999999999,0.0,0.057760000000000006,0.04,0.5775999999999999,0.0
0.5792000000000002,0.0,0.5792000000000002,0.0,0.5792000000000002,0.0,0.05792000000000003,0.0,0.5792000000000002,0.0
0.5808,0.0,0.5808,0.0,0.5808,0.0,0.05808000000000002,0.0,0.5808,0.0
0.5823999999999998,0.0,0.5823999999999998,0.0,0.5823999999999998,0.0,0.058240000000000014,0.0,0.5823999999999998,0.0
0.5840000000000001,0.0,0.5840000000000001,0.0,0.5840000000000001,0.0,0.05840000000000001,0.0,0.5840000000000001,0.0
0.5855999999999999,0.0,0.5855999999999999,0.0,0.5855999999999999,0.0,0.05856,0.0,0.5855999999999999,0.0
0.5872000000000002,0.0,0.5872000000000002,0.0,0.5872000000000002,0.0,0.05872000000000002,0.04,0.5872000000000002,0.0
0.5888,0.0,0.5888,0.0,0.5888,0.0,0.058880000000000016,0.0,0.5888,0.0
0.5903999999999998,0.0,0.5903999999999998,0.0,0.5903999999999998,0.0,0.05904000000000001,0.04,0.5903999999999998,0.0
0.5920000000000001,0.04,0.5920000000000001,0.04,0.5920000000000001,0.04,0.0592,0.0,0.5920000000000001,0.0
0.5935999999999999,0.0,0.5935999999999999,0.0,0.5935999999999999,0.0,0.059360000000000024,0.0,0.5935999999999999,0.0
0.5952000000000002,0.0,0.5952000000000002,0.0,0.5952000000000002,0.0,0.05952000000000002,0.0,0.5952000000000002,0.0
0.5968,0.0,0.5968,0.0,0.5968,0.0,0.05968000000000001,0.0,0.5968,0.0
0.5983999999999998,0.0,0.5983999999999998,0.0,0.5983999999999998,0.0,0.059840000000000004,0.0,0.5983999999999998,0.0
0.6000000000000001,0.0,0.6000000000000001,0.0,0.6000000000000001,0.0,0.060000000000000026,0.0,0.6000000000000001,0.0
0.6015999999999999,0.0,0.6015999999999999,0.0,0.6015999999999999,0.0,0.06016000000000002,0.04,0.6015999999999999,0.0
0.6032000000000002,0.04,0.6032000000000002,0.04,0.6032000000000002,0.04,0.06032000000000001,0.0,0.6032000000000002,0.0
0.6048,0.04,0.6048,0.04,0.6048,0.04,0.060480000000000006,0.04,0.6048,0.04
0.6063999999999998,0.04,0.6063999999999998,0.04,0.6063999999999998,0.04,0.06064000000000003,0.04,0.6063999999999998,0.0
0.6080000000000001,0.0,0.6080000000000001,0.0,0.6080000000000001,0.0,0.06080000000000002,0.04,0.6080000000000001,0.0
0.6095999999999999,0.0,0.6095999999999999,0.0,0.6095999999999999,0.0,0.060960000000000014,0.04,0.6095999999999999,0.04
0.6112000000000002,0.0,0.6112000000000002,0.0,0.6112000000000002,0.0,0.06112000000000001,0.0,0.6112000000000002,0.0
0.6128,0.0,0.6128,0.0,0.6128,0.0,0.06128,0.04,0.6128,0.0
0.6143999999999998,0.0,0.6143999999999998,0.0,0.6143999999999998,0.0,0.06144000000000002,0.0,0.6143999999999998,0.0
0.6160000000000001,0.0,0.6160000000000001,0.0,0.6160000000000001,0.0,0.061600000000000016,0.04,0.6160000000000001,0.0
0.6175999999999999,0.0,0.6175999999999999,0.0,0.6175999999999999,0.0,0.06176000000000001,0.04,0.6175999999999999,0.04
0.6192000000000002,0.0,0.6192000000000002,0.0,0.6192000000000002,0.0,0.06192,0.0,0.6192000000000002,0.0
0.6208,0.0,0.6208,0.0,0.6208,0.0,0.062080000000000024,0.0,0.6208,0.0
0.6223999999999998,0.0,0.6223999999999998,0.0,0.6223999999999998,0.0,0.06224000000000002,0.0,0.6223999999999998,0.0
0.6240000000000001,0.0,0.6240000000000001,0.0,0.6240000000000001,0.0,0.06240000000000001,0.0,0.6240000000000001,0.0
0.6255999999999999,0.04,0.6255999999999999,0.04,0.6255999999999999,0.04,0.06256,0.0,0.6255999999999999,0.0
0.6272000000000002,0.04,0.6272000000000002,0.04,0.6272000000000002,0.04,0.06272000000000003,0.0,0.6272000000000002,0.0
0.6288,0.0,0.6288,0.0,0.6288,0.0,0.06288000000000002,0.0,0.6288,0.0
0.6303999999999998,0.0,0.6303999999999998,0.0,0.6303999999999998,0.0,0.06304000000000001,0.04,0.6303999999999998,0.0
0.6320000000000001,0.0,0.6320000000000001,0.0,0.6320000000000001,0.0,0.0632,0.04,0.6320000000000001,0.0
0.6335999999999999,0.0,0.6335999999999999,0.0,0.6335999999999999,0.0,0.06336000000000003,0.0,0.6335999999999999,0.0
0.6352000000000002,0.0,0.6352000000000002,0.0,0.6352000000000002,0.0,0.06352000000000002,0.04,0.6352000000000002,0.0
0.6368,0.0,0.6368,0.0,0.6368,0.0,0.06368000000000001,0.0,0.6368,0.0
0.6383999999999999,0.04,0.6383999999999999,0.04,0.6383999999999999,0.04,0.06384000000000001,0.04,0.6383999999999999,0.0
0.6400000000000001,0.0,0.6400000000000001,0.0,0.6400000000000001,0.0,0.064,0.0,0.6400000000000001,0.0
0.6416,0.0,0.6416,0.0,0.6416,0.0,0.06416000000000002,0.0,0.6416,0.0
0.6432000000000002,0.0,0.6432000000000002,0.0,0.6432000000000002,0.0,0.06432000000000002,0.0,0.6432000000000002,0.0
0.6448,0.0,0.6448,0.0,0.6448,0.0,0.06448000000000001,0.04,0.6448,0.0
0.6463999999999999,0.04,0.6463999999999999,0.04,0.6463999999999999,0.04,0.06464,0.0,0.6463999999999999,0.0
0.6480000000000001,0.04,0.6480000000000001,0.04,0.6480000000000001,0.04,0.06480000000000002,0.0,0.6480000000000001,0.0
0.6496,0.04,0.6496,0.04,0.6496,0.04,0.06496000000000002,0.04,0.6496,0.0
0.6512000000000002,0.0,0.6512000000000002,0.0,0.6512000000000002,0.0,0.06512000000000001,0.04,0.6512000000000002,0.0
0.6528,0.04,0.6528,0.04,0.6528,0.04,0.06528,0.04,0.6528,0.0
0.6543999999999999,0.0,0.6543999999999999,0.0,0.6543999999999999,0.0,0.06544000000000003,0.0,0.6543999999999999,0.0
0.6560000000000001,0.0,0.6560000000000001,0.0,0.6560000000000001,0.0,0.06560000000000002,0.0,0.6560000000000001,0.0
0.6576,0.04,0.6576,0.04,0.6576,0.04,0.06576000000000001,0.0,0.6576,0.04
0.6592000000000002,0.0,0.6592000000000002,0.0,0.6592000000000002,0.0,0.06592,0.04,0.6592000000000002,0.0
0.6608,0.0,0.6608,0.0,0.6608,0.0,0.06608000000000003,0.0,0.6608,0.04
0.6623999999999999,0.04,0.6623999999999999,0.04,0.6623999999999999,0.04,0.06624000000000002,0.0,0.6623999999999999,0.04
0.6640000000000001,0.0,0.6640000000000001,0.0,0.6640000000000001,0.0,0.06640000000000001,0.0,0.6640000000000001,0.0
0.6656,0.0,0.6656,0.0,0.6656,0.0,0.06656000000000001,0.0,0.6656,0.0
0.6672000000000002,0.0,0.6672000000000002,0.0,0.6672000000000002,0.0,0.06672,0.0,0.6672000000000002,0.0
0.6688000000000001,0.0,0.6688000000000001,0.0,0.6688000000000001,0.0,0.06688000000000002,0.0,0.6688000000000001,0.0
0.6703999999999999,0.0,0.6703999999999999,0.0,0.6703999999999999,0.0,0.06704000000000002,0.04,0.6703999999999999,0.04
0.6720000000000002,0.04,0.6720000000000002,0.04,0.6720000000000002,0.04,0.06720000000000001,0.0,0.6720000000000002,0.0
0.6736,0.0,0.6736,0.0,0.6736,0.0,0.06736,0.0,0.6736,0.0
0.6751999999999998,0.04,0.6751999999999998,0.04,0.6751999999999998,0.04,0.06752000000000002,0.0,0.6751999999999998,0.0
0.6768000000000001,0.04,0.6768000000000001,0.04,0.6768000000000001,0.04,0.06768000000000002,0.0,0.6768000000000001,0.0
0.6783999999999999,0.0,0.6783999999999999,0.0,0.6783999999999999,0.0,0.06784000000000001,0.0,0.6783999999999999,0.0
0.6800000000000002,0.0,0.6800000000000002,0.0,0.6800000000000002,0.0,0.068,0.04,0.6800000000000002,0.0
0.6816,0.0,0.6816,0.0,0.6816,0.0,0.06816000000000003,0.04,0.6816,0.0
0.6831999999999998,0.0,0.6831999999999998,0.0,0.6831999999999998,0.0,0.06832000000000002,0.04,0.6831999999999998,0.04
0.6848000000000001,0.0,0.6848000000000001,0.0,0.6848000000000001,0.0,0.06848000000000001,0.0,0.6848000000000001,0.0
0.6863999999999999,0.0,0.6863999999999999,0.0,0.6863999999999999,0.0,0.06864,0.04,0.6863999999999999,0.0
0.6880000000000002,0.0,0.6880000000000002,0.0,0.6880000000000002,0.0,0.06880000000000003,0.0,0.6880000000000002,0.04
0.6896,0.04,0.6896,0.04,0.6896,0.04,0.06896000000000002,0.04,0.6896,0.0
0.6911999999999998,0.0,0.6911999999999998,0.0,0.6911999999999998,0.0,0.06912000000000001,0.04,0.6911999999999998,0.0
0.6928000000000001,0.04,0.6928000000000001,0.04,0.6928000000000001,0.04,0.06928000000000001,0.04,0.6928000000000001,0.04
0.6943999999999999,0.0,0.6943999999999999,0.0,0.6943999999999999,0.0,0.06944,0.0,0.6943999999999999,0.0
0.6960000000000002,0.0,0.6960000000000002,0.0,0.6960000000000002,0.0,0.06960000000000002,0.0,0.6960000000000002,0.0
0.6976,0.0,0.6976,0.0,0.6976,0.0,0.06976000000000002,0.04,0.6976,0.0
0.6991999999999998,0.04,0.6991999999999998,0.04,0.6991999999999998,0.04,0.06992000000000001,0.04,0.6991999999999998,0.0
0.7008000000000001,0.0,0.7008000000000001,0.0,0.7008000000000001,0.0,0.07008,0.0,0.7008000000000001,0.04
0.7023999999999999,0.0,0.7023999999999999,0.0,0.7023999999999999,0.0,0.07024000000000002,0.04,0.7023999999999999,0.0
0.7040000000000002,0.0,0.7040000000000002,0.0,0.7040000000000002,0.0,0.07040000000000002,0.04,0.7040000000000002,0.0
0.7056,0.0,0.7056,0.0,0.7056,0.0,0.07056000000000001,0.0,0.7056,0.04
0.7071999999999998,0.0,0.7071999999999998,0.0,0.7071999999999998,0.0,0.07072,0.0,0.7071999999999998,0.04
0.7088000000000001,0.0,0.7088000000000001,0.0,0.7088000000000001,0.0,0.07088000000000003,0.0,0.7088000000000001,0.0
0.7103999999999999,0.04,0.7103999999999999,0.04,0.7103999999999999,0.04,0.07104000000000002,0.0,0.7103999999999999,0.0
0.7120000000000002,0.0,0.7120000000000002,0.0,0.7120000000000002,0.0,0.07120000000000001,0.0,0.7120000000000002,0.04
0.7136,0.0,0.7136,0.0,0.7136,0.0,0.07136,0.0,0.7136,0.0
0.7151999999999998,0.0,0.7151999999999998,0.0,0.7151999999999998,0.0,0.07152000000000003,0.0,0.7151999999999998,0.0
0.7168000000000001,0.0,0.7168000000000001,0.0,0.7168000000000001,0.0,0.07168000000000002,0.0,0.7168000000000001,0.04
0.7183999999999999,0.0,0.7183999999999999,0.0,0.7183999999999999,0.0,0.07184000000000001,0.0,0.7183999999999999,0.0
0.7200000000000002,0.0,0.7200000000000002,0.0,0.7200000000000002,0.0,0.07200000000000001,0.0,0.7200000000000002,0.0
0.7216,0.0,0.7216,0.0,0.7216,0.0,0.07216,0.04,0.7216,0.0
0.7231999999999998,0.0,0.7231999999999998,0.0,0.7231999999999998,0.0,0.07232000000000002,0.04,0.7231999999999998,0.04
0.7248000000000001,0.0,0.7248000000000001,0.0,0.7248000000000001,0.0,0.07248000000000002,0.0,0.7248000000000001,0.0
0.7263999999999999,0.0,0.7263999999999999,0.0,0.7263999999999999,0.0,0.07264000000000001,0.04,0.7263999999999999,0.0
0.7280000000000002,0.0,0.7280000000000002,0.0,0.7280000000000002,0.0,0.0728,0.0,0.7280000000000002,0.0
0.7296,0.04,0.7296,0.04,0.7296,0.04,0.07296000000000002,0.04,0.7296,0.0
0.7311999999999999,0.0,0.7311999999999999,0.0,0.7311999999999999,0.0,0.07312000000000002,0.0,0.7311999999999999,0.0
0.7328000000000001,0.0,0.7328000000000001,0.0,0.7328000000000001,0.0,0.07328000000000001,0.0,0.7328000000000001,0.04
0.7343999999999999,0.04,0.7343999999999999,0.04,0.7343999999999999,0.04,0.07344,0.0,0.7343999999999999,0.0
0.7360000000000002,0.0,0.7360000000000002,0.0,0.7360000000000002,0.0,0.07360000000000003,0.04,0.7360000000000002,0.0
0.7376,0.0,0.7376,0.0,0.7376,0.0,0.07376000000000002,0.0,0.7376,0.0
0.7391999999999999,0.04,0.7391999999999999,0.04,0.7391999999999999,0.04,0.07392000000000001,0.0,0.7391999999999999,0.0
0.7408000000000001,0.04,0.7408000000000001,0.04,0.7408000000000001,0.04,0.07408000000000001,0.0,0.7408000000000001,0.04
0.7424,0.04,0.7424,0.04,0.7424,0.04,0.07424000000000003,0.0,0.7424,0.0
0.7440000000000002,0.0,0.7440000000000002,0.0,0.7440000000000002,0.0,0.07440000000000002,0.04,0.7440000000000002,0.0
0.7456,0.0,0.7456,0.0,0.7456,0.0,0.07456000000000002,0.0,0.7456,0.0
0.7471999999999999,0.0,0.7471999999999999,0.0,0.7471999999999999,0.0,0.07472000000000001,0.0,0.7471999999999999,0.0
0.7488000000000001,0.0,0.7488000000000001,0.0,0.7488000000000001,0.0,0.07488,0.0,0.7488000000000001,0.04
0.7504,0.0,0.7504,0.0,0.7504,0.0,0.07504000000000002,0.0,0.7504,0.0
0.7520000000000002,0.0,0.7520000000000002,0.0,0.7520000000000002,0.0,0.07520000000000002,0.0,0.7520000000000002,0.0
0.7536,0.04,0.7536,0.04,0.7536,0.04,0.07536000000000001,0.0,0.7536,0.0
0.7551999999999999,0.0,0.7551999999999999,0.0,0.7551999999999999,0.0,0.07552,0.0,0.7551999999999999,0.0
0.7568000000000001,0.04,0.7568000000000001,0.04,0.7568000000000001,0.04,0.07568000000000003,0.0,0.7568000000000001,0.0
0.7584,0.0,0.7584,0.0,0.7584,0.0,0.07584000000000002,0.0,0.7584,0.0
0.7600000000000002,0.04,0.7600000000000002,0.04,0.7600000000000002,0.04,0.07600000000000001,0.0,0.7600000000000002,0.04
0.7616,0.0,0.7616,0.0,0.7616,0.0,0.07616,0.0,0.7616,0.0
0.7631999999999999,0.0,0.7631999999999999,0.0,0.7631999999999999,0.0,0.07632000000000003,0.0,0.7631999999999999,0.0
0.7648000000000001,0.0,0.7648000000000001,0.0,0.7648000000000001,0.0,0.07648000000000002,0.0,0.7648000000000001,0.0
0.7664,0.0,0.7664,0.0,0.7664,0.0,0.07664000000000001,0.0,0.7664,0.04
0.7680000000000002,0.0,0.7680000000000002,0.0,0.7680000000000002,0.0,0.07680000000000001,0.0,0.7680000000000002,0.0
0.7696000000000001,0.0,0.7696000000000001,0.0,0.7696000000000001,0.0,0.07696000000000003,0.04,0.7696000000000001,0.04
0.7711999999999999,0.04,0.7711999999999999,0.04,0.7711999999999999,0.04,0.07712000000000002,0.0,0.7711999999999999,0.0
0.7728000000000002,0.0,0.7728000000000002,0.0,0.7728000000000002,0.0,0.07728000000000002,0.0,0.7728000000000002,0.0
0.7744,0.0,0.7744,0.0,0.7744,0.0,0.07744000000000001,0.0,0.7744,0.04
0.7760000000000002,0.0,0.7760000000000002,0.0,0.7760000000000002,0.0,0.0776,0.0,0.7760000000000002,0.0
0.7776000000000001,0.0,0.7776000000000001,0.0,0.7776000000000001,0.0,0.07776000000000002,0.0,0.7776000000000001,0.0
0.7791999999999999,0.0,0.7791999999999999,0.0,0.7791999999999999,0.0,0.07792000000000002,0.0,0.7791999999999999,0.0
0.7808000000000002,0.0,0.7808000000000002,0.0,0.7808000000000002,0.0,0.07808000000000001,0.0,0.7808000000000002,0.04
0.7824,0.0,0.7824,0.0,0.7824,0.0,0.07824,0.04,0.7824,0.04
0.7839999999999998,0.0,0.7839999999999998,0.0,0.7839999999999998,0.0,0.07840000000000003,0.04,0.7839999999999998,0.0
0.7856000000000001,0.04,0.7856000000000001,0.04,0.7856000000000001,0.04,0.07856000000000002,0.0,0.7856000000000001,0.0
0.7871999999999999,0.0,0.7871999999999999,0.0,0.7871999999999999,0.0,0.07872000000000001,0.04,0.7871999999999999,0.04
0.7888000000000002,0.0,0.7888000000000002,0.0,0.7888000000000002,0.0,0.07888,0.04,0.7888000000000002,0.04
0.7904,0.0,0.7904,0.0,0.7904,0.0,0.07904000000000003,0.0,0.7904,0.0
0.7919999999999998,0.0,0.7919999999999998,0.0,0.7919999999999998,0.0,0.07920000000000002,0.0,0.7919999999999998,0.0
0.7936000000000001,0.0,0.7936000000000001,0.0,0.7936000000000001,0.0,0.07936000000000001,0.0,0.7936000000000001,0.0
0.7951999999999999,0.0,0.7951999999999999,0.0,0.7951999999999999,0.0,0.07952000000000001,0.0,0.7951999999999999,0.0
0.7968000000000002,0.0,0.7968000000000002,0.0,0.7968000000000002,0.0,0.07968000000000003,0.0,0.7968000000000002,0.0
0.7984,0.0,0.7984,0.0,0.7984,0.0,0.07984000000000002,0.0,0.7984,0.0
0.7999999999999998,0.0,0.7999999999999998,0.0,0.7999999999999998,0.0,0.08000000000000002,0.04,0.7999999999999998,0.04
0.8016000000000001,0.0,0.8016000000000001,0.0,0.8016000000000001,0.0,0.08016000000000001,0.0,0.8016000000000001,0.0
0.8031999999999999,0.0,0.8031999999999999,0.0,0.8031999999999999,0.0,0.08032,0.04,0.8031999999999999,0.0
0.8048000000000002,0.0,0.8048000000000002,0.0,0.8048000000000002,0.0,0.08048000000000002,0.04,0.8048000000000002,0.0
0.8064,0.0,0.8064,0.0,0.8064,0.0,0.08064000000000002,0.04,0.8064,0.0
0.8079999999999998,0.0,0.8079999999999998,0.0,0.8079999999999998,0.0,0.08080000000000001,0.0,0.8079999999999998,0.0
0.8096000000000001,0.0,0.8096000000000001,0.0,0.8096000000000001,0.0,0.08096,0.04,0.8096000000000001,0.0
0.8111999999999999,0.04,0.8111999999999999,0.04,0.8111999999999999,0.04,0.08112000000000003,0.04,0.8111999999999999,0.04
0.8128000000000002,0.0,0.8128000000000002,0.0,0.8128000000000002,0.0,0.08128000000000002,0.0,0.8128000000000002,0.04
0.8144,0.0,0.8144,0.0,0.8144,0.0,0.08144000000000001,0.0,0.8144,0.04
0.8159999999999998,0.0,0.8159999999999998,0.0,0.8159999999999998,0.0,0.0816,0.0,0.8159999999999998,0.0
0.8176000000000001,0.0,0.8176000000000001,0.0,0.8176000000000001,0.0,0.08176000000000003,0.04,0.8176000000000001,0.04
0.8191999999999999,0.0,0.8191999999999999,0.0,0.8191999999999999,0.0,0.08192000000000002,0.04,0.8191999999999999,0.04
0.8208000000000002,0.04,0.8208000000000002,0.04,0.8208000000000002,0.04,0.08208000000000001,0.04,0.8208000000000002,0.0
0.8224,0.0,0.8224,0.0,0.8224,0.0,0.08224000000000001,0.04,0.8224,0.0
0.8239999999999998,0.0,0.8239999999999998,0.0,0.8239999999999998,0.0,0.08240000000000003,0.0,0.8239999999999998,0.0
0.8256000000000001,0.04,0.8256000000000001,0.04,0.8256000000000001,0.04,0.08256000000000002,0.0,0.8256000000000001,0.0
0.8271999999999999,0.0,0.8271999999999999,0.0,0.8271999999999999,0.0,0.08272000000000002,0.04,0.8271999999999999,0.0
0.8288000000000002,0.0,0.8288000000000002,0.0,0.8288000000000002,0.0,0.08288000000000001,0.0,0.8288000000000002,0.0
0.8304,0.0,0.8304,0.0,0.8304,0.0,0.08304,0.0,0.8304,0.04
0.8319999999999999,0.04,0.8319999999999999,0.04,0.8319999999999999,0.04,0.08320000000000002,0.0,0.8319999999999999,0.0
0.8336000000000001,0.0,0.8336000000000001,0.0,0.8336000000000001,0.0,0.08336000000000002,0.0,0.8336000000000001,0.04
0.8351999999999999,0.0,0.8351999999999999,0.0,0.8351999999999999,0.0,0.08352000000000001,0.0,0.8351999999999999,0.0
0.8368000000000002,0.0,0.8368000000000002,0.0,0.8368000000000002,0.0,0.08368,0.04,0.8368000000000002,0.0
0.8384,0.0,0.8384,0.0,0.8384,0.0,0.08384000000000003,0.0,0.8384,0.0
0.8399999999999999,0.0,0.8399999999999999,0.0,0.8399999999999999,0.0,0.08400000000000002,0.0,0.8399999999999999,0.0
0.8416000000000001,0.0,0.8416000000000001,0.0,0.8416000000000001,0.0,0.08416000000000001,0.0,0.8416000000000001,0.0
0.8432,0.0,0.8432,0.0,0.8432,0.0,0.08432,0.04,0.8432,0.0
0.8448000000000002,0.0,0.8448000000000002,0.0,0.8448000000000002,0.0,0.08448000000000003,0.0,0.8448000000000002,0.0
0.8464,0.0,0.8464,0.0,0.8464,0.0,0.08464000000000002,0.0,0.8464,0.0
0.8479999999999999,0.0,0.8479999999999999,0.0,0.8479999999999999,0.0,0.08480000000000001,0.0,0.8479999999999999,0.0
0.8496000000000001,0.0,0.8496000000000001,0.0,0.8496000000000001,0.0,0.08496000000000001,0.0,0.8496000000000001,0.0
0.8512,0.04,0.8512,0.04,0.8512,0.04,0.08512000000000003,0.0,0.8512,0.0
0.8528000000000002,0.0,0.8528000000000002,0.0,0.8528000000000002,0.0,0.08528000000000002,0.0,0.8528000000000002,0.0
0.8544,0.0,0.8544,0.0,0.8544,0.0,0.08544000000000002,0.0,0.8544,0.0
0.8559999999999999,0.0,0.8559999999999999,0.0,0.8559999999999999,0.0,0.08560000000000001,0.0,0.8559999999999999,0.0
0.8576000000000001,0.0,0.8576000000000001,0.0,0.8576000000000001,0.0,0.08576000000000003,0.04,0.8576000000000001,0.0
0.8592,0.0,0.8592,0.0,0.8592,0.0,0.08592000000000002,0.0,0.8592,0.04
0.8608000000000002,0.0,0.8608000000000002,0.0,0.8608000000000002,0.0,0.08608000000000002,0.0,0.8608000000000002,0.0
0.8624,0.04,0.8624,0.04,0.8624,0.04,0.08624000000000001,0.0,0.8624,0.0
0.8639999999999999,0.04,0.8639999999999999,0.04,0.8639999999999999,0.04,0.0864,0.0,0.8639999999999999,0.0
0.8656000000000001,0.0,0.8656000000000001,0.0,0.8656000000000001,0.0,0.08656000000000003,0.04,0.8656000000000001,0.0
0.8672,0.0,0.8672,0.0,0.8672,0.0,0.08672000000000002,0.0,0.8672,0.0
0.8688000000000002,0.0,0.8688000000000002,0.0,0.8688000000000002,0.0,0.08688000000000001,0.04,0.8688000000000002,0.0
0.8704000000000001,0.0,0.8704000000000001,0.0,0.8704000000000001,0.0,0.08704,0.04,0.8704000000000001,0.0
0.8719999999999999,0.0,0.8719999999999999,0.0,0.8719999999999999,0.0,0.08720000000000003,0.0,0.8719999999999999,0.0
0.8736000000000002,0.0,0.8736000000000002,0.0,0.8736000000000002,0.0,0.08736000000000002,0.04,0.8736000000000002,0.0
0.8752,0.0,0.8752,0.0,0.8752,0.0,0.08752000000000001,0.0,0.8752,0.0
0.8768000000000002,0.0,0.8768000000000002,0.0,0.8768000000000002,0.0,0.08768000000000001,0.0,0.8768000000000002,0.0
0.8784000000000001,0.0,0.8784000000000001,0.0,0.8784000000000001,0.0,0.08784000000000003,0.04,0.8784000000000001,0.0
0.8799999999999999,0.0,0.8799999999999999,0.0,0.8799999999999999,0.0,0.08800000000000002,0.04,0.8799999999999999,0.04
0.8816000000000002,0.0,0.8816000000000002,0.0,0.8816000000000002,0.0,0.08816000000000002,0.0,0.8816000000000002,0.0
0.8832,0.0,0.8832,0.0,0.8832,0.0,0.08832000000000001,0.0,0.8832,0.0
0.8847999999999998,0.04,0.8847999999999998,0.04,0.8847999999999998,0.04,0.08848000000000003,0.0,0.8847999999999998,0.0
0.8864000000000001,0.0,0.8864000000000001,0.0,0.8864000000000001,0.0,0.08864000000000002,0.0,0.8864000000000001,0.0
0.8879999999999999,0.0,0.8879999999999999,0.0,0.8879999999999999,0.0,0.08880000000000002,0.04,0.8879999999999999,0.0
0.8896000000000002,0.0,0.8896000000000002,0.0,0.8896000000000002,0.0,0.08896000000000001,0.0,0.8896000000000002,0.04
0.8912,0.0,0.8912,0.0,0.8912,0.0,0.08912,0.0,0.8912,0.0
0.8927999999999998,0.0,0.8927999999999998,0.0,0.8927999999999998,0.0,0.08928000000000003,0.0,0.8927999999999998,0.0
0.8944000000000001,0.0,0.8944000000000001,0.0,0.8944000000000001,0.0,0.08944000000000002,0.0,0.8944000000000001,0.04
0.8959999999999999,0.0,0.8959999999999999,0.0,0.8959999999999999,0.0,0.08960000000000001,0.0,0.8959999999999999,0.04
0.8976000000000002,0.0,0.8976000000000002,0.0,0.8976000000000002,0.0,0.08976,0.0,0.8976000000000002,0.04
0.8992,0.0,0.8992,0.0,0.8992,0.0,0.08992000000000003,0.0,0.8992,0.0
0.9007999999999998,0.0,0.9007999999999998,0.0,0.9007999999999998,0.0,0.09008000000000002,0.0,0.9007999999999998,0.0
0.9024000000000001,0.0,0.9024000000000001,0.0,0.9024000000000001,0.0,0.09024000000000001,0.0,0.9024000000000001,0.0
0.9039999999999999,0.0,0.9039999999999999,0.0,0.9039999999999999,0.0,0.09040000000000001,0.0,0.9039999999999999,0.0
0.9056000000000002,0.0,0.9056000000000002,0.0,0.9056000000000002,0.0,0.09056,0.0,0.9056000000000002,0.0
0.9072,0.0,0.9072,0.0,0.9072,0.0,0.09072,0.04,0.9072,0.0
0.9087999999999998,0.04,0.9087999999999998,0.04,0.9087999999999998,0.04,0.09088000000000004,0.0,0.9087999999999998,0.0
0.9104000000000001,0.0,0.9104000000000001,0.0,0.9104000000000001,0.0,0.09104000000000004,0.0,0.9104000000000001,0.0
0.9119999999999999,0.0,0.9119999999999999,0.0,0.9119999999999999,0.0,0.09120000000000003,0.04,0.9119999999999999,0.0
0.9136000000000002,0.04,0.9136000000000002,0.04,0.9136000000000002,0.04,0.09136000000000002,0.0,0.9136000000000002,0.0
0.9152,0.0,0.9152,0.0,0.9152,0.0,0.09152000000000002,0.0,0.9152,0.0
0.9167999999999998,0.0,0.9167999999999998,0.0,0.9167999999999998,0.0,0.09168000000000001,0.0,0.9167999999999998,0.04
0.9184000000000001,0.0,0.9184000000000001,0.0,0.9184000000000001,0.0,0.09184,0.04,0.9184000000000001,0.0
0.9199999999999999,0.0,0.9199999999999999,0.0,0.9199999999999999,0.0,0.092,0.04,0.9199999999999999,0.04
0.9216000000000002,0.0,0.9216000000000002,0.0,0.9216000000000002,0.0,0.09215999999999999,0.04,0.9216000000000002,0.0
0.9232,0.0,0.9232,0.0,0.9232,0.0,0.09232000000000004,0.04,0.9232,0.0
0.9247999999999998,0.0,0.9247999999999998,0.0,0.9247999999999998,0.0,0.09248000000000003,0.0,0.9247999999999998,0.0
0.9264000000000001,0.0,0.9264000000000001,0.0,0.9264000000000001,0.0,0.09264000000000003,0.04,0.9264000000000001,0.0
0.9279999999999999,0.0,0.9279999999999999,0.0,0.9279999999999999,0.0,0.09280000000000002,0.0,0.9279999999999999,0.0
0.9296000000000002,0.0,0.9296000000000002,0.0,0.9296000000000002,0.0,0.09296000000000001,0.0,0.9296000000000002,0.04
0.9312,0.0,0.9312,0.0,0.9312,0.0,0.09312000000000001,0.0,0.9312,0.0
0.9327999999999999,0.0,0.9327999999999999,0.0,0.9327999999999999,0.0,0.09328,0.0,0.9327999999999999,0.04
0.9344000000000001,0.0,0.9344000000000001,0.0,0.9344000000000001,0.0,0.09344,0.04,0.9344000000000001,0.0
0.9359999999999999,0.0,0.9359999999999999,0.0,0.9359999999999999,0.0,0.09360000000000004,0.04,0.9359999999999999,0.0
0.9376000000000002,0.0,0.9376000000000002,0.0,0.9376000000000002,0.0,0.09376000000000004,0.0,0.9376000000000002,0.0
0.9392,0.0,0.9392,0.0,0.9392,0.0,0.09392000000000003,0.0,0.9392,0.0
0.9407999999999999,0.0,0.9407999999999999,0.0,0.9407999999999999,0.0,0.09408000000000002,0.0,0.9407999999999999,0.04
0.9424000000000001,0.0,0.9424000000000001,0.0,0.9424000000000001,0.0,0.09424000000000002,0.0,0.9424000000000001,0.0
0.944,0.0,0.944,0.0,0.944,0.0,0.09440000000000001,0.04,0.944,0.0
0.9456000000000002,0.04,0.9456000000000002,0.04,0.9456000000000002,0.04,0.09456,0.0,0.9456000000000002,0.0
0.9472,0.04,0.9472,0.04,0.9472,0.04,0.09472,0.0,0.9472,0.0
0.9487999999999999,0.0,0.9487999999999999,0.0,0.9487999999999999,0.0,0.09487999999999999,0.0,0.9487999999999999,0.0
0.9504000000000001,0.0,0.9504000000000001,0.0,0.9504000000000001,0.0,0.09504000000000004,0.0,0.9504000000000001,0.04
0.952,0.0,0.952,0.0,0.952,0.0,0.09520000000000003,0.04,0.952,0.0
0.9536000000000002,0.0,0.9536000000000002,0.0,0.9536000000000002,0.0,0.09536000000000003,0.0,0.9536000000000002,0.0
0.9552,0.0,0.9552,0.0,0.9552,0.0,0.09552000000000002,0.0,0.9552,0.04
0.9567999999999999,0.0,0.9567999999999999,0.0,0.9567999999999999,0.0,0.09568000000000002,0.0,0.9567999999999999,0.0
0.9584000000000001,0.04,0.9584000000000001,0.04,0.9584000000000001,0.04,0.09584000000000001,0.04,0.9584000000000001,0.0
0.96,0.0,0.96,0.0,0.96,0.0,0.096,0.04,0.96,0.0
0.9616000000000002,0.0,0.9616000000000002,0.0,0.9616000000000002,0.0,0.09616,0.04,0.9616000000000002,0.0
0.9632000000000001,0.0,0.9632000000000001,0.0,0.9632000000000001,0.0,0.09632000000000004,0.0,0.9632000000000001,0.04
0.9647999999999999,0.0,0.9647999999999999,0.0,0.9647999999999999,0.0,0.09648000000000004,0.0,0.9647999999999999,0.0
0.9664000000000001,0.0,0.9664000000000001,0.0,0.9664000000000001,0.0,0.09664000000000003,0.0,0.9664000000000001,0.0
0.968,0.0,0.968,0.0,0.968,0.0,0.09680000000000002,0.0,0.968,0.0
0.9696000000000002,0.0,0.9696000000000002,0.0,0.9696000000000002,0.0,0.09696000000000002,0.04,0.9696000000000002,0.0
0.9712000000000001,0.04,0.9712000000000001,0.04,0.9712000000000001,0.04,0.09712000000000001,0.0,0.9712000000000001,0.0
0.9727999999999999,0.0,0.9727999999999999,0.0,0.9727999999999999,0.0,0.09728,0.0,0.9727999999999999,0.04
0.9744000000000002,0.0,0.9744000000000002,0.0,0.9744000000000002,0.0,0.09744,0.0,0.9744000000000002,0.0
0.976,0.0,0.976,0.0,0.976,0.0,0.09759999999999999,0.0,0.976,0.0
0.9776000000000002,0.0,0.9776000000000002,0.0,0.9776000000000002,0.0,0.09776000000000004,0.0,0.9776000000000002,0.0
0.9792000000000001,0.04,0.9792000000000001,0.04,0.9792000000000001,0.04,0.09792000000000003,0.0,0.9792000000000001,0.0
0.9807999999999999,0.0,0.9807999999999999,0.0,0.9807999999999999,0.0,0.09808000000000003,0.0,0.9807999999999999,0.04
0.9824000000000002,0.0,0.9824000000000002,0.0,0.9824000000000002,0.0,0.09824000000000002,0.0,0.9824000000000002,0.04
0.984,0.0,0.984,0.0,0.984,0.0,0.09840000000000002,0.0,0.984,0.04
0.9856000000000003,0.0,0.9856000000000003,0.0,0.9856000000000003,0.0,0.09856000000000001,0.0,0.9856000000000003,0.04
0.9872000000000001,0.0,0.9872000000000001,0.0,0.9872000000000001,0.0,0.09872,0.0,0.9872000000000001,0.0
0.9887999999999999,0.0,0.9887999999999999,0.0,0.9887999999999999,0.0,0.09888,0.0,0.9887999999999999,0.04
0.9904000000000002,0.0,0.9904000000000002,0.0,0.9904000000000002,0.0,0.09904000000000004,0.0,0.9904000000000002,0.0
0.992,0.0,0.992,0.0,0.992,0.0,0.09920000000000004,0.0,0.992,0.0
0.9935999999999998,0.0,0.9935999999999998,0.0,0.9935999999999998,0.0,0.09936000000000003,0.0,0.9935999999999998,0.0
0.9952000000000001,0.0,0.9952000000000001,0.0,0.9952000000000001,0.0,0.09952000000000003,0.0,0.9952000000000001,0.0
0.9967999999999999,0.0,0.9967999999999999,0.0,0.9967999999999999,0.0,0.09968000000000002,0.04,0.9967999999999999,0.0
0.9984000000000002,0.0,0.9984000000000002,0.0,0.9984000000000002,0.0,0.09984000000000001,0.04,0.9984000000000002,0.0
1.0,0.0,1.0,0.0,1.0,0.0,0.1,0.0,1.0,0.0
1.0015999999999998,0.0,1.0015999999999998,0.0,1.0015999999999998,0.0,0.10016,0.04,1.0015999999999998,0.04
1.0032,0.0,1.0032,0.0,1.0032,0.0,0.10031999999999999,0.0,1.0032,0.0
1.0048,0.0,1.0048,0.0,1.0048,0.0,0.10048000000000004,0.0,1.0048,0.0
1.0064000000000002,0.0,1.0064000000000002,0.0,1.0064000000000002,0.0,0.10064000000000003,0.04,1.0064000000000002,0.04
1.008,0.0,1.008,0.0,1.008,0.0,0.10080000000000003,0.0,1.008,0.04
1.0095999999999998,3.96,1.0095999999999998,3.96,1.0095999999999998,3.96,0.10096000000000002,3.92,1.0095999999999998,3.96
1.0112,3.96,1.0112,3.96,1.0112,3.96,0.10112000000000002,3.96,1.0112,3.96
1.0128,3.96,1.0128,3.96,1.0128,3.96,0.10128000000000001,3.96,1.0128,4.0
1.0144000000000002,3.96,1.0144000000000002,3.96,1.0144000000000002,3.96,0.10144,3.96,1.0144000000000002,3.96
1.016,3.96,1.016,3.96,1.016,3.96,0.1016,3.96,1.016,3.96
1.0175999999999998,4.0,1.0175999999999998,4.0,1.0175999999999998,4.0,0.10176000000000004,3.96,1.0175999999999998,3.96
1.0192,3.96,1.0192,3.96,1.0192,3.96,0.10192000000000004,3.96,1.0192,3.96
1.0208,3.96,1.0208,3.96,1.0208,3.96,0.10208000000000003,3.96,1.0208,3.96
1.0224000000000002,3.96,1.0224000000000002,3.96,1.0224000000000002,3.96,0.10224000000000003,3.96,1.0224000000000002,3.96
1.024,3.96,1.024,3.96,1.024,3.96,0.10240000000000002,3.92,1.024,3.96
1.0255999999999998,3.96,1.0255999999999998,3.96,1.0255999999999998,3.96,0.10256000000000001,3.96,1.0255999999999998,3.96
1.0272000000000001,4.0,1.0272000000000001,4.0,1.0272000000000001,4.0,0.10272,3.96,1.0272000000000001,4.0
1.0288,3.96,1.0288,3.96,1.0288,3.96,0.10288,3.96,1.0288,3.96
1.0304000000000002,3.96,1.0304000000000002,3.96,1.0304000000000002,3.96,0.10303999999999999,3.96,1.0304000000000002,4.0
1.032,3.96,1.032,3.96,1.032,3.96,0.10320000000000004,3.96,1.032,3.96
1.0335999999999999,4.0,1.0335999999999999,4.0,1.0335999999999999,4.0,0.10336000000000004,3.96,1.0335999999999999,4.0
1.0352000000000001,4.0,1.0352000000000001,4.0,1.0352000000000001,4.0,0.10352000000000003,3.96,1.0352000000000001,3.96
1.0368,3.96,1.0368,3.96,1.0368,3.96,0.10368000000000002,3.96,1.0368,3.96
1.0384000000000002,4.0,1.0384000000000002,4.0,1.0384000000000002,4.0,0.10384000000000002,4.0,1.0384000000000002,3.96
1.04,3.96,1.04,3.96,1.04,3.96,0.10400000000000001,3.96,1.04,4.0
1.0415999999999999,3.96,1.0415999999999999,3.96,1.0415999999999999,3.96,0.10416,3.96,1.0415999999999999,4.0
1.0432000000000001,3.96,1.0432000000000001,3.96,1.0432000000000001,3.96,0.10432,3.96,1.0432000000000001,4.0
1.0448,3.96,1.0448,3.96,1.0448,3.96,0.10448000000000005,3.96,1.0448,3.96
1.0464000000000002,4.0,1.0464000000000002,4.0,1.0464000000000002,4.0,0.10464000000000004,3.96,1.0464000000000002,4.0
1.048,4.0,1.048,4.0,1.048,4.0,0.10480000000000003,3.96,1.048,4.0
1.0495999999999999,3.96,1.0495999999999999,3.96,1.0495999999999999,3.96,0.10496000000000003,3.96,1.0495999999999999,4.0
1.0512000000000001,4.0,1.0512000000000001,4.0,1.0512000000000001,4.0,0.10512000000000002,3.96,1.0512000000000001,3.96
1.0528,3.96,1.0528,3.96,1.0528,3.96,0.10528000000000001,4.0,1.0528,4.0
1.0544000000000002,4.0,1.0544000000000002,4.0,1.0544000000000002,4.0,0.10544,3.96,1.0544000000000002,3.96
1.056,3.96,1.056,3.96,1.056,3.96,0.1056,3.96,1.056,4.0
1.0575999999999999,3.96,1.0575999999999999,3.96,1.0575999999999999,3.96,0.10575999999999999,3.96,1.0575999999999999,3.96
1.0592000000000001,3.96,1.0592000000000001,3.96,1.0592000000000001,3.96,0.10592000000000004,4.0,1.0592000000000001,3.96
1.0608,4.04,1.0608,4.04,1.0608,4.04,0.10608000000000004,3.96,1.0608,3.96
1.0624000000000002,4.0,1.0624000000000002,4.0,1.0624000000000002,4.0,0.10624000000000003,3.96,1.0624000000000002,4.0
1.064,3.96,1.064,3.96,1.064,3.96,0.10640000000000002,3.96,1.064,3.96
1.0655999999999999,3.96,1.0655999999999999,3.96,1.0655999999999999,3.96,0.10656000000000002,3.96,1.0655999999999999,4.0
1.0672000000000001,3.96,1.0672000000000001,3.96,1.0672000000000001,3.96,0.10672000000000001,3.96,1.0672000000000001,4.0
1.0688,3.96,1.0688,3.96,1.0688,3.96,0.10688,3.96,1.0688,4.0
1.0704000000000002,3.96,1.0704000000000002,3.96,1.0704000000000002,3.96,0.10704,3.96,1.0704000000000002,4.0
1.072,3.96,1.072,3.96,1.072,3.96,0.10720000000000005,3.96,1.072,4.0
1.0735999999999999,3.96,1.0735999999999999,3.96,1.0735999999999999,3.96,0.10736000000000004,3.96,1.0735999999999999,3.96
1.0752000000000002,3.96,1.0752000000000002,3.96,1.0752000000000002,3.96,0.10752000000000003,3.96,1.0752000000000002,3.96
1.0768,3.96,1.0768,3.96,1.0768,3.96,0.10768000000000003,3.96,1.0768,4.0
1.0784000000000002,3.96,1.0784000000000002,3.96,1.0784000000000002,3.96,0.10784000000000002,3.96,1.0784000000000002,3.96
1.08,3.96,1.08,3.96,1.08,3.96,0.10800000000000001,4.0,1.08,3.96
1.0816,3.96,1.0816,3.96,1.0816,3.96,0.10816,3.96,1.0816,3.96
1.0832000000000002,4.0,1.0832000000000002,4.0,1.0832000000000002,4.0,0.10832,3.96,1.0832000000000002,3.96
1.0848,4.0,1.0848,4.0,1.0848,4.0,0.10848,4.0,1.0848,3.96
1.0864000000000003,3.96,1.0864000000000003,3.96,1.0864000000000003,3.96,0.10864000000000004,4.0,1.0864000000000003,4.0
1.088,3.96,1.088,3.96,1.088,3.96,0.10880000000000004,3.96,1.088,3.96
1.0896,3.96,1.0896,3.96,1.0896,3.96,0.10896000000000003,3.96,1.0896,4.0
1.0912000000000002,4.0,1.0912000000000002,4.0,1.0912000000000002,4.0,0.10912000000000002,4.0,1.0912000000000002,3.96
1.0928,4.0,1.0928,4.0,1.0928,4.0,0.10928000000000002,3.96,1.0928,3.96
1.0944000000000003,3.96,1.0944000000000003,3.96,1.0944000000000003,3.96,0.10944000000000001,3.96,1.0944000000000003,3.96
1.096,3.96,1.096,3.96,1.096,3.96,0.1096,4.0,1.096,3.96
1.0976,3.96,1.0976,3.96,1.0976,3.96,0.10976,4.0,1.0976,4.0
1.0992000000000002,3.96,1.0992000000000002,3.96,1.0992000000000002,3.96,0.10992000000000005,4.0,1.0992000000000002,4.0
1.1008,3.96,1.1008,3.96,1.1008,3.96,0.11008000000000004,3.96,1.1008,3.96
1.1023999999999998,4.0,1.1023999999999998,4.0,1.1023999999999998,4.0,0.11024000000000003,4.0,1.1023999999999998,3.96
1.104,3.96,1.104,3.96,1.104,3.96,0.11040000000000003,4.0,1.104,3.96
1.1056,3.96,1.1056,3.96,1.1056,3.96,0.11056000000000002,3.96,1.1056,4.0
1.1072000000000002,4.0,1.1072000000000002,4.0,1.1072000000000002,4.0,0.11072000000000001,3.96,1.1072000000000002,3.96
1.1088,3.96,1.1088,3.96,1.1088,3.96,0.11088,3.96,1.1088,4.0
1.1103999999999998,3.96,1.1103999999999998,3.96,1.1103999999999998,3.96,0.11104,3.96,1.1103999999999998,3.96
1.112,3.96,1.112,3.96,1.112,3.96,0.1112,3.96,1.112,3.96
1.1136,3.96,1.1136,3.96,1.1136,3.96,0.11136000000000004,3.96,1.1136,3.96
1.1152000000000002,4.0,1.1152000000000002,4.0,1.1152000000000002,4.0,0.11152000000000004,4.0,1.1152000000000002,3.96
1.1168,3.96,1.1168,3.96,1.1168,3.96,0.11168000000000003,4.0,1.1168,3.96
1.1183999999999998,4.0,1.1183999999999998,4.0,1.1183999999999998,4.0,0.11184000000000002,3.96,1.1183999999999998,3.96
1.12,4.0,1.12,4.0,1.12,4.0,0.11200000000000002,4.0,1.12,3.96
1.1216,3.96,1.1216,3.96,1.1216,3.96,0.11216000000000001,4.0,1.1216,4.0
1.1232000000000002,4.0,1.1232000000000002,4.0,1.1232000000000002,4.0,0.11232,4.0,1.1232000000000002,3.96
1.1248,3.96,1.1248,3.96,1.1248,3.96,0.11248,4.0,1.1248,4.0
1.1263999999999998,3.96,1.1263999999999998,3.96,1.1263999999999998,3.96,0.11264000000000005,4.0,1.1263999999999998,4.0
1.1280000000000001,3.96,1.1280000000000001,3.96,1.1280000000000001,3.96,0.11280000000000004,3.96,1.1280000000000001,4.0
1.1296,3.96,1.1296,3.96,1.1296,3.96,0.11296000000000003,3.96,1.1296,4.0
1.1312000000000002,3.96,1.1312000000000002,3.96,1.1312000000000002,3.96,0.11312000000000003,3.96,1.1312000000000002,4.0
1.1328,4.0,1.1328,4.0,1.1328,4.0,0.11328000000000002,3.96,1.1328,3.96
1.1343999999999999,4.0,1.1343999999999999,4.0,1.1343999999999999,4.0,0.11344000000000001,3.96,1.1343999999999999,4.0
1.1360000000000001,3.96,1.1360000000000001,3.96,1.1360000000000001,3.96,0.1136,3.96,1.1360000000000001,4.0
1.1376,3.96,1.1376,3.96,1.1376,3.96,0.11376,3.96,1.1376,3.96
1.1392000000000002,4.0,1.1392000000000002,4.0,1.1392000000000002,4.0,0.11392,3.96,1.1392000000000002,3.96
1.1408,4.0,1.1408,4.0,1.1408,4.0,0.11408000000000004,4.0,1.1408,3.96
1.1423999999999999,3.96,1.1423999999999999,3.96,1.1423999999999999,3.96,0.11424000000000004,3.96,1.1423999999999999,3.96
1.1440000000000001,3.96,1.1440000000000001,3.96,1.1440000000000001,3.96,0.11440000000000003,3.96,1.1440000000000001,3.96
1.1456,4.0,1.1456,4.0,1.1456,4.0,0.11456000000000002,3.96,1.1456,3.96
1.1472000000000002,3.96,1.1472000000000002,3.96,1.1472000000000002,3.96,0.11472000000000002,4.0,1.1472000000000002,3.96
1.1488,4.0,1.1488,4.0,1.1488,4.0,0.11488000000000001,4.0,1.1488,3.96
1.1503999999999999,3.96,1.1503999999999999,3.96,1.1503999999999999,3.96,0.11504,4.0,1.1503999999999999,3.96
1.1520000000000001,3.96,1.1520000000000001,3.96,1.1520000000000001,3.96,0.1152,3.96,1.1520000000000001,3.96
1.1536,4.0,1.1536,4.0,1.1536,4.0,0.11536000000000005,3.96,1.1536,4.0
1.1552000000000002,4.0,1.1552000000000002,4.0,1.1552000000000002,4.0,0.11552000000000004,3.96,1.1552000000000002,3.96
1.1568,4.0,1.1568,4.0,1.1568,4.0,0.11568000000000003,3.96,1.1568,4.0
1.1583999999999999,4.0,1.1583999999999999,4.0,1.1583999999999999,4.0,0.11584000000000003,3.96,1.1583999999999999,4.0
1.1600000000000001,3.96,1.1600000000000001,3.96,1.1600000000000001,3.96,0.11600000000000002,3.96,1.1600000000000001,3.96
1.1616,3.96,1.1616,3.96,1.1616,3.96,0.11616000000000001,3.96,1.1616,3.96
1.1632000000000002,4.0,1.1632000000000002,4.0,1.1632000000000002,4.0,0.11632,4.0,1.1632000000000002,3.96
1.1648,4.0,1.1648,4.0,1.1648,4.0,0.11648,4.0,1.1648,3.96
1.1663999999999999,3.96,1.1663999999999999,3.96,1.1663999999999999,3.96,0.11664,3.96,1.1663999999999999,3.96
1.1680000000000001,4.0,1.1680000000000001,4.0,1.1680000000000001,4.0,0.11680000000000004,4.0,1.1680000000000001,3.96
1.1696,3.96,1.1696,3.96,1.1696,3.96,0.11696000000000004,3.96,1.1696,4.0
1.1712000000000002,3.96,1.1712000000000002,3.96,1.1712000000000002,3.96,0.11712000000000003,3.96,1.1712000000000002,3.96
1.1728,3.96,1.1728,3.96,1.1728,3.96,0.11728000000000002,4.0,1.1728,3.96
1.1743999999999999,3.96,1.1743999999999999,3.96,1.1743999999999999,3.96,0.11744000000000002,4.0,1.1743999999999999,3.96
1.1760000000000002,4.0,1.1760000000000002,4.0,1.1760000000000002,4.0,0.11760000000000001,3.96,1.1760000000000002,3.96
1.1776,3.96,1.1776,3.96,1.1776,3.96,0.11776,3.96,1.1776,3.96
1.1792000000000002,3.96,1.1792000000000002,3.96,1.1792000000000002,3.96,0.11792,3.96,1.1792000000000002,3.96
1.1808,4.0,1.1808,4.0,1.1808,4.0,0.11808000000000005,3.96,1.1808,4.0
1.1824,3.96,1.1824,3.96,1.1824,3.96,0.11824000000000004,4.0,1.1824,4.0
1.1840000000000002,3.96,1.1840000000000002,3.96,1.1840000000000002,3.96,0.11840000000000003,4.0,1.1840000000000002,4.0
1.1856,3.96,1.1856,3.96,1.1856,3.96,0.11856000000000003,3.96,1.1856,4.0
1.1872000000000003,3.96,1.1872000000000003,3.96,1.1872000000000003,3.96,0.11872000000000002,4.0,1.1872000000000003,3.96
1.1888,3.96,1.1888,3.96,1.1888,3.96,0.11888000000000001,3.96,1.1888,3.96
1.1904,3.96,1.1904,3.96,1.1904,3.96,0.11904,4.0,1.1904,4.0
1.1920000000000002,4.0,1.1920000000000002,4.0,1.1920000000000002,4.0,0.1192,4.0,1.1920000000000002,3.96
1.1936,3.96,1.1936,3.96,1.1936,3.96,0.11936,4.0,1.1936,4.0
1.1952000000000003,4.0,1.1952000000000003,4.0,1.1952000000000003,4.0,0.11952000000000004,3.96,1.1952000000000003,3.96
1.1968,4.0,1.1968,4.0,1.1968,4.0,0.11968000000000004,4.0,1.1968,3.96
1.1984,4.0,1.1984,4.0,1.1984,4.0,0.11984000000000003,3.96,1.1984,3.96
1.2000000000000002,3.96,1.2000000000000002,3.96,1.2000000000000002,3.96,0.12000000000000002,3.96,1.2000000000000002,3.96
1.2016,4.0,1.2016,4.0,1.2016,4.0,0.12016000000000002,3.96,1.2016,3.96
1.2031999999999998,3.96,1.2031999999999998,3.96,1.2031999999999998,3.96,0.12032000000000001,3.96,1.2031999999999998,3.96
1.2048,3.96,1.2048,3.96,1.2048,3.96,0.12048,4.0,1.2048,3.96
1.2064,4.0,1.2064,4.0,1.2064,4.0,0.12064,4.0,1.2064,4.0
1.2080000000000002,3.96,1.2080000000000002,3.96,1.2080000000000002,3.96,0.12080000000000005,3.96,1.2080000000000002,3.96
1.2096,4.0,1.2096,4.0,1.2096,4.0,0.12096000000000004,4.0,1.2096,3.96
1.2111999999999998,3.96,1.2111999999999998,3.96,1.2111999999999998,3.96,0.12112000000000003,3.96,1.2111999999999998,3.96
1.2128,3.96,1.2128,3.96,1.2128,3.96,0.12128000000000003,4.0,1.2128,4.0
1.2144,3.96,1.2144,3.96,1.2144,3.96,0.12144000000000002,3.96,1.2144,3.96
1.2160000000000002,3.96,1.2160000000000002,3.96,1.2160000000000002,3.96,0.12160000000000001,3.96,1.2160000000000002,4.0
1.2176,3.96,1.2176,3.96,1.2176,3.96,0.12176000000000001,3.96,1.2176,3.96
1.2191999999999998,3.96,1.2191999999999998,3.96,1.2191999999999998,3.96,0.12192,4.0,1.2191999999999998,4.0
1.2208,3.96,1.2208,3.96,1.2208,3.96,0.12208,3.96,1.2208,3.96
1.2224,3.96,1.2224,3.96,1.2224,3.96,0.12224000000000004,3.96,1.2224,3.96
1.2240000000000002,3.96,1.2240000000000002,3.96,1.2240000000000002,3.96,0.12240000000000004,4.0,1.2240000000000002,3.96
1.2256,3.96,1.2256,3.96,1.2256,3.96,0.12256000000000003,4.0,1.2256,4.0
1.2271999999999998,3.96,1.2271999999999998,3.96,1.2271999999999998,3.96,0.12272000000000002,3.96,1.2271999999999998,4.0
1.2288000000000001,4.0,1.2288000000000001,4.0,1.2288000000000001,4.0,0.12288000000000002,3.96,1.2288000000000001,3.96
1.2304,3.96,1.2304,3.96,1.2304,3.96,0.12304000000000001,3.96,1.2304,3.96
1.2320000000000002,3.96,1.2320000000000002,3.96,1.2320000000000002,3.96,0.1232,3.96,1.2320000000000002,3.96
1.2336,4.0,1.2336,4.0,1.2336,4.0,0.12336,4.0,1.2336,4.0
1.2351999999999999,4.0,1.2351999999999999,4.0,1.2351999999999999,4.0,0.12352000000000005,4.0,1.2351999999999999,4.0
1.2368000000000001,3.96,1.2368000000000001,3.96,1.2368000000000001,3.96,0.12368000000000004,3.96,1.2368000000000001,3.96
1.2384,3.96,1.2384,3.96,1.2384,3.96,0.12384000000000003,4.0,1.2384,3.96
1.2400000000000002,3.96,1.2400000000000002,3.96,1.2400000000000002,3.96,0.12400000000000003,4.0,1.2400000000000002,4.0
1.2416,3.96,1.2416,3.96,1.2416,3.96,0.12416000000000002,4.0,1.2416,4.0
1.2431999999999999,3.96,1.2431999999999999,3.96,1.2431999999999999,3.96,0.12432000000000001,3.96,1.2431999999999999,3.96
1.2448000000000001,3.96,1.2448000000000001,3.96,1.2448000000000001,3.96,0.12448000000000001,3.96,1.2448000000000001,4.0
1.2464,3.96,1.2464,3.96,1.2464,3.96,0.12464,3.96,1.2464,3.96
1.2480000000000002,3.96,1.2480000000000002,3.96,1.2480000000000002,3.96,0.1248,3.96,1.2480000000000002,3.96
1.2496,3.96,1.2496,3.96,1.2496,3.96,0.12496000000000004,3.96,1.2496,3.96
1.2511999999999999,4.0,1.2511999999999999,4.0,1.2511999999999999,4.0,0.12512000000000004,3.96,1.2511999999999999,3.96
1.2528000000000001,3.96,1.2528000000000001,3.96,1.2528000000000001,3.96,0.12528000000000003,3.96,1.2528000000000001,4.0
1.2544,3.96,1.2544,3.96,1.2544,3.96,0.12544000000000002,3.96,1.2544,4.0
1.2560000000000002,3.96,1.2560000000000002,3.96,1.2560000000000002,3.96,0.12560000000000002,4.0,1.2560000000000002,4.0
1.2576,3.96,1.2576,3.96,1.2576,3.96,0.12576,4.0,1.2576,3.96
1.2591999999999999,4.0,1.2591999999999999,4.0,1.2591999999999999,4.0,0.12592,4.0,1.2591999999999999,3.96
1.2608000000000001,4.0,1.2608000000000001,4.0,1.2608000000000001,4.0,0.12608,4.0,1.2608000000000001,3.96
1.2624,3.96,1.2624,3.96,1.2624,3.96,0.12624000000000005,3.96,1.2624,3.96
1.2640000000000002,4.0,1.2640000000000002,4.0,1.2640000000000002,4.0,0.12640000000000004,3.96,1.2640000000000002,4.0
1.2656,4.0,1.2656,4.0,1.2656,4.0,0.12656000000000003,3.96,1.2656,3.96
1.2671999999999999,3.96,1.2671999999999999,3.96,1.2671999999999999,3.96,0.12672000000000003,3.96,1.2671999999999999,3.96
1.2688000000000001,3.96,1.2688000000000001,3.96,1.2688000000000001,3.96,0.12688000000000002,4.0,1.2688000000000001,3.96
1.2704,3.96,1.2704,3.96,1.2704,3.96,0.12704000000000001,3.96,1.2704,4.0
1.2720000000000002,4.0,1.2720000000000002,4.0,1.2720000000000002,4.0,0.1272,4.0,1.2720000000000002,4.0
1.2736,3.96,1.2736,3.96,1.2736,3.96,0.12736,4.0,1.2736,4.0
1.2752,4.0,1.2752,4.0,1.2752,4.0,0.12752,4.0,1.2752,4.0
1.2768000000000002,3.96,1.2768000000000002,3.96,1.2768000000000002,3.96,0.12768000000000004,3.96,1.2768000000000002,3.96
1.2784,3.96,1.2784,3.96,1.2784,3.96,0.12784000000000004,3.96,1.2784,4.0
1.2800000000000002,4.0,1.2800000000000002,4.0,1.2800000000000002,4.0,0.12800000000000003,4.0,1.2800000000000002,3.96
1.2816,4.0,1.2816,4.0,1.2816,4.0,0.12816000000000002,4.0,1.2816,3.96
1.2832,4.0,1.2832,4.0,1.2832,4.0,0.12832000000000002,4.0,1.2832,3.96
1.2848000000000002,4.0,1.2848000000000002,4.0,1.2848000000000002,4.0,0.12848,4.0,1.2848000000000002,3.96
1.2864,3.96,1.2864,3.96,1.2864,3.96,0.12864,3.96,1.2864,4.0
1.2880000000000003,4.0,1.2880000000000003,4.0,1.2880000000000003,4.0,0.1288,3.96,1.2880000000000003,4.0
1.2896,3.96,1.2896,3.96,1.2896,3.96,0.12896000000000005,4.0,1.2896,3.96
1.2912,4.0,1.2912,4.0,1.2912,4.0,0.12912000000000004,4.0,1.2912,3.96
1.2928000000000002,4.0,1.2928000000000002,4.0,1.2928000000000002,4.0,0.12928000000000003,4.0,1.2928000000000002,3.96
1.2944,4.0,1.2944,4.0,1.2944,4.0,0.12944000000000003,4.0,1.2944,3.96
1.2960000000000003,4.0,1.2960000000000003,4.0,1.2960000000000003,4.0,0.12960000000000002,3.96,1.2960000000000003,3.96
1.2976,4.0,1.2976,4.0,1.2976,4.0,0.12976000000000001,4.0,1.2976,4.0
1.2992,3.96,1.2992,3.96,1.2992,3.96,0.12992,4.0,1.2992,4.0
1.3008000000000002,4.0,1.3008000000000002,4.0,1.3008000000000002,4.0,0.13008,3.96,1.3008000000000002,3.96
1.3024,3.96,1.3024,3.96,1.3024,3.96,0.13024,3.96,1.3024,3.96
1.3040000000000003,3.96,1.3040000000000003,3.96,1.3040000000000003,3.96,0.13040000000000004,3.96,1.3040000000000003,3.96
1.3056,3.96,1.3056,3.96,1.3056,3.96,0.13056000000000004,3.96,1.3056,3.96
1.3072,3.96,1.3072,3.96,1.3072,3.96,0.13072000000000003,3.96,1.3072,3.96
1.3088000000000002,4.0,1.3088000000000002,4.0,1.3088000000000002,4.0,0.13088000000000002,4.0,1.3088000000000002,3.96
1.3104,3.96,1.3104,3.96,1.3104,3.96,0.13104000000000002,4.0,1.3104,3.96
1.3119999999999998,4.0,1.3119999999999998,4.0,1.3119999999999998,4.0,0.1312,3.96,1.3119999999999998,3.96
1.3136,3.96,1.3136,3.96,1.3136,3.96,0.13136,4.0,1.3136,3.96
1.3152,3.96,1.3152,3.96,1.3152,3.96,0.13152,4.0,1.3152,4.0
1.3168000000000002,4.0,1.3168000000000002,4.0,1.3168000000000002,4.0,0.13168000000000005,4.0,1.3168000000000002,3.96
1.3184,3.96,1.3184,3.96,1.3184,3.96,0.13184000000000004,4.0,1.3184,3.96
1.3199999999999998,3.96,1.3199999999999998,3.96,1.3199999999999998,3.96,0.13200000000000003,3.96,1.3199999999999998,3.96
1.3216,3.96,1.3216,3.96,1.3216,3.96,0.13216000000000003,3.96,1.3216,3.96
1.3232,3.96,1.3232,3.96,1.3232,3.96,0.13232000000000002,4.0,1.3232,4.0
1.3248000000000002,4.0,1.3248000000000002,4.0,1.3248000000000002,4.0,0.13248000000000001,3.96,1.3248000000000002,3.96
1.3264,3.96,1.3264,3.96,1.3264,3.96,0.13264,4.0,1.3264,4.0
1.3279999999999998,3.96,1.3279999999999998,3.96,1.3279999999999998,3.96,0.1328,3.96,1.3279999999999998,3.96
1.3296000000000001,3.96,1.3296000000000001,3.96,1.3296000000000001,3.96,0.13296,3.96,1.3296000000000001,3.96
1.3312,3.96,1.3312,3.96,1.3312,3.96,0.13312000000000004,4.0,1.3312,3.96
1.3328000000000002,3.96,1.3328000000000002,3.96,1.3328000000000002,3.96,0.13328000000000004,4.0,1.3328000000000002,3.96
1.3344,3.96,1.3344,3.96,1.3344,3.96,0.13344000000000003,3.96,1.3344,4.0
1.3359999999999999,4.0,1.3359999999999999,4.0,1.3359999999999999,4.0,0.13360000000000002,3.96,1.3359999999999999,4.0
1.3376000000000001,3.96,1.3376000000000001,3.96,1.3376000000000001,3.96,0.13376000000000002,4.0,1.3376000000000001,3.96
1.3392,3.96,1.3392,3.96,1.3392,3.96,0.13392,3.96,1.3392,4.0
1.3408000000000002,3.96,1.3408000000000002,3.96,1.3408000000000002,3.96,0.13408,3.96,1.3408000000000002,4.0
1.3424,3.96,1.3424,3.96,1.3424,3.96,0.13424,4.0,1.3424,4.0
1.3439999999999999,4.0,1.3439999999999999,4.0,1.3439999999999999,4.0,0.13440000000000005,3.96,1.3439999999999999,3.96
1.3456000000000001,3.96,1.3456000000000001,3.96,1.3456000000000001,3.96,0.13456000000000004,4.0,1.3456000000000001,4.0
1.3472,3.96,1.3472,3.96,1.3472,3.96,0.13472000000000003,4.0,1.3472,3.96
1.3488000000000002,3.96,1.3488000000000002,3.96,1.3488000000000002,3.96,0.13488000000000003,3.96,1.3488000000000002,3.96
1.3504,4.0,1.3504,4.0,1.3504,4.0,0.13504000000000002,4.0,1.3504,4.0
1.3519999999999999,4.0,1.3519999999999999,4.0,1.3519999999999999,4.0,0.13520000000000001,4.0,1.3519999999999999,3.96
1.3536000000000001,4.0,1.3536000000000001,4.0,1.3536000000000001,4.0,0.13536,3.96,1.3536000000000001,3.96
1.3552,4.0,1.3552,4.0,1.3552,4.0,0.13552,3.96,1.3552,3.96
1.3568000000000002,4.0,1.3568000000000002,4.0,1.3568000000000002,4.0,0.13568,4.0,1.3568000000000002,3.96
1.3584,3.96,1.3584,3.96,1.3584,3.96,0.13584000000000004,4.0,1.3584,3.96
1.3599999999999999,3.96,1.3599999999999999,3.96,1.3599999999999999,3.96,0.13600000000000004,4.0,1.3599999999999999,4.0
1.3616000000000001,3.96,1.3616000000000001,3.96,1.3616000000000001,3.96,0.13616000000000003,3.96,1.3616000000000001,3.96
1.3632,4.0,1.3632,4.0,1.3632,4.0,0.13632000000000002,4.0,1.3632,3.96
1.3648000000000002,4.0,1.3648000000000002,4.0,1.3648000000000002,4.0,0.13648000000000002,3.96,1.3648000000000002,4.0
1.3664,3.96,1.3664,3.96,1.3664,3.96,0.13664,4.0,1.3664,4.0
1.3679999999999999,4.0,1.3679999999999999,4.0,1.3679999999999999,4.0,0.1368,4.0,1.3679999999999999,3.96
1.3696000000000002,3.96,1.3696000000000002,3.96,1.3696000000000002,3.96,0.13696,4.0,1.3696000000000002,4.0
1.3712,4.0,1.3712,4.0,1.3712,4.0,0.13712000000000005,3.96,1.3712,4.0
1.3728000000000002,3.96,1.3728000000000002,3.96,1.3728000000000002,3.96,0.13728000000000004,4.0,1.3728000000000002,3.96
1.3744,3.96,1.3744,3.96,1.3744,3.96,0.13744000000000003,3.96,1.3744,3.96
1.376,3.96,1.376,3.96,1.376,3.96,0.13760000000000003,4.0,1.376,3.96
1.3776000000000002,4.0,1.3776000000000002,4.0,1.3776000000000002,4.0,0.13776000000000002,4.0,1.3776000000000002,3.96
1.3792,3.96,1.3792,3.96,1.3792,3.96,0.13792000000000001,4.0,1.3792,3.96
1.3808000000000002,3.96,1.3808000000000002,3.96,1.3808000000000002,3.96,0.13808,3.96,1.3808000000000002,3.96
1.3824,4.0,1.3824,4.0,1.3824,4.0,0.13824,4.0,1.3824,3.96
1.384,3.96,1.384,3.96,1.384,3.96,0.1384,3.96,1.384,3.96
1.3856000000000002,4.0,1.3856000000000002,4.0,1.3856000000000002,4.0,0.13856000000000004,3.96,1.3856000000000002,3.96
1.3872,3.96,1.3872,3.96,1.3872,3.96,0.13872000000000004,4.0,1.3872,3.96
1.3888000000000003,3.96,1.3888000000000003,3.96,1.3888000000000003,3.96,0.13888000000000003,4.0,1.3888000000000003,3.96
1.3904,3.96,1.3904,3.96,1.3904,3.96,0.13904000000000002,4.0,1.3904,3.96
1.392,3.96,1.392,3.96,1.392,3.96,0.13920000000000002,4.0,1.392,3.96
1.3936000000000002,4.0,1.3936000000000002,4.0,1.3936000000000002,4.0,0.13936,3.96,1.3936000000000002,4.0
1.3952,3.96,1.3952,3.96,1.3952,3.96,0.13952,3.96,1.3952,3.96
1.3968000000000003,3.96,1.3968000000000003,3.96,1.3968000000000003,3.96,0.13968,3.96,1.3968000000000003,3.96
1.3984,3.96,1.3984,3.96,1.3984,3.96,0.13984000000000005,3.96,1.3984,3.96
1.4,3.96,1.4,3.96,1.4,3.96,0.14000000000000004,4.0,1.4,3.96
1.4016000000000002,3.96,1.4016000000000002,3.96,1.4016000000000002,3.96,0.14016000000000003,4.0,1.4016000000000002,3.96
1.4032,3.96,1.4032,3.96,1.4032,3.96,0.14032000000000003,3.96,1.4032,4.0
1.4048000000000003,4.0,1.4048000000000003,4.0,1.4048000000000003,4.0,0.14048000000000002,3.96,1.4048000000000003,4.0
1.4064,4.0,1.4064,4.0,1.4064,4.0,0.14064000000000002,3.96,1.4064,3.96
1.408,3.96,1.408,3.96,1.408,3.96,0.1408,4.04,1.408,4.0
1.4096000000000002,3.96,1.4096000000000002,3.96,1.4096000000000002,3.96,0.14096,3.96,1.4096000000000002,3.96
1.4112,3.96,1.4112,3.96,1.4112,3.96,0.14112,4.0,1.4112,4.0
1.4127999999999998,3.92,1.4127999999999998,3.92,1.4127999999999998,3.92,0.14128000000000004,4.0,1.4127999999999998,3.96
1.4144,3.96,1.4144,3.96,1.4144,3.96,0.14144000000000004,3.96,1.4144,3.96
1.416,4.0,1.416,4.0,1.416,4.0,0.14160000000000003,4.0,1.416,3.96
1.4176000000000002,4.0,1.4176000000000002,4.0,1.4176000000000002,4.0,0.14176000000000002,3.96,1.4176000000000002,3.96
1.4192,3.96,1.4192,3.96,1.4192,3.96,0.14192000000000002,3.96,1.4192,3.96
1.4207999999999998,3.96,1.4207999999999998,3.96,1.4207999999999998,3.96,0.14208,4.0,1.4207999999999998,3.96
1.4224,4.0,1.4224,4.0,1.4224,4.0,0.14224,4.0,1.4224,3.96
1.424,4.0,1.424,4.0,1.424,4.0,0.1424,4.0,1.424,3.96
1.4256000000000002,4.0,1.4256000000000002,4.0,1.4256000000000002,4.0,0.14256000000000005,4.0,1.4256000000000002,3.96
1.4272,4.0,1.4272,4.0,1.4272,4.0,0.14272000000000004,4.0,1.4272,3.96
1.4287999999999998,4.0,1.4287999999999998,4.0,1.4287999999999998,4.0,0.14288000000000003,3.96,1.4287999999999998,3.96
1.4304000000000001,4.0,1.4304000000000001,4.0,1.4304000000000001,4.0,0.14304000000000003,3.96,1.4304000000000001,3.96
1.432,3.96,1.432,3.96,1.432,3.96,0.14320000000000002,4.0,1.432,4.0
1.4336000000000002,4.0,1.4336000000000002,4.0,1.4336000000000002,4.0,0.14336000000000002,4.0,1.4336000000000002,3.96
1.4352,3.96,1.4352,3.96,1.4352,3.96,0.14352,4.0,1.4352,4.0
1.4367999999999999,3.96,1.4367999999999999,3.96,1.4367999999999999,3.96,0.14368,3.96,1.4367999999999999,3.96
1.4384000000000001,4.0,1.4384000000000001,4.0,1.4384000000000001,4.0,0.14384,4.0,1.4384000000000001,3.96
1.44,3.96,1.44,3.96,1.44,3.96,0.14400000000000004,3.96,1.44,3.96
1.4416000000000002,4.0,1.4416000000000002,4.0,1.4416000000000002,4.0,0.14416000000000004,4.0,1.4416000000000002,3.96
1.4432,3.96,1.4432,3.96,1.4432,3.96,0.14432000000000003,4.0,1.4432,4.0
1.4447999999999999,3.96,1.4447999999999999,3.96,1.4447999999999999,3.96,0.14448000000000003,3.96,1.4447999999999999,3.96
1.4464000000000001,3.96,1.4464000000000001,3.96,1.4464000000000001,3.96,0.14464000000000002,3.96,1.4464000000000001,4.0
1.448,4.0,1.448,4.0,1.448,4.0,0.1448,3.96,1.448,3.96
1.4496000000000002,4.0,1.4496000000000002,4.0,1.4496000000000002,4.0,0.14496,3.96,1.4496000000000002,4.0
1.4512,3.96,1.4512,3.96,1.4512,3.96,0.14512,4.0,1.4512,4.0
1.4527999999999999,3.96,1.4527999999999999,3.96,1.4527999999999999,3.96,0.14528000000000005,3.96,1.4527999999999999,3.96
1.4544000000000001,3.96,1.4544000000000001,3.96,1.4544000000000001,3.96,0.14544000000000004,4.0,1.4544000000000001,4.0
1.456,3.96,1.456,3.96,1.456,3.96,0.14560000000000003,4.0,1.456,3.96
1.4576000000000002,4.0,1.4576000000000002,4.0,1.4576000000000002,4.0,0.14576000000000003,3.96,1.4576000000000002,4.0
1.4592,3.96,1.4592,3.96,1.4592,3.96,0.14592000000000002,4.0,1.4592,3.96
1.4607999999999999,3.96,1.4607999999999999,3.96,1.4607999999999999,3.96,0.14608000000000002,3.96,1.4607999999999999,3.96
1.4624000000000001,4.0,1.4624000000000001,4.0,1.4624000000000001,4.0,0.14624,3.96,1.4624000000000001,3.96
1.464,3.96,1.464,3.96,1.464,3.96,0.1464,4.0,1.464,4.0
1.4656000000000002,3.96,1.4656000000000002,3.96,1.4656000000000002,3.96,0.14656,3.96,1.4656000000000002,4.0
1.4672,4.0,1.4672,4.0,1.4672,4.0,0.14672000000000004,3.96,1.4672,4.0
1.4687999999999999,3.96,1.4687999999999999,3.96,1.4687999999999999,3.96,0.14688000000000004,4.0,1.4687999999999999,4.0
1.4704000000000002,3.96,1.4704000000000002,3.96,1.4704000000000002,3.96,0.14704000000000003,3.96,1.4704000000000002,3.96
1.472,4.0,1.472,4.0,1.472,4.0,0.14720000000000003,3.96,1.472,3.96
1.4736000000000002,4.0,1.4736000000000002,4.0,1.4736000000000002,4.0,0.14736000000000002,3.96,1.4736000000000002,3.96
1.4752,3.96,1.4752,3.96,1.4752,3.96,0.14752,3.96,1.4752,3.96
1.4768,4.0,1.4768,4.0,1.4768,4.0,0.14768,4.0,1.4768,4.0
1.4784000000000002,3.96,1.4784000000000002,3.96,1.4784000000000002,3.96,0.14784,4.0,1.4784000000000002,3.96
1.48,3.96,1.48,3.96,1.48,3.96,0.14800000000000005,4.0,1.48,3.96
1.4816000000000003,3.96,1.4816000000000003,3.96,1.4816000000000003,3.96,0.14816000000000004,4.0,1.4816000000000003,4.0
1.4832,3.96,1.4832,3.96,1.4832,3.96,0.14832000000000004,3.96,1.4832,3.96
1.4848,3.96,1.4848,3.96,1.4848,3.96,0.14848000000000003,4.0,1.4848,4.0
1.4864000000000002,4.0,1.4864000000000002,4.0,1.4864000000000002,4.0,0.14864000000000002,3.96,1.4864000000000002,4.0
1.488,3.96,1.488,3.96,1.488,3.96,0.14880000000000002,3.96,1.488,3.96
1.4896000000000003,3.96,1.4896000000000003,3.96,1.4896000000000003,3.96,0.14896,3.96,1.4896000000000003,3.96
1.4912,4.0,1.4912,4.0,1.4912,4.0,0.14912,3.96,1.4912,4.0
1.4928,4.0,1.4928,4.0,1.4928,4.0,0.14928,4.0,1.4928,4.0
1.4944000000000002,3.96,1.4944000000000002,3.96,1.4944000000000002,3.96,0.14944000000000005,3.96,1.4944000000000002,3.96
1.496,4.0,1.496,4.0,1.496,4.0,0.14960000000000004,4.0,1.496,4.0
1.4976000000000003,3.96,1.4976000000000003,3.96,1.4976000000000003,3.96,0.14976000000000003,4.0,1.4976000000000003,3.96
1.4992,3.96,1.4992,3.96,1.4992,3.96,0.14992000000000003,4.0,1.4992,4.0
1.5008,3.96,1.5008,3.96,1.5008,3.96,0.15008000000000002,3.96,1.5008,3.96
1.5024000000000002,3.96,1.5024000000000002,3.96,1.5024000000000002,3.96,0.15024,3.96,1.5024000000000002,3.96
1.504,3.96,1.504,3.96,1.504,3.96,0.1504,4.0,1.504,4.0
1.5056000000000003,3.96,1.5056000000000003,3.96,1.5056000000000003,3.96,0.15056,4.0,1.5056000000000003,4.0
1.5072,3.96,1.5072,3.96,1.5072,3.96,0.15072000000000005,3.96,1.5072,3.96
1.5088,4.0,1.5088,4.0,1.5088,4.0,0.15088000000000004,4.0,1.5088,3.96
1.5104000000000002,4.0,1.5104000000000002,4.0,1.5104000000000002,4.0,0.15104000000000004,3.96,1.5104000000000002,4.0
1.512,3.96,1.512,3.96,1.512,3.96,0.15120000000000003,3.96,1.512,3.96
1.5136000000000003,3.96,1.5136000000000003,3.96,1.5136000000000003,3.96,0.15136000000000002,4.0,1.5136000000000003,0.0
1.5152,0.0,1.5152,0.0,1.5152,0.0,0.15152000000000002,0.04,1.5152,0.0
1.5168,0.0,1.5168,0.0,1.5168,0.0,0.15168,0.0,1.5168,0.04
1.5184000000000002,0.04,1.5184000000000002,0.04,1.5184000000000002,0.04,0.15184,0.04,1.5184000000000002,0.0
1.52,0.0,1.52,0.0,1.52,0.0,0.152,0.04,1.52,0.04
1.5215999999999998,0.0,1.5215999999999998,0.0,1.5215999999999998,0.0,0.15216000000000005,0.04,1.5215999999999998,0.04
1.5232,0.0,1.5232,0.0,1.5232,0.0,0.15232000000000004,0.04,1.5232,0.04
1.5248,0.04,1.5248,0.04,1.5248,0.04,0.15248000000000003,0.0,1.5248,0.0
1.5264000000000002,0.0,1.5264000000000002,0.0,1.5264000000000002,0.0,0.15264000000000003,0.04,1.5264000000000002,0.04
1.528,0.04,1.528,0.04,1.528,0.04,0.15280000000000002,0.04,1.528,0.04
1.5295999999999998,0.0,1.5295999999999998,0.0,1.5295999999999998,0.0,0.15296,0.0,1.5295999999999998,0.0
1.5312000000000001,0.0,1.5312000000000001,0.0,1.5312000000000001,0.0,0.15312,0.04,1.5312000000000001,0.0
1.5328,0.0,1.5328,0.0,1.5328,0.0,0.15328,0.04,1.5328,0.04
1.5344000000000002,0.0,1.5344000000000002,0.0,1.5344000000000002,0.0,0.15344000000000005,0.04,1.5344000000000002,0.0
1.536,0.0,1.536,0.0,1.536,0.0,0.15360000000000004,0.0,1.536,0.04
1.5375999999999999,0.04,1.5375999999999999,0.04,1.5375999999999999,0.04,0.15376000000000004,0.04,1.5375999999999999,0.0
1.5392000000000001,0.0,1.5392000000000001,0.0,1.5392000000000001,0.0,0.15392000000000003,0.04,1.5392000000000001,0.04
1.5408,0.0,1.5408,0.0,1.5408,0.0,0.15408000000000002,0.04,1.5408,0.0
1.5424000000000002,0.0,1.5424000000000002,0.0,1.5424000000000002,0.0,0.15424000000000002,0.0,1.5424000000000002,0.0
1.544,0.0,1.544,0.0,1.544,0.0,0.1544,0.04,1.544,0.04
1.5455999999999999,0.0,1.5455999999999999,0.0,1.5455999999999999,0.0,0.15456,0.0,1.5455999999999999,0.0
1.5472000000000001,0.0,1.5472000000000001,0.0,1.5472000000000001,0.0,0.15472,0.04,1.5472000000000001,0.0
1.5488,0.0,1.5488,0.0,1.5488,0.0,0.15488000000000005,0.04,1.5488,0.0
1.5504000000000002,0.0,1.5504000000000002,0.0,1.5504000000000002,0.0,0.15504000000000004,0.0,1.5504000000000002,0.04
1.552,0.0,1.552,0.0,1.552,0.0,0.15520000000000003,0.04,1.552,0.0
1.5535999999999999,0.0,1.5535999999999999,0.0,1.5535999999999999,0.0,0.15536000000000003,0.0,1.5535999999999999,0.04
1.5552000000000001,0.0,1.5552000000000001,0.0,1.5552000000000001,0.0,0.15552000000000002,0.04,1.5552000000000001,0.0
1.5568,0.0,1.5568,0.0,1.5568,0.0,0.15568,0.04,1.5568,0.0
1.5584000000000002,0.0,1.5584000000000002,0.0,1.5584000000000002,0.0,0.15584,0.0,1.5584000000000002,0.0
1.56,0.0,1.56,0.0,1.56,0.0,0.156,0.04,1.56,0.0
1.5615999999999999,0.0,1.5615999999999999,0.0,1.5615999999999999,0.0,0.15616000000000005,0.0,1.5615999999999999,0.0
1.5632000000000001,0.0,1.5632000000000001,0.0,1.5632000000000001,0.0,0.15632000000000004,0.0,1.5632000000000001,0.0
1.5648,0.0,1.5648,0.0,1.5648,0.0,0.15648000000000004,0.0,1.5648,0.04
1.5664000000000002,0.0,1.5664000000000002,0.0,1.5664000000000002,0.0,0.15664000000000003,0.0,1.5664000000000002,0.0
1.568,0.0,1.568,0.0,1.568,0.0,0.15680000000000002,0.0,1.568,0.0
1.5695999999999999,0.0,1.5695999999999999,0.0,1.5695999999999999,0.0,0.15696000000000002,0.0,1.5695999999999999,0.0
1.5712000000000002,0.0,1.5712000000000002,0.0,1.5712000000000002,0.0,0.15712,0.0,1.5712000000000002,0.0
1.5728,0.0,1.5728,0.0,1.5728,0.0,0.15728,0.0,1.5728,0.0
1.5744000000000002,0.0,1.5744000000000002,0.0,1.5744000000000002,0.0,0.15744,0.04,1.5744000000000002,0.0
1.576,0.0,1.576,0.0,1.576,0.0,0.15760000000000005,0.0,1.576,0.0
1.5776,0.0,1.5776,0.0,1.5776,0.0,0.15776000000000004,0.0,1.5776,0.0
1.5792000000000002,0.0,1.5792000000000002,0.0,1.5792000000000002,0.0,0.15792000000000003,0.0,1.5792000000000002,0.0
1.5808,0.0,1.5808,0.0,1.5808,0.0,0.15808000000000003,0.0,1.5808,0.0
1.5824000000000003,0.0,1.5824000000000003,0.0,1.5824000000000003,0.0,0.15824000000000002,0.04,1.5824000000000003,0.04
1.584,0.04,1.584,0.04,1.584,0.04,0.1584,0.04,1.584,0.0
1.5856,0.0,1.5856,0.0,1.5856,0.0,0.15856,0.0,1.5856,0.0
1.5872000000000002,0.04,1.5872000000000002,0.04,1.5872000000000002,0.04,0.15872,0.04,1.5872000000000002,0.0
1.5888,0.0,1.5888,0.0,1.5888,0.0,0.15888000000000005,0.04,1.5888,0.0
1.5904000000000003,0.0,1.5904000000000003,0.0,1.5904000000000003,0.0,0.15904000000000004,0.04,1.5904000000000003,0.0
1.592,0.0,1.592,0.0,1.592,0.0,0.15920000000000004,0.04,1.592,0.0
1.5936,0.0,1.5936,0.0,1.5936,0.0,0.15936000000000003,0.04,1.5936,0.0
1.5952000000000002,0.0,1.5952000000000002,0.0,1.5952000000000002,0.0,0.15952000000000002,0.0,1.5952000000000002,0.04
1.5968,0.04,1.5968,0.04,1.5968,0.04,0.15968000000000002,0.0,1.5968,0.04
1.5984000000000003,0.0,1.5984000000000003,0.0,1.5984000000000003,0.0,0.15984,0.04,1.5984000000000003,0.0
