t_f_9901.2Hz,V2_f_9901.2Hz,t_f_990.1Hz,V2_f_990.1Hz,t_f_99.0Hz,V2_f_99.0Hz,t_f_9.9Hz,V2_f_9.9Hz,t_f_1.0Hz,V2_f_1.0Hz
-0.00016,1.6,-0.00016,1.6,-0.016,3.96,-0.16,3.96,-1.6,3.96
-0.00015984000000000001,1.6,-0.00015984000000000001,1.6,-0.015984,3.96,-0.15984,3.96,-1.5984,4.04
-0.00015968000000000002,1.6,-0.00015968000000000002,1.6,-0.015968,3.96,-0.15968000000000002,3.96,-1.5968,4.0
-0.00015952000000000002,1.56,-0.00015952000000000002,1.56,-0.015952,4.0,-0.15952,3.96,-1.5952000000000002,4.0
-0.00015936000000000002,1.6,-0.00015936000000000002,1.56,-0.015936,4.0,-0.15936,4.0,-1.5936000000000001,4.0
-0.00015920000000000002,1.6,-0.00015920000000000002,1.6,-0.01592,3.96,-0.1592,4.0,-1.592,3.96
-0.00015904000000000002,1.56,-0.00015904000000000002,1.56,-0.015904,4.0,-0.15904000000000001,4.0,-1.5904,4.0
-0.00015888000000000002,1.6,-0.00015888000000000002,1.56,-0.015888,4.0,-0.15888,4.0,-1.5888,4.0
-0.00015872000000000003,1.6,-0.00015872000000000003,1.6,-0.015872,3.96,-0.15872,3.96,-1.5872000000000002,4.0
-0.00015856,1.56,-0.00015856,1.6,-0.015856000000000002,3.96,-0.15856,3.96,-1.5856000000000001,3.96
-0.0001584,1.56,-0.0001584,1.56,-0.01584,4.0,-0.1584,4.0,-1.584,4.0
-0.00015824,1.56,-0.00015824,1.6,-0.015824,3.96,-0.15824,4.0,-1.5824,4.0
-0.00015808,1.52,-0.00015808,1.56,-0.015808,3.96,-0.15808,3.96,-1.5808,4.0
-0.00015792,1.56,-0.00015792,1.6,-0.015792,3.96,-0.15792,3.96,-1.5792000000000002,4.0
-0.00015776,1.56,-0.00015776,1.56,-0.015776000000000002,3.96,-0.15776,4.0,-1.5776000000000001,3.96
-0.0001576,1.56,-0.0001576,1.56,-0.01576,3.96,-0.1576,4.0,-1.576,4.0
-0.00015744,1.56,-0.00015744,1.56,-0.015744,4.0,-0.15744,3.96,-1.5744,3.96
-0.00015728,1.56,-0.00015728,1.56,-0.015728,3.96,-0.15728,3.96,-1.5728,4.0
-0.00015712000000000001,1.56,-0.00015712000000000001,1.56,-0.015712,3.96,-0.15712,4.0,-1.5712000000000002,4.0
-0.00015696000000000002,1.56,-0.00015696000000000002,1.56,-0.015696,3.96,-0.15696000000000002,3.96,-1.5696,3.96
-0.00015680000000000002,1.52,-0.00015680000000000002,1.6,-0.01568,4.0,-0.1568,4.0,-1.568,3.96
-0.00015664000000000002,1.56,-0.00015664000000000002,1.56,-0.015664,3.96,-0.15664,3.96,-1.5664,3.96
-0.00015648000000000002,1.56,-0.00015648000000000002,1.56,-0.015648,4.0,-0.15648,3.96,-1.5648000000000002,4.0
-0.00015632000000000002,1.52,-0.00015632000000000002,1.56,-0.015632,3.96,-0.15632000000000001,3.96,-1.5632000000000001,4.0
-0.00015616000000000002,1.52,-0.00015616000000000002,1.52,-0.015616,3.96,-0.15616,4.0,-1.5616,3.96
-0.00015600000000000002,1.52,-0.00015600000000000002,1.52,-0.015600000000000001,3.96,-0.156,3.96,-1.56,4.0
-0.00015584000000000003,1.52,-0.00015584000000000003,1.52,-0.015584,3.96,-0.15584,4.0,-1.5584,4.0
-0.00015568,1.52,-0.00015568,1.56,-0.015568,3.96,-0.15568,4.0,-1.5568000000000002,3.96
-0.00015552,1.52,-0.00015552,1.52,-0.015552,3.96,-0.15552,3.96,-1.5552000000000001,3.96
-0.00015536,1.52,-0.00015536,1.56,-0.015536000000000001,3.96,-0.15536,3.96,-1.5536,4.0
-0.0001552,1.52,-0.0001552,1.56,-0.01552,3.96,-0.1552,3.96,-1.552,4.0
-0.00015504,1.56,-0.00015504,1.56,-0.015504,4.0,-0.15504,3.96,-1.5504,3.96
-0.00015488,1.52,-0.00015488,1.52,-0.015488,4.0,-0.15488,4.0,-1.5488000000000002,3.96
-0.00015472,1.56,-0.00015472,1.52,-0.015472,3.96,-0.15472,3.96,-1.5472000000000001,3.96
-0.00015456,1.52,-0.00015456,1.52,-0.015456000000000001,3.96,-0.15456,3.96,-1.5456,3.96
-0.0001544,1.52,-0.0001544,1.56,-0.01544,4.0,-0.1544,4.0,-1.544,4.0
-0.00015424000000000001,1.52,-0.00015424000000000001,1.56,-0.015424,3.96,-0.15424000000000002,3.96,-1.5424,4.0
-0.00015408000000000002,1.52,-0.00015408000000000002,1.52,-0.015408,4.0,-0.15408,3.96,-1.5408000000000002,3.96
-0.00015392000000000002,1.52,-0.00015392000000000002,1.52,-0.015392000000000001,3.96,-0.15392,4.0,-1.5392000000000001,4.0
-0.00015376000000000002,1.52,-0.00015376000000000002,1.52,-0.015376,3.96,-0.15376,3.96,-1.5376,4.0
-0.00015360000000000002,1.52,-0.00015360000000000002,1.52,-0.01536,3.96,-0.15360000000000001,4.0,-1.536,3.96
-0.00015344000000000002,1.52,-0.00015344000000000002,1.48,-0.015344,4.0,-0.15344,3.96,-1.5344,3.96
-0.00015328000000000002,1.52,-0.00015328000000000002,1.52,-0.015328,3.96,-0.15328,3.96,-1.5328000000000002,3.96
-0.00015312000000000002,1.52,-0.00015312000000000002,1.52,-0.015312000000000001,3.96,-0.15312,3.96,-1.5312000000000001,4.0
-0.00015296,1.48,-0.00015296,1.48,-0.015296,3.96,-0.15296,4.0,-1.5296,3.96
-0.0001528,1.52,-0.0001528,1.52,-0.01528,3.96,-0.1528,3.96,-1.528,4.0
-0.00015264,1.48,-0.00015264,1.52,-0.015264,3.96,-0.15264,3.96,-1.5264000000000002,4.0
-0.00015248,1.48,-0.00015248,1.52,-0.015248000000000001,4.0,-0.15248,4.0,-1.5248000000000002,4.0
-0.00015232,1.48,-0.00015232,1.52,-0.015232,3.96,-0.15232,3.96,-1.5232,4.0
-0.00015216,1.52,-0.00015216,1.52,-0.015216,4.0,-0.15216,4.0,-1.5216,4.0
-0.000152,1.52,-0.000152,1.48,-0.0152,3.96,-0.152,4.0,-1.52,3.96
-0.00015184,1.52,-0.00015184,1.48,-0.015184,4.0,-0.15184,4.0,-1.5184000000000002,3.96
-0.00015168,2.12,-0.00015168,1.48,-0.015168000000000001,3.96,-0.15168,3.96,-1.5168000000000001,4.0
-0.00015152,1.84,-0.00015152,1.84,-0.015152,3.56,-0.15152,4.0,-1.5152,0.04
-0.00015136000000000001,1.84,-0.00015136000000000001,1.84,-0.015136,3.24,-0.15136,1.44,-1.5136,0.0
-0.00015120000000000002,1.8800000000000001,-0.00015120000000000002,1.84,-0.01512,2.88,-0.1512,0.52,-1.512,0.0
-0.00015104000000000002,1.84,-0.00015104000000000002,1.84,-0.015104000000000001,2.56,-0.15104,0.24,-1.5104000000000002,0.0
-0.00015088000000000002,1.8800000000000001,-0.00015088000000000002,1.84,-0.015088,2.32,-0.15088000000000001,0.12,-1.5088000000000001,0.0
-0.00015072000000000002,1.84,-0.00015072000000000002,1.8800000000000001,-0.015072,2.12,-0.15072,0.04,-1.5072,0.0
-0.00015056000000000002,1.8800000000000001,-0.00015056000000000002,1.84,-0.015056,1.8800000000000001,-0.15056,0.04,-1.5056,0.0
-0.00015040000000000002,1.8800000000000001,-0.00015040000000000002,1.8800000000000001,-0.015040000000000001,1.72,-0.1504,0.04,-1.504,0.0
-0.00015024000000000003,1.8800000000000001,-0.00015024000000000003,1.84,-0.015024000000000001,1.56,-0.15024,0.04,-1.5024000000000002,0.0
-0.00015008000000000003,1.84,-0.00015008000000000003,1.84,-0.015008,1.4000000000000001,-0.15008,0.0,-1.5008000000000001,0.0
-0.00014992,1.8800000000000001,-0.00014992,1.8800000000000001,-0.014992,1.28,-0.14992,0.0,-1.4992,0.0
-0.00014976,1.8800000000000001,-0.00014976,1.8800000000000001,-0.014976,1.16,-0.14976,0.0,-1.4976,0.0
-0.0001496,1.8800000000000001,-0.0001496,1.8800000000000001,-0.014960000000000001,1.04,-0.1496,0.04,-1.496,0.04
-0.00014944,1.8800000000000001,-0.00014944,1.8800000000000001,-0.014944,0.96,-0.14944,0.0,-1.4944000000000002,0.0
-0.00014928,1.8800000000000001,-0.00014928,1.8800000000000001,-0.014928,0.84,-0.14928,0.0,-1.4928000000000001,0.04
-0.00014912,1.8800000000000001,-0.00014912,1.8800000000000001,-0.014912,0.76,-0.14912,0.0,-1.4912,0.04
-0.00014896,1.8800000000000001,-0.00014896,1.8800000000000001,-0.014896,0.68,-0.14896,0.0,-1.4896,0.0
-0.0001488,1.8800000000000001,-0.0001488,1.8800000000000001,-0.01488,0.64,-0.1488,0.04,-1.488,0.04
-0.00014864,1.92,-0.00014864,1.8800000000000001,-0.014864,0.56,-0.14864,0.0,-1.4864000000000002,0.04
-0.00014848000000000001,1.92,-0.00014848000000000001,1.92,-0.014848,0.52,-0.14848,0.04,-1.4848000000000001,0.0
-0.00014832000000000002,1.92,-0.00014832000000000002,1.92,-0.014832,0.48,-0.14832,0.0,-1.4832,0.0
-0.00014816000000000002,1.8800000000000001,-0.00014816000000000002,1.92,-0.014816000000000001,0.44,-0.14816000000000001,0.0,-1.4816,0.0
-0.00014800000000000002,1.8800000000000001,-0.00014800000000000002,1.92,-0.0148,0.4,-0.148,0.0,-1.48,0.0
-0.00014784000000000002,1.8800000000000001,-0.00014784000000000002,1.92,-0.014784,0.36,-0.14784,0.04,-1.4784000000000002,0.0
-0.00014768000000000002,1.92,-0.00014768000000000002,1.92,-0.014768,0.32,-0.14768,0.0,-1.4768000000000001,0.0
-0.00014752000000000002,1.92,-0.00014752000000000002,1.92,-0.014752000000000001,0.32,-0.14752,0.0,-1.4752,0.0
-0.00014736000000000003,1.92,-0.00014736000000000003,1.92,-0.014736,0.28,-0.14736,0.0,-1.4736,0.04
-0.0001472,1.92,-0.0001472,1.92,-0.01472,0.24,-0.1472,0.0,-1.472,0.0
-0.00014704,1.92,-0.00014704,1.92,-0.014704,0.24,-0.14704,0.0,-1.4704000000000002,0.0
-0.00014688,1.92,-0.00014688,1.92,-0.014688,0.24,-0.14688,0.0,-1.4688,0.0
-0.00014672,1.96,-0.00014672,1.96,-0.014672000000000001,0.2,-0.14672,0.04,-1.4672,0.0
-0.00014656,1.92,-0.00014656,1.96,-0.014656,0.2,-0.14656,0.04,-1.4656,0.0
-0.0001464,1.92,-0.0001464,1.92,-0.01464,0.16,-0.1464,0.04,-1.464,0.04
-0.00014624,1.92,-0.00014624,1.92,-0.014624,0.12,-0.14624,0.0,-1.4624000000000001,0.0
-0.00014608,1.96,-0.00014608,1.92,-0.014608,0.16,-0.14608,0.0,-1.4608,0.0
-0.00014592,1.96,-0.00014592,1.92,-0.014592,0.12,-0.14592,0.0,-1.4592,0.04
-0.00014576000000000001,1.96,-0.00014576000000000001,1.96,-0.014576,0.12,-0.14576,0.0,-1.4576,0.04
-0.00014560000000000002,1.92,-0.00014560000000000002,1.92,-0.01456,0.12,-0.1456,0.0,-1.456,0.0
-0.00014544000000000002,1.92,-0.00014544000000000002,1.96,-0.014544000000000001,0.12,-0.14544,0.0,-1.4544000000000001,0.04
-0.00014528000000000002,1.96,-0.00014528000000000002,1.96,-0.014528000000000001,0.12,-0.14528,0.0,-1.4528,0.0
-0.00014512000000000002,1.96,-0.00014512000000000002,1.96,-0.014512,0.08,-0.14512,0.04,-1.4512,0.04
-0.00014496000000000002,1.92,-0.00014496000000000002,1.96,-0.014496,0.08,-0.14496,0.0,-1.4496,0.04
-0.00014480000000000002,1.96,-0.00014480000000000002,1.92,-0.01448,0.08,-0.1448,0.0,-1.4480000000000002,0.0
-0.00014464000000000002,1.96,-0.00014464000000000002,1.92,-0.014464000000000001,0.08,-0.14464,0.0,-1.4464000000000001,0.0
-0.00014448,1.96,-0.00014448,1.96,-0.014448,0.08,-0.14448,0.04,-1.4448,0.0
-0.00014432000000000003,1.96,-0.00014432000000000003,1.96,-0.014432,0.08,-0.14432,0.04,-1.4432,0.0
-0.00014416,1.96,-0.00014416,1.96,-0.014416,0.04,-0.14416,0.0,-1.4416,0.0
-0.000144,1.96,-0.000144,2.0,-0.0144,0.08,-0.14400000000000002,0.0,-1.4400000000000002,0.04
-0.00014384,1.96,-0.00014384,2.0,-0.014384000000000001,0.08,-0.14384,0.04,-1.4384000000000001,0.0
-0.00014368,1.96,-0.00014368,1.96,-0.014368,0.04,-0.14368,0.04,-1.4368,0.0
-0.00014352,1.96,-0.00014352,1.96,-0.014352,0.08,-0.14352,0.0,-1.4352,0.0
-0.00014336,1.96,-0.00014336,2.0,-0.014336,0.04,-0.14336,0.0,-1.4336,0.04
-0.0001432,2.0,-0.0001432,1.96,-0.014320000000000001,0.0,-0.1432,0.0,-1.4320000000000002,0.0
-0.00014304,2.0,-0.00014304,2.0,-0.014304,0.04,-0.14304,0.04,-1.4304000000000001,0.0
-0.00014288000000000001,2.0,-0.00014288000000000001,2.0,-0.014288,0.08,-0.14288,0.0,-1.4288,0.0
-0.00014272000000000002,2.0,-0.00014272000000000002,2.0,-0.014272,0.04,-0.14272,0.0,-1.4272,0.0
-0.00014256000000000002,1.96,-0.00014256000000000002,2.0,-0.014256000000000001,0.0,-0.14256,0.0,-1.4256000000000002,0.0
-0.00014240000000000002,1.96,-0.00014240000000000002,2.0,-0.014240000000000001,0.04,-0.1424,0.0,-1.4240000000000002,0.0
-0.00014224000000000002,2.0,-0.00014224000000000002,2.0,-0.014224,0.0,-0.14224,0.0,-1.4224,0.04
-0.00014208000000000002,2.0,-0.00014208000000000002,2.0,-0.014208,0.04,-0.14208,0.0,-1.4208,0.04
-0.00014192000000000002,2.0,-0.00014192000000000002,2.0,-0.014192,0.04,-0.14192,0.04,-1.4192,0.0
-0.00014176,2.0,-0.00014176,2.0,-0.014176000000000001,0.04,-0.14176,0.0,-1.4176000000000002,0.0
-0.00014160000000000003,2.0,-0.00014160000000000003,2.0,-0.01416,0.04,-0.1416,0.0,-1.4160000000000001,0.04
-0.00014144,2.0,-0.00014144,2.0,-0.014144,0.04,-0.14144,0.0,-1.4144,0.04
-0.00014128,2.0,-0.00014128,2.0,-0.014128,0.0,-0.14128000000000002,0.0,-1.4128,0.0
-0.00014112,2.0,-0.00014112,2.04,-0.014112,0.0,-0.14112,0.0,-1.4112,0.04
-0.00014096,2.0,-0.00014096,2.0,-0.014096000000000001,0.04,-0.14096,0.0,-1.4096000000000002,0.0
-0.0001408,2.0,-0.0001408,2.0,-0.01408,0.04,-0.1408,0.0,-1.4080000000000001,0.0
-0.00014064,2.04,-0.00014064,2.0,-0.014064,0.0,-0.14064,0.04,-1.4064,0.0
-0.00014048,2.0,-0.00014048,2.0,-0.014048,0.0,-0.14048,0.0,-1.4048,0.0
-0.00014032,2.0,-0.00014032,2.0,-0.014032000000000001,0.0,-0.14032,0.0,-1.4032,0.0
-0.00014016,2.0,-0.00014016,2.0,-0.014016,0.0,-0.14016,0.0,-1.4016000000000002,0.0
-0.00014000000000000001,2.04,-0.00014000000000000001,2.04,-0.014,0.04,-0.14,0.04,-1.4000000000000001,0.0
-0.00013984000000000002,2.0,-0.00013984000000000002,2.04,-0.013984,0.0,-0.13984,0.0,-1.3984,0.04
-0.00013968000000000002,2.04,-0.00013968000000000002,2.04,-0.013968000000000001,0.0,-0.13968,0.0,-1.3968,0.0
-0.00013952000000000002,2.04,-0.00013952000000000002,2.04,-0.013952,0.04,-0.13952,0.0,-1.3952,0.04
-0.00013936000000000002,2.04,-0.00013936000000000002,2.04,-0.013936,0.04,-0.13936,0.0,-1.3936000000000002,0.0
-0.00013920000000000002,2.04,-0.00013920000000000002,2.04,-0.01392,0.0,-0.1392,0.04,-1.3920000000000001,0.0
-0.00013904000000000002,2.04,-0.00013904000000000002,2.04,-0.013904,0.0,-0.13904,0.0,-1.3904,0.0
-0.00013888000000000003,2.04,-0.00013888000000000003,2.04,-0.013888000000000001,0.0,-0.13888,0.0,-1.3888,0.0
-0.00013872,2.04,-0.00013872,2.04,-0.013872,0.0,-0.13872,0.0,-1.3872,0.0
-0.00013856,2.04,-0.00013856,2.04,-0.013856,0.0,-0.13856000000000002,0.0,-1.3856000000000002,0.0
-0.0001384,2.04,-0.0001384,2.04,-0.01384,0.0,-0.1384,0.0,-1.3840000000000001,0.0
-0.00013824,2.04,-0.00013824,2.04,-0.013824,0.04,-0.13824,0.0,-1.3824,0.04
-0.00013808,2.04,-0.00013808,2.04,-0.013808,0.0,-0.13808,0.0,-1.3808,0.0
-0.00013792,2.04,-0.00013792,2.04,-0.013792,0.0,-0.13792,0.0,-1.3792,0.0
-0.00013776,2.04,-0.00013776,2.04,-0.013776,0.04,-0.13776,0.0,-1.3776000000000002,0.0
-0.0001376,2.04,-0.0001376,2.04,-0.013760000000000001,0.0,-0.1376,0.0,-1.3760000000000001,0.04
-0.00013744,2.04,-0.00013744,2.08,-0.013744000000000001,0.04,-0.13744,0.0,-1.3744,0.0
-0.00013728000000000001,2.04,-0.00013728000000000001,2.08,-0.013728,0.04,-0.13728,0.04,-1.3728,0.0
-0.00013712000000000002,2.08,-0.00013712000000000002,2.08,-0.013712,0.04,-0.13712,0.0,-1.3712,0.0
-0.00013696000000000002,2.08,-0.00013696000000000002,2.08,-0.013696,0.0,-0.13696,0.0,-1.3696000000000002,0.0
-0.00013680000000000002,2.08,-0.00013680000000000002,2.08,-0.013680000000000001,0.0,-0.1368,0.04,-1.368,0.0
-0.00013664000000000002,2.04,-0.00013664000000000002,2.08,-0.013664,0.0,-0.13664,0.0,-1.3664,0.0
-0.00013648000000000002,2.04,-0.00013648000000000002,2.08,-0.013648,0.04,-0.13648,0.04,-1.3648,0.0
-0.00013632000000000002,2.08,-0.00013632000000000002,2.08,-0.013632,0.0,-0.13632,0.0,-1.3632,0.0
-0.00013616000000000002,2.08,-0.00013616000000000002,2.08,-0.013616,0.0,-0.13616,0.0,-1.3616000000000001,0.04
-0.000136,2.08,-0.000136,2.08,-0.013600000000000001,0.0,-0.136,0.0,-1.36,0.0
-0.00013584000000000003,2.08,-0.00013584000000000003,2.08,-0.013584,0.0,-0.13584000000000002,0.0,-1.3584,0.0
-0.00013568,2.08,-0.00013568,2.12,-0.013568,0.0,-0.13568,0.0,-1.3568,0.0
-0.00013552,2.08,-0.00013552,2.08,-0.013552,0.0,-0.13552,0.0,-1.3552,0.0
-0.00013536,2.12,-0.00013536,2.08,-0.013536,0.0,-0.13536,0.0,-1.3536000000000001,0.0
-0.0001352,2.08,-0.0001352,2.12,-0.01352,0.04,-0.1352,0.0,-1.352,0.04
-0.00013504,2.12,-0.00013504,2.12,-0.013504,0.0,-0.13504,0.0,-1.3504,0.0
-0.00013488,2.08,-0.00013488,2.08,-0.013488,0.0,-0.13488,0.0,-1.3488,0.0
-0.00013472,2.08,-0.00013472,2.12,-0.013472000000000001,0.04,-0.13472,0.04,-1.3472,0.0
-0.00013456,2.08,-0.00013456,2.12,-0.013456000000000001,0.04,-0.13456,0.0,-1.3456000000000001,0.0
-0.00013440000000000001,2.12,-0.00013440000000000001,2.08,-0.01344,0.0,-0.1344,0.04,-1.344,0.04
-0.00013424000000000002,2.12,-0.00013424000000000002,2.12,-0.013424,0.0,-0.13424,0.04,-1.3424,0.0
-0.00013408000000000002,2.12,-0.00013408000000000002,2.12,-0.013408,0.04,-0.13408,0.0,-1.3408000000000002,0.0
-0.00013392000000000002,2.16,-0.00013392000000000002,2.08,-0.013392000000000001,0.04,-0.13392,0.0,-1.3392,0.0
-0.00013376000000000002,2.12,-0.00013376000000000002,2.08,-0.013376,0.04,-0.13376,0.0,-1.3376000000000001,0.0
-0.00013360000000000002,2.12,-0.00013360000000000002,2.08,-0.01336,0.0,-0.1336,0.0,-1.336,0.0
-0.00013344000000000002,2.12,-0.00013344000000000002,2.12,-0.013344,0.0,-0.13344,0.0,-1.3344,0.0
-0.00013328,2.12,-0.00013328,2.12,-0.013328,0.0,-0.13328,0.0,-1.3328000000000002,0.0
-0.00013312000000000003,2.12,-0.00013312000000000003,2.08,-0.013312000000000001,0.0,-0.13312000000000002,0.0,-1.3312,0.04
-0.00013296,2.12,-0.00013296,2.08,-0.013296,0.0,-0.13296,0.04,-1.3296000000000001,0.04
-0.0001328,2.12,-0.0001328,2.12,-0.01328,0.0,-0.1328,0.0,-1.328,0.04
-0.00013264,2.12,-0.00013264,2.12,-0.013264000000000001,0.0,-0.13264,0.04,-1.3264,0.04
-0.00013248,2.12,-0.00013248,2.12,-0.013248000000000001,0.0,-0.13248,0.0,-1.3248000000000002,0.0
-0.00013232,2.08,-0.00013232,2.16,-0.013232,0.04,-0.13232,0.0,-1.3232000000000002,0.0
-0.00013216,2.12,-0.00013216,2.12,-0.013216,0.0,-0.13216,0.0,-1.3216,0.0
-0.000132,2.12,-0.000132,2.12,-0.0132,0.0,-0.132,0.0,-1.32,0.04
-0.00013184,2.12,-0.00013184,2.12,-0.013184000000000001,0.0,-0.13184,0.0,-1.3184,0.04
-0.00013168,2.16,-0.00013168,2.12,-0.013168000000000001,0.0,-0.13168,0.0,-1.3168000000000002,0.04
-0.00013152000000000001,2.16,-0.00013152000000000001,2.12,-0.013152,-0.04,-0.13152,0.04,-1.3152000000000001,0.0
-0.00013136000000000002,2.12,-0.00013136000000000002,2.16,-0.013136,0.04,-0.13136,0.04,-1.3136,0.0
-0.00013120000000000002,2.16,-0.00013120000000000002,2.16,-0.01312,0.0,-0.1312,0.0,-1.312,0.04
-0.00013104000000000002,2.16,-0.00013104000000000002,2.12,-0.013104000000000001,0.0,-0.13104,0.0,-1.3104,0.0
-0.00013088000000000002,2.12,-0.00013088000000000002,2.12,-0.013088,0.04,-0.13088,0.0,-1.3088000000000002,0.0
-0.00013072000000000002,2.16,-0.00013072000000000002,2.12,-0.013072,0.0,-0.13072,0.0,-1.3072000000000001,0.0
-0.00013056000000000002,2.16,-0.00013056000000000002,2.12,-0.013056,0.0,-0.13056,0.0,-1.3056,0.0
-0.00013040000000000003,2.16,-0.00013040000000000003,2.16,-0.01304,0.04,-0.13040000000000002,0.04,-1.304,0.0
-0.00013024,2.16,-0.00013024,2.12,-0.013024,0.0,-0.13024,0.0,-1.3024,0.04
-0.00013008,2.16,-0.00013008,2.16,-0.013008,0.0,-0.13008,0.0,-1.3008000000000002,0.0
-0.00012992,2.16,-0.00012992,2.16,-0.012992,0.0,-0.12992,-0.04,-1.2992000000000001,0.0
-0.00012976,2.16,-0.00012976,2.16,-0.012976000000000001,0.0,-0.12976,0.0,-1.2976,0.0
-0.0001296,2.16,-0.0001296,2.16,-0.012960000000000001,0.0,-0.1296,0.0,-1.296,0.0
-0.00012944,2.12,-0.00012944,2.16,-0.012944,0.0,-0.12944,0.04,-1.2944,0.0
-0.00012928,2.16,-0.00012928,2.16,-0.012928,0.0,-0.12928,0.0,-1.2928000000000002,0.0
-0.00012912,2.16,-0.00012912,2.16,-0.012912,0.0,-0.12912,0.0,-1.2912000000000001,0.0
-0.00012896,2.16,-0.00012896,2.16,-0.012896000000000001,0.0,-0.12896,0.04,-1.2896,0.0
-0.00012880000000000001,2.16,-0.00012880000000000001,2.16,-0.01288,0.0,-0.1288,0.0,-1.288,0.04
-0.00012864000000000002,2.2,-0.00012864000000000002,2.16,-0.012864,0.0,-0.12864,0.0,-1.2864,0.04
-0.00012848000000000002,2.16,-0.00012848000000000002,2.16,-0.012848,0.0,-0.12848,0.0,-1.2848000000000002,0.0
-0.00012832000000000002,2.16,-0.00012832000000000002,2.16,-0.012832,0.0,-0.12832,0.04,-1.2832000000000001,0.0
-0.00012816000000000002,2.16,-0.00012816000000000002,2.2,-0.012816000000000001,0.0,-0.12816,0.0,-1.2816,0.04
-0.00012800000000000002,2.16,-0.00012800000000000002,2.16,-0.0128,0.0,-0.128,0.0,-1.28,0.0
-0.00012784,2.16,-0.00012784,2.2,-0.012784,0.0,-0.12784,0.0,-1.2784,0.04
-0.00012768000000000002,2.16,-0.00012768000000000002,2.2,-0.012768,0.0,-0.12768000000000002,0.0,-1.2768000000000002,0.04
-0.00012752,2.2,-0.00012752,2.16,-0.012752,0.0,-0.12752,0.0,-1.2752000000000001,0.0
-0.00012736000000000003,2.2,-0.00012736000000000003,2.2,-0.012736,0.0,-0.12736,0.0,-1.2736,0.0
-0.0001272,2.2,-0.0001272,2.2,-0.01272,0.0,-0.1272,0.0,-1.272,0.04
-0.00012704,2.2,-0.00012704,2.2,-0.012704,0.04,-0.12704,0.04,-1.2704,0.0
-0.00012688,2.2,-0.00012688,2.2,-0.012688000000000001,0.0,-0.12688,0.0,-1.2688000000000001,0.0
-0.00012672,2.2,-0.00012672,2.2,-0.012672000000000001,0.0,-0.12672,0.04,-1.2672,0.04
-0.00012656,2.2,-0.00012656,2.2,-0.012656,0.04,-0.12656,0.0,-1.2656,0.0
-0.0001264,2.2,-0.0001264,2.2,-0.01264,0.0,-0.1264,0.0,-1.264,0.0
-0.00012624,2.2,-0.00012624,2.2,-0.012624,0.0,-0.12624,0.0,-1.2624,0.0
-0.00012608,2.2,-0.00012608,2.2,-0.012608000000000001,0.0,-0.12608,0.0,-1.2608000000000001,0.04
-0.00012592000000000001,2.2,-0.00012592000000000001,2.24,-0.012592,0.0,-0.12592,0.0,-1.2592,0.0
-0.00012576000000000002,2.2,-0.00012576000000000002,2.2,-0.012576,0.0,-0.12576,0.0,-1.2576,0.0
-0.00012560000000000002,2.2,-0.00012560000000000002,2.2,-0.01256,0.04,-0.1256,0.0,-1.256,0.0
-0.00012544000000000002,2.24,-0.00012544000000000002,2.2,-0.012544,0.0,-0.12544,0.0,-1.2544,0.0
-0.00012528000000000002,2.2,-0.00012528000000000002,2.24,-0.012528000000000001,0.0,-0.12528,0.04,-1.2528000000000001,0.04
-0.00012512000000000002,2.2,-0.00012512000000000002,2.24,-0.012512,0.0,-0.12512,0.04,-1.2512,0.04
-0.00012496000000000002,2.24,-0.00012496000000000002,2.24,-0.012496,0.0,-0.12496,0.0,-1.2496,0.0
-0.0001248,2.24,-0.0001248,2.2,-0.012480000000000002,0.04,-0.1248,0.04,-1.248,0.0
-0.00012464000000000003,2.2,-0.00012464000000000003,2.24,-0.012464000000000001,0.04,-0.12464,0.0,-1.2464,0.0
-0.00012448,2.24,-0.00012448,2.2,-0.012448,0.0,-0.12448000000000001,0.0,-1.2448000000000001,0.0
-0.00012432,2.24,-0.00012432,2.2,-0.012432,0.04,-0.12432,0.0,-1.2432,0.0
-0.00012416,2.2,-0.00012416,2.2,-0.012416,0.0,-0.12415999999999999,0.0,-1.2416,0.04
-0.000124,2.24,-0.000124,2.24,-0.012400000000000001,0.0,-0.124,0.0,-1.24,0.04
-0.00012384,2.2,-0.00012384,2.2,-0.012384000000000001,0.0,-0.12384,0.0,-1.2384,0.0
-0.00012368,2.24,-0.00012368,2.24,-0.012368,0.0,-0.12368,0.0,-1.2368000000000001,0.0
-0.00012352,2.2800000000000002,-0.00012352,2.24,-0.012352,0.04,-0.12351999999999999,0.0,-1.2352,0.0
-0.00012336,2.24,-0.00012336,2.2,-0.012336,0.0,-0.12336,0.0,-1.2336,0.0
-0.0001232,2.24,-0.0001232,2.24,-0.012320000000000001,0.04,-0.1232,0.0,-1.2320000000000002,0.04
-0.00012304000000000001,2.24,-0.00012304000000000001,2.24,-0.012304,0.0,-0.12304000000000001,0.0,-1.2304,0.0
-0.00012288000000000002,2.24,-0.00012288000000000002,2.24,-0.012288,0.0,-0.12288,0.0,-1.2288000000000001,0.0
-0.00012272000000000002,2.24,-0.00012272000000000002,2.24,-0.012272,0.0,-0.12272,0.0,-1.2272,0.0
-0.00012256000000000002,2.2800000000000002,-0.00012256000000000002,2.24,-0.012256,0.0,-0.12256,0.04,-1.2256,0.0
-0.00012240000000000002,2.2800000000000002,-0.00012240000000000002,2.2,-0.012240000000000001,0.0,-0.12240000000000001,0.04,-1.2240000000000002,0.0
-0.00012224000000000002,2.2800000000000002,-0.00012224000000000002,2.24,-0.012224,0.0,-0.12224,-0.04,-1.2224000000000002,0.0
-0.00012208,2.2800000000000002,-0.00012208,2.24,-0.012208,0.0,-0.12208,0.04,-1.2208,0.0
-0.00012192000000000001,2.2800000000000002,-0.00012192000000000001,2.24,-0.012192000000000001,0.0,-0.12192,0.04,-1.2192,-0.04
-0.00012176000000000001,2.2,-0.00012176000000000001,2.24,-0.012176000000000001,0.0,-0.12176000000000001,0.0,-1.2176,0.0
-0.00012160000000000001,2.24,-0.00012160000000000001,2.2800000000000002,-0.01216,0.04,-0.1216,0.0,-1.2160000000000002,0.0
-0.00012144,2.24,-0.00012144,2.24,-0.012144,0.0,-0.12143999999999999,0.04,-1.2144000000000001,0.0
-0.00012128,2.24,-0.00012128,2.2800000000000002,-0.012128,0.0,-0.12128,0.04,-1.2128,0.0
-0.00012112,2.2800000000000002,-0.00012112,2.2800000000000002,-0.012112000000000001,0.04,-0.12112,0.0,-1.2112,0.0
-0.00012096000000000001,2.2800000000000002,-0.00012096000000000001,2.24,-0.012096,0.0,-0.12096,0.0,-1.2096,0.0
-0.00012080000000000001,2.24,-0.00012080000000000001,2.24,-0.01208,0.04,-0.12079999999999999,0.0,-1.2080000000000002,0.04
-0.00012064000000000001,2.2800000000000002,-0.00012064000000000001,2.24,-0.012064000000000002,0.0,-0.12064,0.04,-1.2064000000000001,0.04
-0.00012048000000000001,2.24,-0.00012048000000000001,2.2800000000000002,-0.012048,0.0,-0.12048,0.04,-1.2048,0.0
-0.00012032000000000001,2.2800000000000002,-0.00012032000000000001,2.2800000000000002,-0.012032000000000001,0.04,-0.12032000000000001,0.0,-1.2032,0.0
-0.00012016000000000002,2.2800000000000002,-0.00012016000000000002,2.2800000000000002,-0.012016,0.0,-0.12016,0.0,-1.2016,0.04
-0.00012000000000000002,2.32,-0.00012000000000000002,2.24,-0.012,0.0,-0.12,0.04,-1.2000000000000002,0.0
-0.00011984000000000002,2.2800000000000002,-0.00011984000000000002,2.2800000000000002,-0.011984000000000002,0.0,-0.11984,0.0,-1.1984000000000001,0.04
-0.00011968000000000002,2.2800000000000002,-0.00011968000000000002,2.24,-0.011968,0.04,-0.11968000000000001,0.04,-1.1968,0.0
-0.00011952000000000002,2.2800000000000002,-0.00011952000000000002,2.2800000000000002,-0.011952,0.0,-0.11952,0.0,-1.1952,0.0
-0.00011936000000000001,2.2800000000000002,-0.00011936000000000001,2.2800000000000002,-0.011936,0.0,-0.11936,0.0,-1.1936,0.0
-0.00011920000000000001,2.32,-0.00011920000000000001,2.2800000000000002,-0.01192,0.0,-0.1192,0.0,-1.1920000000000002,0.0
-0.00011904000000000001,2.2800000000000002,-0.00011904000000000001,2.2800000000000002,-0.011904000000000001,0.0,-0.11904,0.0,-1.1904000000000001,0.0
-0.00011888000000000001,2.2800000000000002,-0.00011888000000000001,2.32,-0.011888,0.0,-0.11888,0.04,-1.1888,0.0
-0.00011872000000000002,2.32,-0.00011872000000000002,2.2800000000000002,-0.011872,0.0,-0.11871999999999999,0.0,-1.1872,0.04
-0.00011856,2.2800000000000002,-0.00011856,2.2800000000000002,-0.011856,0.0,-0.11856,0.0,-1.1856,0.0
-0.0001184,2.32,-0.0001184,2.2800000000000002,-0.01184,0.0,-0.1184,0.0,-1.1840000000000002,0.04
-0.00011824,2.32,-0.00011824,2.2800000000000002,-0.011824000000000001,0.0,-0.11824,0.0,-1.1824000000000001,0.0
-0.00011808000000000001,2.32,-0.00011808000000000001,2.24,-0.011808,0.0,-0.11807999999999999,0.0,-1.1808,0.0
-0.00011792000000000001,2.32,-0.00011792000000000001,2.32,-0.011792,0.0,-0.11792,0.0,-1.1792,0.04
-0.00011776000000000001,2.32,-0.00011776000000000001,2.2800000000000002,-0.011776000000000002,0.0,-0.11776,0.0,-1.1776,0.0
-0.00011760000000000001,2.2800000000000002,-0.00011760000000000001,2.32,-0.01176,0.0,-0.11760000000000001,0.0,-1.1760000000000002,0.0
-0.00011744000000000001,2.32,-0.00011744000000000001,2.32,-0.011744000000000001,0.04,-0.11744,0.04,-1.1744,0.04
-0.00011728000000000002,2.2800000000000002,-0.00011728000000000002,2.2800000000000002,-0.011728,0.04,-0.11728,0.0,-1.1728,0.0
-0.00011712000000000002,2.32,-0.00011712000000000002,2.2800000000000002,-0.011712,0.0,-0.11712,0.0,-1.1712,0.0
-0.00011696000000000002,2.32,-0.00011696000000000002,2.32,-0.011696000000000002,0.0,-0.11696000000000001,0.04,-1.1696,0.04
-0.00011680000000000002,2.32,-0.00011680000000000002,2.32,-0.01168,0.0,-0.1168,0.0,-1.1680000000000001,0.0
-0.00011664000000000002,2.2800000000000002,-0.00011664000000000002,2.32,-0.011664,0.0,-0.11664,0.0,-1.1664,0.04
-0.00011648000000000001,2.32,-0.00011648000000000001,2.36,-0.011648,0.0,-0.11648,0.0,-1.1648,0.0
-0.00011632000000000001,2.36,-0.00011632000000000001,2.32,-0.011632,0.0,-0.11632,0.0,-1.1632,0.04
-0.00011616000000000001,2.32,-0.00011616000000000001,2.32,-0.011616000000000001,0.0,-0.11616,0.04,-1.1616,0.04
-0.00011600000000000001,2.32,-0.00011600000000000001,2.32,-0.011600000000000001,0.0,-0.11599999999999999,0.0,-1.1600000000000001,0.04
-0.00011584,2.36,-0.00011584,2.32,-0.011584,0.0,-0.11584,0.0,-1.1584,0.0
-0.00011568,2.32,-0.00011568,2.32,-0.011568,0.0,-0.11568,0.0,-1.1568,0.0
-0.00011552,2.36,-0.00011552,2.32,-0.011552,0.0,-0.11552,0.0,-1.1552,0.0
-0.00011536000000000001,2.36,-0.00011536000000000001,2.36,-0.011536000000000001,0.0,-0.11535999999999999,0.04,-1.1536,0.0
-0.00011520000000000001,2.32,-0.00011520000000000001,2.36,-0.01152,0.0,-0.1152,0.0,-1.1520000000000001,0.04
-0.00011504000000000001,2.32,-0.00011504000000000001,2.36,-0.011504,0.0,-0.11504,0.04,-1.1504,0.0
-0.00011488000000000001,2.36,-0.00011488000000000001,2.32,-0.011488000000000002,0.0,-0.11488000000000001,0.0,-1.1488,0.04
-0.00011472000000000001,2.32,-0.00011472000000000001,2.4,-0.011472,0.0,-0.11472,0.0,-1.1472,0.0
-0.00011456000000000001,2.36,-0.00011456000000000001,2.32,-0.011456000000000001,0.04,-0.11456,0.04,-1.1456,0.0
-0.00011440000000000002,2.32,-0.00011440000000000002,2.36,-0.01144,0.04,-0.1144,0.04,-1.1440000000000001,0.0
-0.00011424000000000002,2.36,-0.00011424000000000002,2.36,-0.011424,0.0,-0.11424000000000001,0.0,-1.1424,0.04
-0.00011408000000000002,2.32,-0.00011408000000000002,2.32,-0.011408000000000001,0.04,-0.11408,0.0,-1.1408,0.0
-0.00011392000000000002,2.36,-0.00011392000000000002,2.32,-0.011392,0.0,-0.11392,0.0,-1.1392,0.0
-0.00011376000000000002,2.36,-0.00011376000000000002,2.36,-0.011376,0.0,-0.11376,0.0,-1.1376,0.0
-0.00011360000000000001,2.36,-0.00011360000000000001,2.36,-0.01136,0.04,-0.1136,0.0,-1.1360000000000001,0.04
-0.00011344000000000001,2.36,-0.00011344000000000001,2.36,-0.011344,0.0,-0.11344,0.0,-1.1344,0.0
-0.00011328000000000001,2.36,-0.00011328000000000001,2.36,-0.011328000000000001,-0.04,-0.11327999999999999,0.04,-1.1328,0.0
-0.00011312000000000001,2.36,-0.00011312000000000001,2.36,-0.011312000000000001,0.0,-0.11312,0.0,-1.1312,0.0
-0.00011296,2.32,-0.00011296,2.36,-0.011296,0.0,-0.11296,0.0,-1.1296,0.04
-0.0001128,2.32,-0.0001128,2.36,-0.011280000000000002,0.0,-0.1128,0.0,-1.1280000000000001,0.0
-0.00011264,2.36,-0.00011264,2.36,-0.011264,0.04,-0.11263999999999999,0.0,-1.1264,0.04
-0.00011248000000000001,2.36,-0.00011248000000000001,2.36,-0.011248000000000001,0.0,-0.11248,0.0,-1.1248,0.04
-0.00011232000000000001,2.36,-0.00011232000000000001,2.4,-0.011232,0.04,-0.11232,0.04,-1.1232000000000002,0.04
-0.00011216000000000001,2.36,-0.00011216000000000001,2.4,-0.011216,0.0,-0.11216000000000001,0.0,-1.1216,0.0
-0.00011200000000000001,2.36,-0.00011200000000000001,2.36,-0.011200000000000002,0.0,-0.112,0.0,-1.12,0.0
-0.00011184000000000001,2.36,-0.00011184000000000001,2.4,-0.011184,0.0,-0.11184,0.04,-1.1184,0.04
-0.00011168000000000001,2.36,-0.00011168000000000001,2.36,-0.011168,0.0,-0.11168,0.0,-1.1168,0.0
-0.00011152000000000002,2.36,-0.00011152000000000002,2.36,-0.011152,0.04,-0.11152000000000001,0.0,-1.1152000000000002,0.04
-0.00011136000000000002,2.36,-0.00011136000000000002,2.36,-0.011136,0.0,-0.11136,0.0,-1.1136000000000001,0.04
-0.00011120000000000002,2.36,-0.00011120000000000002,2.36,-0.011120000000000001,0.04,-0.1112,0.04,-1.112,0.0
-0.00011104000000000002,2.36,-0.00011104000000000002,2.36,-0.011104,0.0,-0.11104,0.0,-1.1104,0.04
-0.00011088000000000001,2.36,-0.00011088000000000001,2.36,-0.011088,0.04,-0.11088,0.04,-1.1088,0.04
-0.00011072000000000001,2.4,-0.00011072000000000001,2.36,-0.011072,0.0,-0.11072,0.0,-1.1072000000000002,0.0
-0.00011056000000000001,2.36,-0.00011056000000000001,2.36,-0.011056,0.04,-0.11055999999999999,0.04,-1.1056000000000001,0.04
-0.00011040000000000001,2.36,-0.00011040000000000001,2.4,-0.011040000000000001,0.0,-0.1104,0.0,-1.104,0.0
-0.00011024000000000002,2.36,-0.00011024000000000002,2.36,-0.011024,0.0,-0.11024,0.04,-1.1024,0.0
-0.00011008,2.36,-0.00011008,2.4,-0.011008,0.0,-0.11008,0.0,-1.1008,0.0
-0.00010992,2.36,-0.00010992,2.4,-0.010992000000000002,0.0,-0.10991999999999999,0.0,-1.0992000000000002,0.0
-0.00010976,2.4,-0.00010976,2.36,-0.010976,0.0,-0.10976,0.0,-1.0976,0.0
-0.00010960000000000001,2.36,-0.00010960000000000001,2.4,-0.010960000000000001,0.0,-0.1096,0.0,-1.096,0.0
-0.00010944000000000001,2.4,-0.00010944000000000001,2.4,-0.010944,0.0,-0.10944000000000001,0.0,-1.0944,0.04
-0.00010928000000000001,2.4,-0.00010928000000000001,2.4,-0.010928,0.0,-0.10928,0.04,-1.0928,0.04
-0.00010912000000000001,2.4,-0.00010912000000000001,2.4,-0.010912000000000002,0.0,-0.10912,0.0,-1.0912000000000002,0.0
-0.00010896000000000001,2.4,-0.00010896000000000001,2.36,-0.010896,0.0,-0.10896,0.04,-1.0896,0.0
-0.00010880000000000002,2.4,-0.00010880000000000002,2.4,-0.01088,0.0,-0.10880000000000001,0.04,-1.088,0.0
-0.00010864000000000002,2.36,-0.00010864000000000002,2.4,-0.010864,0.04,-0.10864,0.0,-1.0864,0.0
-0.00010848000000000002,2.4,-0.00010848000000000002,2.36,-0.010848,0.0,-0.10848,0.0,-1.0848,0.04
-0.00010832000000000002,2.4,-0.00010832000000000002,2.4,-0.010832000000000001,0.0,-0.10832,0.04,-1.0832000000000002,0.04
-0.00010816000000000002,2.4,-0.00010816000000000002,2.4,-0.010816000000000001,0.0,-0.10816,0.0,-1.0816000000000001,0.0
-0.00010800000000000001,2.44,-0.00010800000000000001,2.44,-0.0108,-0.04,-0.108,0.0,-1.08,0.04
-0.00010784000000000001,2.4,-0.00010784000000000001,2.4,-0.010784,0.0,-0.10783999999999999,0.0,-1.0784,0.04
-0.00010768000000000001,2.4,-0.00010768000000000001,2.4,-0.010768,0.0,-0.10768,-0.04,-1.0768,0.0
-0.00010752000000000001,2.4,-0.00010752000000000001,2.4,-0.010752000000000001,0.0,-0.10752,0.0,-1.0752000000000002,0.04
-0.00010736,2.4,-0.00010736,2.4,-0.010736,0.0,-0.10736,0.0,-1.0736,0.0
-0.0001072,2.44,-0.0001072,2.4,-0.01072,0.0,-0.10719999999999999,0.0,-1.072,0.04
-0.00010704,2.4,-0.00010704,2.4,-0.010704000000000002,0.0,-0.10704,0.0,-1.0704,0.0
-0.00010688,2.4,-0.00010688,2.4,-0.010688,0.0,-0.10688,0.0,-1.0688,0.04
-0.00010672000000000001,2.4,-0.00010672000000000001,2.4,-0.010672000000000001,0.0,-0.10672000000000001,0.0,-1.0672000000000001,0.04
-0.00010656000000000001,2.44,-0.00010656000000000001,2.44,-0.010656,0.0,-0.10656,0.0,-1.0656,0.04
-0.00010640000000000001,2.4,-0.00010640000000000001,2.44,-0.01064,0.0,-0.1064,0.04,-1.064,0.04
-0.00010624000000000001,2.44,-0.00010624000000000001,2.44,-0.010624000000000001,0.0,-0.10624,0.0,-1.0624,0.04
-0.00010608000000000001,2.44,-0.00010608000000000001,2.4,-0.010608,0.0,-0.10608000000000001,0.0,-1.0608,0.04
-0.00010592000000000002,2.44,-0.00010592000000000002,2.44,-0.010592,0.0,-0.10592,0.0,-1.0592000000000001,0.0
-0.00010576000000000002,2.44,-0.00010576000000000002,2.44,-0.010576,0.0,-0.10575999999999999,0.0,-1.0576,0.04
-0.00010560000000000002,2.44,-0.00010560000000000002,2.44,-0.01056,0.04,-0.1056,0.0,-1.056,0.0
-0.00010544000000000002,2.44,-0.00010544000000000002,2.44,-0.010544000000000001,0.0,-0.10544,0.0,-1.0544000000000002,0.0
-0.00010528000000000002,2.48,-0.00010528000000000002,2.44,-0.010528000000000001,0.0,-0.10528,0.04,-1.0528,0.0
-0.00010512000000000001,2.44,-0.00010512000000000001,2.44,-0.010512,0.0,-0.10511999999999999,0.0,-1.0512000000000001,0.04
-0.00010496000000000001,2.48,-0.00010496000000000001,2.44,-0.010496000000000002,0.0,-0.10496,0.0,-1.0496,0.0
-0.00010480000000000001,2.44,-0.00010480000000000001,2.4,-0.01048,0.0,-0.1048,0.0,-1.048,0.0
-0.00010464000000000001,2.48,-0.00010464000000000001,2.4,-0.010464000000000001,0.0,-0.10464,0.0,-1.0464000000000002,0.04
-0.00010448,2.44,-0.00010448,2.48,-0.010448,0.0,-0.10447999999999999,0.04,-1.0448,0.0
-0.00010432,2.48,-0.00010432,2.44,-0.010432,0.0,-0.10432,0.04,-1.0432000000000001,0.0
-0.00010416,2.44,-0.00010416,2.44,-0.010416000000000002,0.04,-0.10416,0.0,-1.0416,0.0
-0.00010400000000000001,2.44,-0.00010400000000000001,2.48,-0.0104,0.0,-0.10400000000000001,0.04,-1.04,0.0
-0.00010384000000000001,2.44,-0.00010384000000000001,2.44,-0.010384000000000001,0.0,-0.10384,0.04,-1.0384000000000002,0.0
-0.00010368000000000001,2.48,-0.00010368000000000001,2.48,-0.010368,0.0,-0.10368,0.0,-1.0368,0.0
-0.00010352000000000001,2.44,-0.00010352000000000001,2.44,-0.010352,0.0,-0.10352,0.0,-1.0352000000000001,0.0
-0.00010336000000000001,2.48,-0.00010336000000000001,2.44,-0.010336000000000001,0.0,-0.10336000000000001,0.0,-1.0336,0.0
-0.00010320000000000001,2.48,-0.00010320000000000001,2.44,-0.01032,0.0,-0.1032,0.04,-1.032,0.0
-0.00010304000000000002,2.48,-0.00010304000000000002,2.48,-0.010304,0.0,-0.10303999999999999,0.04,-1.0304000000000002,0.0
-0.00010288000000000002,2.48,-0.00010288000000000002,2.44,-0.010288,0.0,-0.10288,0.04,-1.0288,0.0
-0.00010272000000000002,2.48,-0.00010272000000000002,2.48,-0.010272,0.0,-0.10272,0.0,-1.0272000000000001,0.04
-0.00010256000000000002,2.44,-0.00010256000000000002,2.48,-0.010256000000000001,0.0,-0.10256,0.04,-1.0256,0.04
-0.00010240000000000001,2.44,-0.00010240000000000001,2.48,-0.01024,0.04,-0.10239999999999999,0.0,-1.024,0.0
-0.00010224000000000001,2.44,-0.00010224000000000001,2.44,-0.010224,0.04,-0.10224,0.0,-1.0224000000000002,0.0
-0.00010208000000000001,2.48,-0.00010208000000000001,2.48,-0.010208000000000002,0.0,-0.10208,0.0,-1.0208,0.0
-0.00010192000000000001,2.48,-0.00010192000000000001,2.44,-0.010192,0.0,-0.10192,0.04,-1.0192,0.04
-0.00010176000000000002,2.52,-0.00010176000000000002,2.48,-0.010176000000000001,0.0,-0.10175999999999999,0.0,-1.0176,0.04
-0.0001016,2.48,-0.0001016,2.48,-0.01016,0.0,-0.1016,0.0,-1.016,0.0
-0.00010144,2.48,-0.00010144,2.48,-0.010144,0.0,-0.10144,0.0,-1.0144000000000002,0.0
-0.00010128,2.48,-0.00010128,2.48,-0.010128000000000002,0.04,-0.10128000000000001,0.04,-1.0128,0.04
-0.00010112000000000001,2.32,-0.00010112000000000001,2.48,-0.010112,0.0,-0.10112,0.0,-1.0112,0.04
-0.00010096000000000001,2.12,-0.00010096000000000001,2.16,-0.010096,0.56,-0.10096,1.24,-1.0096,4.0
-0.00010080000000000001,2.16,-0.00010080000000000001,2.16,-0.01008,0.88,-0.1008,3.0,-1.008,4.0
-0.00010064000000000001,2.12,-0.00010064000000000001,2.08,-0.010064,1.2,-0.10064000000000001,3.6,-1.0064000000000002,4.0
-0.00010048000000000001,2.12,-0.00010048000000000001,2.16,-0.010048000000000001,1.48,-0.10048,3.84,-1.0048,4.0
-0.00010032000000000002,2.12,-0.00010032000000000002,2.12,-0.010032000000000001,1.76,-0.10031999999999999,3.92,-1.0032,3.96
-0.00010016000000000002,2.12,-0.00010016000000000002,2.08,-0.010016,1.96,-0.10016,3.96,-1.0016,4.0
-0.00010000000000000002,2.08,-0.00010000000000000002,2.08,-0.01,2.12,-0.1,3.96,-1.0,4.0
-9.984000000000002e-05,2.08,-9.984000000000002e-05,2.12,-0.009984,2.36,-0.09984,3.96,-0.9984000000000001,4.0
-9.968000000000002e-05,2.08,-9.968000000000002e-05,2.08,-0.009968000000000001,2.48,-0.09967999999999999,3.96,-0.9968,4.0
-9.952000000000001e-05,2.08,-9.952000000000001e-05,2.08,-0.009952,2.6,-0.09952,4.0,-0.9952000000000001,4.0
-9.936000000000001e-05,2.08,-9.936000000000001e-05,2.08,-0.009936,2.7600000000000002,-0.09936,3.96,-0.9936,4.0
-9.920000000000001e-05,2.08,-9.920000000000001e-05,2.08,-0.009920000000000002,2.84,-0.0992,3.96,-0.9920000000000001,3.96
-9.904000000000001e-05,2.08,-9.904000000000001e-05,2.08,-0.009904,2.96,-0.09903999999999999,3.96,-0.9904000000000001,4.0
-9.888000000000002e-05,2.08,-9.888000000000002e-05,2.08,-0.009888000000000001,3.04,-0.09888,4.0,-0.9888,3.96
-9.872000000000002e-05,2.08,-9.872000000000002e-05,2.08,-0.009872,3.12,-0.09872,4.0,-0.9872000000000001,4.04
-9.856e-05,2.08,-9.856e-05,2.08,-0.009856,3.2,-0.09856,3.96,-0.9856,4.0
-9.84e-05,2.08,-9.84e-05,2.08,-0.009840000000000002,3.2800000000000002,-0.0984,4.0,-0.9840000000000001,3.96
-9.824000000000001e-05,2.08,-9.824000000000001e-05,2.08,-0.009824,3.4,-0.09824,4.0,-0.9824,4.0
-9.808000000000001e-05,2.08,-9.808000000000001e-05,2.04,-0.009808,3.4,-0.09808,4.0,-0.9808,4.0
-9.792000000000001e-05,2.04,-9.792000000000001e-05,2.08,-0.009792,3.48,-0.09792000000000001,3.96,-0.9792000000000001,4.0
-9.776000000000001e-05,2.08,-9.776000000000001e-05,2.08,-0.009776,3.52,-0.09776,4.0,-0.9776,3.96
-9.760000000000001e-05,2.08,-9.760000000000001e-05,2.08,-0.009760000000000001,3.56,-0.09759999999999999,3.96,-0.9760000000000001,3.96
-9.744000000000002e-05,2.04,-9.744000000000002e-05,2.08,-0.009744000000000001,3.6,-0.09744,4.0,-0.9744,3.96
-9.728000000000002e-05,2.04,-9.728000000000002e-05,2.08,-0.009728,3.6,-0.09727999999999999,3.96,-0.9728000000000001,4.0
-9.712e-05,2.04,-9.712e-05,2.04,-0.009712000000000002,3.64,-0.09712,3.96,-0.9712000000000001,4.0
-9.696000000000001e-05,2.04,-9.696000000000001e-05,2.08,-0.009696,3.68,-0.09696,3.96,-0.9696,4.0
-9.680000000000001e-05,2.04,-9.680000000000001e-05,2.04,-0.009680000000000001,3.72,-0.0968,4.0,-0.9680000000000001,4.0
-9.664000000000001e-05,2.08,-9.664000000000001e-05,2.04,-0.009664,3.72,-0.09664,3.96,-0.9664,3.96
-9.648000000000001e-05,2.04,-9.648000000000001e-05,2.04,-0.009648,3.7600000000000002,-0.09648,4.0,-0.9648000000000001,4.0
-9.632000000000001e-05,2.04,-9.632000000000001e-05,2.04,-0.009632000000000002,3.7600000000000002,-0.09632,3.96,-0.9632000000000001,4.0
-9.616000000000001e-05,2.08,-9.616000000000001e-05,2.08,-0.009616,3.8000000000000003,-0.09616,4.0,-0.9616,4.0
-9.600000000000002e-05,2.04,-9.600000000000002e-05,2.0,-0.009600000000000001,3.8000000000000003,-0.096,4.0,-0.9600000000000001,4.0
-9.584000000000002e-05,2.04,-9.584000000000002e-05,2.04,-0.009584,3.8000000000000003,-0.09584,3.96,-0.9584,4.0
-9.568e-05,2.04,-9.568e-05,2.04,-0.009568,3.84,-0.09568,4.0,-0.9568000000000001,4.0
-9.552000000000001e-05,2.04,-9.552000000000001e-05,2.04,-0.009552000000000001,3.84,-0.09552,4.04,-0.9552,3.96
-9.536000000000001e-05,2.04,-9.536000000000001e-05,2.0,-0.009536,3.88,-0.09536,4.0,-0.9536,4.0
-9.520000000000001e-05,2.04,-9.520000000000001e-05,2.04,-0.00952,3.84,-0.09519999999999999,3.96,-0.9520000000000001,4.0
-9.504000000000001e-05,2.04,-9.504000000000001e-05,2.0,-0.009504,3.88,-0.09504,3.96,-0.9504,4.0
-9.488000000000001e-05,2.04,-9.488000000000001e-05,2.04,-0.009488,3.88,-0.09487999999999999,4.0,-0.9488000000000001,3.96
-9.472000000000001e-05,2.04,-9.472000000000001e-05,2.04,-0.009472000000000001,3.88,-0.09472,4.0,-0.9472,3.96
-9.456000000000002e-05,2.0,-9.456000000000002e-05,2.0,-0.009456,3.92,-0.09455999999999999,4.0,-0.9456000000000001,4.0
-9.440000000000002e-05,2.04,-9.440000000000002e-05,2.0,-0.00944,3.92,-0.0944,4.0,-0.9440000000000001,4.0
-9.424e-05,2.04,-9.424e-05,2.0,-0.009424000000000002,3.92,-0.09424,4.0,-0.9424,4.0
-9.408000000000001e-05,2.0,-9.408000000000001e-05,2.0,-0.009408,3.88,-0.09408,3.96,-0.9408000000000001,3.96
-9.392000000000001e-05,2.0,-9.392000000000001e-05,2.0,-0.009392000000000001,3.92,-0.09392,4.0,-0.9392,3.96
-9.376000000000001e-05,2.0,-9.376000000000001e-05,2.0,-0.009376,3.92,-0.09376,4.0,-0.9376000000000001,3.96
-9.360000000000001e-05,2.0,-9.360000000000001e-05,2.0,-0.00936,3.92,-0.0936,4.0,-0.936,4.0
-9.344000000000001e-05,2.04,-9.344000000000001e-05,2.04,-0.009344000000000002,3.96,-0.09344,4.0,-0.9344,3.96
-9.328000000000001e-05,2.0,-9.328000000000001e-05,2.0,-0.009328,3.92,-0.09328,3.96,-0.9328000000000001,3.96
-9.312000000000002e-05,2.0,-9.312000000000002e-05,2.0,-0.009312,3.96,-0.09312,3.96,-0.9312,3.96
-9.296000000000002e-05,2.0,-9.296000000000002e-05,2.0,-0.009296,3.92,-0.09296,4.0,-0.9296000000000001,4.0
-9.28e-05,2.0,-9.28e-05,2.0,-0.00928,3.96,-0.0928,3.96,-0.928,4.0
-9.264000000000001e-05,1.96,-9.264000000000001e-05,2.0,-0.009264000000000001,3.92,-0.09264,3.96,-0.9264,4.0
-9.248000000000001e-05,2.0,-9.248000000000001e-05,1.96,-0.009248000000000001,3.96,-0.09247999999999999,4.0,-0.9248000000000001,3.96
-9.232000000000001e-05,2.0,-9.232000000000001e-05,2.0,-0.009232,3.92,-0.09232,3.96,-0.9232,4.0
-9.216000000000001e-05,2.0,-9.216000000000001e-05,2.0,-0.009216,3.96,-0.09215999999999999,4.0,-0.9216000000000001,4.0
-9.200000000000001e-05,2.0,-9.200000000000001e-05,2.0,-0.0092,4.0,-0.092,3.96,-0.92,3.96
-9.184000000000002e-05,2.0,-9.184000000000002e-05,2.0,-0.009184000000000001,3.96,-0.09183999999999999,4.0,-0.9184000000000001,4.0
-9.168000000000002e-05,2.0,-9.168000000000002e-05,2.0,-0.009168,3.92,-0.09168,3.96,-0.9168000000000001,4.0
-9.152000000000002e-05,2.0,-9.152000000000002e-05,2.0,-0.009152,3.96,-0.09152,4.0,-0.9152,3.96
-9.136e-05,1.96,-9.136e-05,1.96,-0.009136000000000002,3.96,-0.09136,3.96,-0.9136000000000001,4.0
-9.120000000000001e-05,1.96,-9.120000000000001e-05,2.0,-0.00912,4.0,-0.0912,3.96,-0.912,4.0
-9.104000000000001e-05,2.0,-9.104000000000001e-05,1.96,-0.009104000000000001,3.96,-0.09104,4.0,-0.9104000000000001,3.96
-9.088000000000001e-05,1.96,-9.088000000000001e-05,1.96,-0.009088,3.96,-0.09088,3.96,-0.9088,3.96
-9.072000000000001e-05,1.96,-9.072000000000001e-05,2.0,-0.009072,3.96,-0.09072,4.0,-0.9072,3.96
-9.056000000000001e-05,1.96,-9.056000000000001e-05,1.96,-0.009056000000000002,4.0,-0.09056,4.0,-0.9056000000000001,3.96
-9.040000000000002e-05,1.96,-9.040000000000002e-05,1.96,-0.00904,3.96,-0.0904,4.0,-0.904,3.96
-9.024000000000002e-05,1.96,-9.024000000000002e-05,2.0,-0.009024,3.96,-0.09024,4.0,-0.9024000000000001,3.96
-9.008e-05,1.96,-9.008e-05,1.96,-0.009008,3.96,-0.09008,4.0,-0.9008,3.96
-8.992e-05,1.96,-8.992e-05,1.96,-0.008992,3.96,-0.08992,3.96,-0.8992000000000001,3.96
-8.976000000000001e-05,1.96,-8.976000000000001e-05,1.96,-0.008976000000000001,4.0,-0.08975999999999999,3.96,-0.8976000000000001,3.96
-8.960000000000001e-05,1.96,-8.960000000000001e-05,1.96,-0.008960000000000001,3.96,-0.0896,4.0,-0.896,4.0
-8.944000000000001e-05,1.96,-8.944000000000001e-05,1.96,-0.008944,4.0,-0.08943999999999999,3.96,-0.8944000000000001,3.96
-8.928000000000001e-05,1.92,-8.928000000000001e-05,1.96,-0.008928000000000002,4.0,-0.08928,4.0,-0.8928,4.0
-8.912000000000001e-05,1.92,-8.912000000000001e-05,1.92,-0.008912,3.96,-0.08911999999999999,3.96,-0.8912000000000001,4.0
-8.896000000000002e-05,1.92,-8.896000000000002e-05,1.92,-0.008896000000000001,3.96,-0.08896,4.0,-0.8896000000000001,4.0
-8.880000000000002e-05,1.96,-8.880000000000002e-05,1.92,-0.00888,4.0,-0.0888,4.0,-0.888,3.96
-8.864e-05,1.92,-8.864e-05,1.92,-0.008864,3.96,-0.08864,4.0,-0.8864000000000001,4.0
-8.848e-05,1.92,-8.848e-05,1.92,-0.008848000000000002,3.96,-0.08848,4.0,-0.8848,4.0
-8.832000000000001e-05,1.92,-8.832000000000001e-05,1.92,-0.008832,3.96,-0.08832,4.0,-0.8832000000000001,4.0
-8.816000000000001e-05,1.92,-8.816000000000001e-05,1.92,-0.008816000000000001,3.96,-0.08816,4.0,-0.8816,4.0
-8.800000000000001e-05,1.8800000000000001,-8.800000000000001e-05,1.96,-0.0088,3.96,-0.088,3.96,-0.88,4.0
-8.784000000000001e-05,1.92,-8.784000000000001e-05,1.96,-0.008784,4.0,-0.08784,4.0,-0.8784000000000001,4.0
-8.768000000000001e-05,1.92,-8.768000000000001e-05,1.92,-0.008768000000000001,3.96,-0.08768,4.0,-0.8768,4.0
-8.752000000000002e-05,1.92,-8.752000000000002e-05,1.92,-0.008752,3.96,-0.08752,4.0,-0.8752000000000001,4.0
-8.736000000000002e-05,1.92,-8.736000000000002e-05,1.8800000000000001,-0.008736,3.96,-0.08736,4.0,-0.8736,3.96
-8.72e-05,1.92,-8.72e-05,1.8800000000000001,-0.00872,4.0,-0.0872,3.96,-0.8720000000000001,4.0
-8.704000000000001e-05,1.92,-8.704000000000001e-05,1.92,-0.008704,4.0,-0.08703999999999999,4.0,-0.8704000000000001,4.0
-8.688000000000001e-05,1.92,-8.688000000000001e-05,1.8800000000000001,-0.008688000000000001,3.96,-0.08688,3.96,-0.8688,4.0
-8.672000000000001e-05,1.8800000000000001,-8.672000000000001e-05,1.92,-0.008672000000000001,3.96,-0.08671999999999999,4.0,-0.8672000000000001,4.0
-8.656000000000001e-05,1.8800000000000001,-8.656000000000001e-05,1.92,-0.008656,3.96,-0.08656,4.0,-0.8656,3.96
-8.640000000000001e-05,1.92,-8.640000000000001e-05,1.92,-0.008640000000000002,3.96,-0.08639999999999999,3.96,-0.8640000000000001,4.0
-8.624000000000001e-05,1.8800000000000001,-8.624000000000001e-05,1.92,-0.008624,4.0,-0.08624,3.96,-0.8624,3.96
-8.608000000000002e-05,1.8800000000000001,-8.608000000000002e-05,1.92,-0.008608000000000001,3.96,-0.08608,4.0,-0.8608,4.0
-8.592000000000002e-05,1.92,-8.592000000000002e-05,1.8800000000000001,-0.008592,3.96,-0.08592,3.96,-0.8592000000000001,4.0
-8.576e-05,1.8800000000000001,-8.576e-05,1.92,-0.008576,4.0,-0.08576,3.96,-0.8576,4.0
-8.560000000000001e-05,1.92,-8.560000000000001e-05,1.92,-0.008560000000000002,3.96,-0.0856,3.96,-0.8560000000000001,3.96
-8.544000000000001e-05,1.8800000000000001,-8.544000000000001e-05,1.8800000000000001,-0.008544,3.96,-0.08544,3.96,-0.8544,4.0
-8.528000000000001e-05,1.92,-8.528000000000001e-05,1.92,-0.008528,3.96,-0.08528,3.96,-0.8528,4.0
-8.512000000000001e-05,1.8800000000000001,-8.512000000000001e-05,1.92,-0.008512,3.96,-0.08512,4.0,-0.8512000000000001,3.96
-8.496000000000001e-05,1.92,-8.496000000000001e-05,1.8800000000000001,-0.008496,3.96,-0.08496,4.0,-0.8496,4.0
-8.480000000000001e-05,1.92,-8.480000000000001e-05,1.8800000000000001,-0.008480000000000001,4.0,-0.0848,3.96,-0.8480000000000001,3.96
-8.464000000000002e-05,1.92,-8.464000000000002e-05,1.8800000000000001,-0.008464000000000001,3.96,-0.08463999999999999,3.96,-0.8464,4.0
-8.448000000000002e-05,1.8800000000000001,-8.448000000000002e-05,1.8800000000000001,-0.008448,4.0,-0.08448,4.0,-0.8448000000000001,3.96
-8.432e-05,1.8800000000000001,-8.432e-05,1.8800000000000001,-0.008432,3.96,-0.08431999999999999,3.96,-0.8432000000000001,4.0
-8.416000000000001e-05,1.8800000000000001,-8.416000000000001e-05,1.8800000000000001,-0.008416,3.96,-0.08416,4.0,-0.8416,4.0
-8.400000000000001e-05,1.8800000000000001,-8.400000000000001e-05,1.92,-0.008400000000000001,4.0,-0.08399999999999999,3.96,-0.8400000000000001,3.96
-8.384000000000001e-05,1.84,-8.384000000000001e-05,1.8800000000000001,-0.008384,3.96,-0.08384,3.96,-0.8384,3.96
-8.368000000000001e-05,1.8800000000000001,-8.368000000000001e-05,1.8800000000000001,-0.008368,4.0,-0.08367999999999999,4.0,-0.8368000000000001,3.96
-8.352000000000001e-05,1.8800000000000001,-8.352000000000001e-05,1.8800000000000001,-0.008352000000000002,3.96,-0.08352,3.96,-0.8352,3.96
-8.336000000000002e-05,1.8800000000000001,-8.336000000000002e-05,1.8800000000000001,-0.008336,4.0,-0.08336,3.96,-0.8336,4.0
-8.320000000000002e-05,1.8800000000000001,-8.320000000000002e-05,1.84,-0.008320000000000001,3.96,-0.0832,3.96,-0.8320000000000001,4.0
-8.304000000000002e-05,1.8800000000000001,-8.304000000000002e-05,1.8800000000000001,-0.008304,3.96,-0.08304,4.0,-0.8304,3.96
-8.288e-05,1.8800000000000001,-8.288e-05,1.8800000000000001,-0.008288,3.96,-0.08288,4.0,-0.8288000000000001,4.0
-8.272000000000001e-05,1.8800000000000001,-8.272000000000001e-05,1.84,-0.008272000000000002,3.96,-0.08272,4.0,-0.8272,4.0
-8.256000000000001e-05,1.84,-8.256000000000001e-05,1.8800000000000001,-0.008256,3.96,-0.08256,3.96,-0.8256,4.0
-8.240000000000001e-05,1.84,-8.240000000000001e-05,1.8800000000000001,-0.00824,3.96,-0.0824,3.96,-0.8240000000000001,4.0
-8.224000000000001e-05,1.84,-8.224000000000001e-05,1.84,-0.008224,3.96,-0.08224,4.0,-0.8224,3.96
-8.208000000000001e-05,1.8800000000000001,-8.208000000000001e-05,1.84,-0.008208,3.96,-0.08208,3.96,-0.8208000000000001,4.0
-8.192000000000002e-05,1.84,-8.192000000000002e-05,1.8800000000000001,-0.008192000000000001,3.96,-0.08191999999999999,3.96,-0.8192,4.0
-8.176000000000002e-05,1.8800000000000001,-8.176000000000002e-05,1.84,-0.008176000000000001,3.96,-0.08176,3.96,-0.8176000000000001,4.0
-8.16e-05,1.84,-8.16e-05,1.8800000000000001,-0.00816,4.0,-0.08159999999999999,3.96,-0.8160000000000001,3.96
-8.144e-05,1.84,-8.144e-05,1.84,-0.008144,3.96,-0.08144,4.0,-0.8144,3.96
-8.128000000000001e-05,1.84,-8.128000000000001e-05,1.8,-0.008128000000000002,3.96,-0.08127999999999999,4.0,-0.8128000000000001,4.0
-8.112000000000001e-05,1.84,-8.112000000000001e-05,1.84,-0.008112000000000001,3.96,-0.08112,3.96,-0.8112,4.0
-8.096000000000001e-05,1.8800000000000001,-8.096000000000001e-05,1.84,-0.008096,3.96,-0.08095999999999999,4.0,-0.8096000000000001,4.0
-8.080000000000001e-05,1.84,-8.080000000000001e-05,1.84,-0.00808,4.0,-0.0808,4.0,-0.808,4.0
-8.064000000000001e-05,1.84,-8.064000000000001e-05,1.84,-0.008064,4.0,-0.08064,3.96,-0.8064,3.96
-8.048000000000002e-05,1.84,-8.048000000000002e-05,1.84,-0.008048000000000001,3.96,-0.08048,3.96,-0.8048000000000001,4.0
-8.032000000000002e-05,1.84,-8.032000000000002e-05,1.84,-0.008032000000000001,3.96,-0.08032,3.96,-0.8032,4.0
-8.016e-05,1.8,-8.016e-05,1.84,-0.008016,3.96,-0.08016,3.96,-0.8016000000000001,3.96
-8e-05,1.8,-8e-05,1.84,-0.008,4.0,-0.08,3.96,-0.8,4.0
-7.984000000000001e-05,1.84,-7.984000000000001e-05,1.8,-0.007984000000000002,3.96,-0.07984,4.0,-0.7984,3.96
-7.968000000000001e-05,1.8,-7.968000000000001e-05,1.8,-0.007968000000000001,3.96,-0.07968,3.96,-0.7968000000000001,4.0
-7.952000000000001e-05,1.84,-7.952000000000001e-05,1.8,-0.007952,3.96,-0.07952,3.96,-0.7952,4.0
-7.936000000000001e-05,1.8,-7.936000000000001e-05,1.8,-0.007936,3.96,-0.07936,4.0,-0.7936000000000001,4.0
-7.920000000000001e-05,1.84,-7.920000000000001e-05,1.84,-0.00792,4.0,-0.07919999999999999,4.0,-0.792,4.0
-7.904000000000002e-05,1.8,-7.904000000000002e-05,1.84,-0.007904000000000001,3.96,-0.07904,4.0,-0.7904000000000001,4.0
-7.888000000000002e-05,1.8,-7.888000000000002e-05,1.8,-0.007888000000000001,3.96,-0.07887999999999999,4.0,-0.7888000000000001,4.0
-7.872e-05,1.8,-7.872e-05,1.84,-0.007872,3.96,-0.07872,3.96,-0.7872,4.0
-7.856000000000001e-05,1.8,-7.856000000000001e-05,1.8,-0.007856,3.96,-0.07855999999999999,4.0,-0.7856000000000001,3.96
-7.840000000000001e-05,1.8,-7.840000000000001e-05,1.76,-0.007840000000000001,3.96,-0.0784,3.96,-0.784,4.0
-7.824000000000001e-05,1.84,-7.824000000000001e-05,1.8,-0.007824000000000001,4.0,-0.07823999999999999,3.96,-0.7824000000000001,3.96
-7.808000000000001e-05,1.8,-7.808000000000001e-05,1.76,-0.007808000000000001,3.96,-0.07808,4.0,-0.7808,3.96
-7.792000000000001e-05,1.8,-7.792000000000001e-05,1.8,-0.007792,4.0,-0.07792,3.96,-0.7792,4.0
-7.776000000000001e-05,1.8,-7.776000000000001e-05,1.8,-0.007776,4.0,-0.07776,4.0,-0.7776000000000001,3.96
-7.760000000000002e-05,1.8,-7.760000000000002e-05,1.76,-0.007760000000000001,3.96,-0.0776,4.0,-0.776,3.96
-7.744000000000002e-05,1.8,-7.744000000000002e-05,1.76,-0.007744000000000001,3.96,-0.07744,3.96,-0.7744000000000001,3.96
-7.728e-05,1.8,-7.728e-05,1.8,-0.0077280000000000005,4.0,-0.07728,4.0,-0.7728,3.96
-7.712000000000001e-05,1.8,-7.712000000000001e-05,1.76,-0.007712,3.96,-0.07712,4.0,-0.7712,3.96
-7.696000000000001e-05,1.8,-7.696000000000001e-05,1.8,-0.0076960000000000015,4.0,-0.07696,4.0,-0.7696000000000001,3.96
-7.680000000000001e-05,1.8,-7.680000000000001e-05,1.8,-0.007680000000000001,3.96,-0.0768,4.0,-0.768,4.0
-7.664000000000001e-05,1.84,-7.664000000000001e-05,1.76,-0.007664000000000001,3.96,-0.07664,3.96,-0.7664000000000001,3.96
-7.648000000000001e-05,1.76,-7.648000000000001e-05,1.76,-0.007648,3.96,-0.07647999999999999,4.0,-0.7648,4.0
-7.632000000000001e-05,1.8,-7.632000000000001e-05,1.8,-0.007632,3.96,-0.07632,4.0,-0.7632000000000001,3.96
-7.616000000000002e-05,1.8,-7.616000000000002e-05,1.76,-0.007616000000000001,4.0,-0.07615999999999999,4.0,-0.7616,4.0
-7.600000000000002e-05,1.76,-7.600000000000002e-05,1.76,-0.007600000000000001,3.96,-0.076,4.0,-0.76,3.96
-7.584e-05,1.76,-7.584e-05,1.8,-0.0075840000000000005,3.96,-0.07583999999999999,3.96,-0.7584000000000001,4.0
-7.568000000000001e-05,1.8,-7.568000000000001e-05,1.76,-0.007568,3.96,-0.07568,4.0,-0.7568,4.0
-7.552000000000001e-05,1.8,-7.552000000000001e-05,1.76,-0.007552000000000001,3.96,-0.07551999999999999,4.0,-0.7552000000000001,4.0
-7.536000000000001e-05,1.76,-7.536000000000001e-05,1.8,-0.007536000000000001,4.0,-0.07536,4.0,-0.7536,3.96
-7.520000000000001e-05,1.76,-7.520000000000001e-05,1.76,-0.007520000000000001,4.0,-0.0752,3.96,-0.752,4.0
-7.504000000000001e-05,1.76,-7.504000000000001e-05,1.76,-0.007504,3.96,-0.07504,4.0,-0.7504000000000001,3.96
-7.488000000000001e-05,1.76,-7.488000000000001e-05,1.76,-0.007488,4.0,-0.07488,4.0,-0.7488,4.0
-7.472000000000002e-05,1.8,-7.472000000000002e-05,1.76,-0.007472000000000001,3.96,-0.07472,4.0,-0.7472000000000001,3.96
-7.456000000000002e-05,1.76,-7.456000000000002e-05,1.76,-0.007456000000000001,4.0,-0.07456,4.0,-0.7456,4.0
-7.44e-05,1.76,-7.44e-05,1.76,-0.00744,3.96,-0.0744,3.96,-0.744,4.0
-7.424000000000001e-05,1.76,-7.424000000000001e-05,1.76,-0.007424,4.0,-0.07424,4.0,-0.7424000000000001,3.96
-7.408000000000001e-05,1.76,-7.408000000000001e-05,1.76,-0.007408000000000001,3.96,-0.07408,3.96,-0.7408,4.0
-7.392000000000001e-05,1.76,-7.392000000000001e-05,1.76,-0.007392000000000001,3.96,-0.07392,3.96,-0.7392000000000001,4.0
-7.376000000000001e-05,1.76,-7.376000000000001e-05,1.76,-0.007376000000000001,3.96,-0.07375999999999999,4.0,-0.7376,4.0
-7.360000000000001e-05,1.76,-7.360000000000001e-05,1.76,-0.00736,3.96,-0.0736,3.96,-0.7360000000000001,4.0
-7.344000000000002e-05,1.76,-7.344000000000002e-05,1.76,-0.007344000000000002,3.96,-0.07343999999999999,4.0,-0.7344,4.0
-7.328000000000002e-05,1.76,-7.328000000000002e-05,1.76,-0.007328000000000001,3.96,-0.07328,3.96,-0.7328,4.0
-7.312e-05,1.72,-7.312e-05,1.76,-0.007312000000000001,3.96,-0.07311999999999999,4.0,-0.7312000000000001,4.0
-7.296e-05,1.76,-7.296e-05,1.76,-0.007296,3.96,-0.07296,3.96,-0.7296,4.0
-7.280000000000001e-05,1.76,-7.280000000000001e-05,1.76,-0.00728,3.96,-0.07279999999999999,3.96,-0.7280000000000001,3.96
-7.264000000000001e-05,1.76,-7.264000000000001e-05,1.76,-0.007264000000000001,3.96,-0.07264,3.96,-0.7264,4.0
-7.248000000000001e-05,1.76,-7.248000000000001e-05,1.72,-0.007248000000000001,3.96,-0.07248,4.0,-0.7248,4.0
-7.232000000000001e-05,1.72,-7.232000000000001e-05,1.76,-0.007232000000000001,4.0,-0.07232,3.96,-0.7232000000000001,4.0
-7.216000000000001e-05,1.72,-7.216000000000001e-05,1.76,-0.007216,3.96,-0.07216,3.96,-0.7216,3.96
-7.200000000000002e-05,1.72,-7.200000000000002e-05,1.72,-0.0072000000000000015,4.0,-0.072,3.96,-0.7200000000000001,4.0
-7.184000000000002e-05,1.72,-7.184000000000002e-05,1.76,-0.007184000000000001,4.0,-0.07184,3.96,-0.7184,4.0
-7.168e-05,1.72,-7.168e-05,1.76,-0.007168000000000001,4.0,-0.07168,4.0,-0.7168,4.0
-7.152e-05,1.76,-7.152e-05,1.72,-0.007152,3.96,-0.07152,3.96,-0.7152000000000001,3.96
-7.136000000000001e-05,1.72,-7.136000000000001e-05,1.72,-0.007136,3.96,-0.07135999999999999,3.96,-0.7136,3.96
-7.120000000000001e-05,1.72,-7.120000000000001e-05,1.72,-0.007120000000000001,4.0,-0.0712,4.0,-0.7120000000000001,4.0
-7.104000000000001e-05,1.72,-7.104000000000001e-05,1.72,-0.007104000000000001,3.96,-0.07103999999999999,3.96,-0.7104,3.96
-7.088000000000001e-05,1.72,-7.088000000000001e-05,1.72,-0.0070880000000000006,3.96,-0.07088,3.96,-0.7088000000000001,4.0
-7.072000000000001e-05,1.68,-7.072000000000001e-05,1.72,-0.007072,3.96,-0.07071999999999999,4.0,-0.7072,4.0
-7.056000000000002e-05,1.72,-7.056000000000002e-05,1.72,-0.0070560000000000015,3.96,-0.07056,4.0,-0.7056,3.96
-7.040000000000002e-05,1.72,-7.040000000000002e-05,1.72,-0.007040000000000001,3.96,-0.07039999999999999,4.0,-0.7040000000000001,3.96
-7.024e-05,1.72,-7.024e-05,1.72,-0.007024000000000001,3.96,-0.07024,3.96,-0.7024,4.0
-7.008e-05,1.72,-7.008e-05,1.72,-0.007008,3.96,-0.07007999999999999,4.0,-0.7008000000000001,4.0
-6.992000000000001e-05,1.72,-6.992000000000001e-05,1.72,-0.006992,3.96,-0.06992,3.96,-0.6992,3.96
-6.976000000000001e-05,1.72,-6.976000000000001e-05,1.72,-0.006976000000000001,3.96,-0.06976,4.0,-0.6976,4.0
-6.960000000000001e-05,1.68,-6.960000000000001e-05,1.72,-0.006960000000000001,3.96,-0.0696,3.96,-0.6960000000000001,4.0
-6.944000000000001e-05,1.72,-6.944000000000001e-05,1.72,-0.0069440000000000005,3.96,-0.06944,4.0,-0.6944,3.96
-6.928000000000001e-05,1.68,-6.928000000000001e-05,1.72,-0.006928,4.0,-0.06928,3.96,-0.6928000000000001,3.96
-6.912000000000002e-05,1.68,-6.912000000000002e-05,1.68,-0.0069120000000000015,4.0,-0.06912,3.96,-0.6912,4.0
-6.896000000000002e-05,1.72,-6.896000000000002e-05,1.72,-0.006896000000000001,3.96,-0.06896,3.96,-0.6896,4.0
-6.88e-05,1.68,-6.88e-05,1.68,-0.006880000000000001,3.96,-0.0688,4.0,-0.6880000000000001,3.96
-6.864000000000001e-05,1.68,-6.864000000000001e-05,1.68,-0.006864,3.96,-0.06863999999999999,3.96,-0.6864,4.0
-6.848000000000001e-05,1.68,-6.848000000000001e-05,1.68,-0.006848,3.96,-0.06848,4.0,-0.6848000000000001,4.0
-6.832000000000001e-05,1.68,-6.832000000000001e-05,1.68,-0.006832000000000001,3.96,-0.06831999999999999,4.0,-0.6832,4.0
-6.816000000000001e-05,1.68,-6.816000000000001e-05,1.68,-0.006816000000000001,4.0,-0.06816,4.0,-0.6816000000000001,3.96
-6.800000000000001e-05,1.68,-6.800000000000001e-05,1.72,-0.0068000000000000005,3.96,-0.06799999999999999,3.96,-0.68,3.96
-6.784000000000001e-05,1.68,-6.784000000000001e-05,1.68,-0.006784,4.0,-0.06784,3.96,-0.6784,4.0
-6.768000000000002e-05,1.68,-6.768000000000002e-05,1.68,-0.0067680000000000014,3.96,-0.06767999999999999,3.96,-0.6768000000000001,4.0
-6.752000000000002e-05,1.68,-6.752000000000002e-05,1.68,-0.006752000000000001,4.0,-0.06752,4.0,-0.6752,3.96
-6.736e-05,1.68,-6.736e-05,1.6400000000000001,-0.006736000000000001,3.96,-0.06735999999999999,4.0,-0.6736000000000001,4.0
-6.720000000000001e-05,1.68,-6.720000000000001e-05,1.68,-0.00672,3.96,-0.0672,3.96,-0.672,4.0
-6.704000000000001e-05,1.68,-6.704000000000001e-05,1.68,-0.006704,4.0,-0.06704,3.96,-0.6704,4.0
-6.688000000000001e-05,1.68,-6.688000000000001e-05,1.68,-0.006688000000000001,3.96,-0.06688,4.0,-0.6688000000000001,4.0
-6.672000000000001e-05,1.68,-6.672000000000001e-05,1.68,-0.006672000000000001,3.96,-0.06672,3.96,-0.6672,3.96
-6.656000000000001e-05,1.68,-6.656000000000001e-05,1.72,-0.0066560000000000005,3.96,-0.06656,4.0,-0.6656000000000001,4.0
-6.640000000000001e-05,1.68,-6.640000000000001e-05,1.68,-0.00664,3.96,-0.0664,3.96,-0.664,4.0
-6.624000000000002e-05,1.68,-6.624000000000002e-05,1.68,-0.006624000000000001,3.96,-0.06624,4.0,-0.6624,4.0
-6.608000000000002e-05,1.68,-6.608000000000002e-05,1.6400000000000001,-0.006608000000000001,4.0,-0.06608,3.96,-0.6608,4.0
-6.592e-05,1.68,-6.592e-05,1.68,-0.006592000000000001,4.0,-0.06591999999999999,4.0,-0.6592,4.0
-6.576000000000001e-05,1.68,-6.576000000000001e-05,1.6400000000000001,-0.006576,3.96,-0.06576,3.96,-0.6576000000000001,4.0
-6.560000000000001e-05,1.6400000000000001,-6.560000000000001e-05,1.68,-0.006560000000000002,4.0,-0.06559999999999999,3.96,-0.656,4.04
-6.544000000000001e-05,1.68,-6.544000000000001e-05,1.68,-0.006544000000000001,3.96,-0.06544,3.96,-0.6544000000000001,3.96
-6.528000000000001e-05,1.68,-6.528000000000001e-05,1.68,-0.006528000000000001,3.96,-0.06527999999999999,3.96,-0.6528,4.0
-6.512000000000001e-05,1.68,-6.512000000000001e-05,1.6400000000000001,-0.006512,4.0,-0.06512,4.0,-0.6512,4.0
-6.496000000000002e-05,1.6400000000000001,-6.496000000000002e-05,1.6400000000000001,-0.006496,3.96,-0.06495999999999999,3.96,-0.6496000000000001,4.0
-6.480000000000002e-05,1.6400000000000001,-6.480000000000002e-05,1.6400000000000001,-0.006480000000000001,3.96,-0.0648,4.0,-0.648,3.96
-6.464e-05,1.6400000000000001,-6.464e-05,1.6400000000000001,-0.006464000000000001,3.96,-0.06463999999999999,4.0,-0.6464000000000001,3.96
-6.448e-05,1.68,-6.448e-05,1.6400000000000001,-0.006448000000000001,4.0,-0.06448,3.96,-0.6448,4.0
-6.432000000000001e-05,1.6400000000000001,-6.432000000000001e-05,1.68,-0.006432,3.96,-0.06432,4.0,-0.6432,3.96
-6.416000000000001e-05,1.6400000000000001,-6.416000000000001e-05,1.6400000000000001,-0.0064160000000000016,3.96,-0.06416,3.96,-0.6416000000000001,4.0
-6.400000000000001e-05,1.6400000000000001,-6.400000000000001e-05,1.6400000000000001,-0.006400000000000001,3.96,-0.064,3.96,-0.64,4.0
-6.384000000000001e-05,1.6400000000000001,-6.384000000000001e-05,1.6400000000000001,-0.006384000000000001,3.96,-0.06384,3.96,-0.6384000000000001,3.96
-6.368000000000001e-05,1.6400000000000001,-6.368000000000001e-05,1.6,-0.006368,3.96,-0.06368,3.96,-0.6368,3.96
-6.352000000000002e-05,1.6400000000000001,-6.352000000000002e-05,1.6400000000000001,-0.006352,3.96,-0.06352,4.0,-0.6352000000000001,3.96
-6.336000000000002e-05,1.6400000000000001,-6.336000000000002e-05,1.6400000000000001,-0.006336000000000001,3.96,-0.06336,4.0,-0.6336,4.0
-6.32e-05,1.6400000000000001,-6.32e-05,1.6,-0.006320000000000001,3.96,-0.06319999999999999,3.96,-0.632,4.04
-6.304e-05,1.6,-6.304e-05,1.6400000000000001,-0.006304000000000001,3.96,-0.06304,4.0,-0.6304000000000001,4.0
-6.288000000000001e-05,1.6400000000000001,-6.288000000000001e-05,1.6400000000000001,-0.006288,3.96,-0.06287999999999999,4.0,-0.6288,3.96
-6.272000000000001e-05,1.6,-6.272000000000001e-05,1.6400000000000001,-0.0062720000000000015,4.0,-0.06272,3.96,-0.6272000000000001,3.96
-6.256000000000001e-05,1.6400000000000001,-6.256000000000001e-05,1.6,-0.006256000000000001,3.96,-0.06255999999999999,4.0,-0.6256,4.0
-6.240000000000001e-05,1.6400000000000001,-6.240000000000001e-05,1.6,-0.006240000000000001,3.96,-0.0624,4.0,-0.624,4.0
-6.224000000000001e-05,1.6,-6.224000000000001e-05,1.6,-0.006224,4.0,-0.06223999999999999,3.96,-0.6224000000000001,3.96
-6.208000000000002e-05,1.6,-6.208000000000002e-05,1.6,-0.006208,3.96,-0.062079999999999996,4.0,-0.6208,4.0
-6.192000000000002e-05,1.6400000000000001,-6.192000000000002e-05,1.6400000000000001,-0.006192000000000001,3.96,-0.06191999999999999,3.96,-0.6192000000000001,3.96
-6.176e-05,1.6,-6.176e-05,1.6,-0.006176000000000001,4.0,-0.061759999999999995,3.96,-0.6176,3.96
-6.16e-05,1.6,-6.16e-05,1.6400000000000001,-0.0061600000000000005,3.96,-0.0616,4.0,-0.616,3.96
-6.144000000000001e-05,1.6,-6.144000000000001e-05,1.6,-0.006144,4.0,-0.061439999999999995,3.96,-0.6144000000000001,4.0
-6.128000000000001e-05,1.6,-6.128000000000001e-05,1.6,-0.0061280000000000015,3.96,-0.06128,4.0,-0.6128,4.0
-6.112000000000001e-05,1.6,-6.112000000000001e-05,1.6400000000000001,-0.006112000000000001,4.0,-0.061119999999999994,3.96,-0.6112000000000001,4.0
-6.096000000000001e-05,1.6,-6.096000000000001e-05,1.6400000000000001,-0.006096000000000001,4.0,-0.06096,4.0,-0.6096,3.96
-6.0800000000000014e-05,1.6,-6.0800000000000014e-05,1.6,-0.00608,4.0,-0.06079999999999999,3.96,-0.6080000000000001,3.96
-6.0640000000000016e-05,1.6,-6.0640000000000016e-05,1.6,-0.006064,4.0,-0.06064,3.96,-0.6064,3.96
-6.048000000000002e-05,1.6,-6.048000000000002e-05,1.6,-0.006048000000000001,3.96,-0.06047999999999999,4.0,-0.6048,4.0
-6.0320000000000005e-05,1.6,-6.0320000000000005e-05,1.6,-0.006032000000000001,3.96,-0.06032,3.96,-0.6032000000000001,4.0
-6.016000000000001e-05,1.6,-6.016000000000001e-05,1.6,-0.0060160000000000005,3.96,-0.06015999999999999,4.0,-0.6016,4.04
-6.000000000000001e-05,1.6,-6.000000000000001e-05,1.56,-0.006,3.96,-0.06,3.96,-0.6000000000000001,4.0
-5.984000000000001e-05,1.6,-5.984000000000001e-05,1.6,-0.0059840000000000015,3.96,-0.05983999999999999,3.96,-0.5984,4.0
-5.968000000000001e-05,1.6,-5.968000000000001e-05,1.6,-0.005968000000000001,3.96,-0.05968,4.0,-0.5968,4.0
-5.952000000000001e-05,1.6,-5.952000000000001e-05,1.6,-0.005952000000000001,4.0,-0.05951999999999999,4.0,-0.5952,4.0
-5.9360000000000014e-05,1.6,-5.9360000000000014e-05,1.6,-0.005936,3.96,-0.059359999999999996,3.96,-0.5936000000000001,4.0
-5.9200000000000016e-05,1.6,-5.9200000000000016e-05,1.6,-0.005920000000000002,3.96,-0.05919999999999999,3.96,-0.5920000000000001,3.96
-5.904000000000002e-05,1.56,-5.904000000000002e-05,1.6,-0.005904000000000001,3.96,-0.059039999999999995,4.0,-0.5904,4.0
-5.8880000000000005e-05,1.56,-5.8880000000000005e-05,1.6400000000000001,-0.005888000000000001,4.0,-0.05888,3.96,-0.5888,3.96
-5.872000000000001e-05,1.56,-5.872000000000001e-05,1.6,-0.0058720000000000005,3.96,-0.058719999999999994,3.96,-0.5871999999999999,3.96
-5.856000000000001e-05,1.56,-5.856000000000001e-05,1.6,-0.005856,3.96,-0.05856,4.0,-0.5856000000000001,4.0
-5.840000000000001e-05,1.6,-5.840000000000001e-05,1.6,-0.0058400000000000014,3.96,-0.058399999999999994,3.96,-0.5840000000000001,4.0
-5.824000000000001e-05,1.6,-5.824000000000001e-05,1.6,-0.005824000000000001,4.0,-0.05824,4.0,-0.5824,4.0
-5.808000000000001e-05,1.56,-5.808000000000001e-05,1.56,-0.005808000000000001,3.96,-0.05807999999999999,4.0,-0.5808,4.0
-5.7920000000000015e-05,1.56,-5.7920000000000015e-05,1.6,-0.005792,3.96,-0.05792,4.0,-0.5791999999999999,4.0
-5.7760000000000016e-05,1.6,-5.7760000000000016e-05,1.56,-0.005776000000000002,3.96,-0.05775999999999999,4.0,-0.5776000000000001,3.96
-5.760000000000002e-05,1.56,-5.760000000000002e-05,1.56,-0.005760000000000001,4.0,-0.0576,3.96,-0.5760000000000001,3.96
-5.7440000000000006e-05,1.56,-5.7440000000000006e-05,1.56,-0.005744000000000001,3.96,-0.05743999999999999,4.0,-0.5744,3.96
-5.728000000000001e-05,1.6,-5.728000000000001e-05,1.6,-0.0057280000000000005,3.96,-0.05728,4.0,-0.5728,3.96
-5.712000000000001e-05,1.56,-5.712000000000001e-05,1.56,-0.005712,3.96,-0.05711999999999999,4.0,-0.5711999999999999,3.96
-5.696000000000001e-05,1.56,-5.696000000000001e-05,1.56,-0.005696000000000001,3.96,-0.05696,3.96,-0.5696000000000001,4.0
-5.680000000000001e-05,1.6,-5.680000000000001e-05,1.56,-0.005680000000000001,3.96,-0.05679999999999999,3.96,-0.5680000000000001,3.96
-5.664000000000001e-05,1.56,-5.664000000000001e-05,1.56,-0.005664000000000001,3.96,-0.056639999999999996,4.0,-0.5664,4.0
-5.6480000000000015e-05,1.56,-5.6480000000000015e-05,1.56,-0.005648,4.0,-0.05647999999999999,3.96,-0.5648,3.96
-5.6320000000000016e-05,1.56,-5.6320000000000016e-05,1.56,-0.005632000000000002,4.0,-0.056319999999999995,4.0,-0.5632000000000001,3.96
-5.6160000000000004e-05,1.56,-5.6160000000000004e-05,1.56,-0.005616000000000001,4.0,-0.05616,3.96,-0.5616000000000001,3.96
-5.6000000000000006e-05,1.56,-5.6000000000000006e-05,1.6,-0.005600000000000001,3.96,-0.055999999999999994,4.0,-0.56,4.0
-5.584000000000001e-05,1.56,-5.584000000000001e-05,1.52,-0.005584,3.96,-0.05584,3.96,-0.5584,4.0
-5.568000000000001e-05,1.52,-5.568000000000001e-05,1.52,-0.005568,3.96,-0.05567999999999999,3.96,-0.5568,3.96
-5.552000000000001e-05,1.52,-5.552000000000001e-05,1.56,-0.005552000000000001,4.0,-0.05552,3.96,-0.5552000000000001,4.0
-5.536000000000001e-05,1.56,-5.536000000000001e-05,1.56,-0.005536000000000001,3.96,-0.05535999999999999,4.0,-0.5536000000000001,3.96
-5.5200000000000014e-05,1.56,-5.5200000000000014e-05,1.56,-0.005520000000000001,3.96,-0.0552,4.0,-0.552,3.96
-5.5040000000000015e-05,1.56,-5.5040000000000015e-05,1.56,-0.005504,3.96,-0.05503999999999999,4.0,-0.5504,3.96
-5.488000000000002e-05,1.52,-5.488000000000002e-05,1.52,-0.0054880000000000016,4.0,-0.05488,4.0,-0.5488,4.0
-5.4720000000000005e-05,1.56,-5.4720000000000005e-05,1.52,-0.005472000000000001,3.96,-0.05471999999999999,3.96,-0.5472000000000001,4.0
-5.4560000000000006e-05,1.56,-5.4560000000000006e-05,1.52,-0.005456000000000001,4.0,-0.05456,3.96,-0.5456000000000001,4.0
-5.440000000000001e-05,1.56,-5.440000000000001e-05,1.52,-0.00544,4.0,-0.05439999999999999,4.0,-0.544,3.96
-5.424000000000001e-05,1.52,-5.424000000000001e-05,1.52,-0.005424,4.0,-0.05424,3.96,-0.5424,3.96
-5.408000000000001e-05,1.56,-5.408000000000001e-05,1.52,-0.005408000000000001,3.96,-0.05407999999999999,3.96,-0.5408,3.96
-5.392000000000001e-05,1.52,-5.392000000000001e-05,1.52,-0.005392000000000001,3.96,-0.053919999999999996,4.0,-0.5392000000000001,3.96
-5.3760000000000014e-05,1.52,-5.3760000000000014e-05,1.52,-0.005376000000000001,3.96,-0.05375999999999999,4.0,-0.5376000000000001,3.96
-5.3600000000000015e-05,1.52,-5.3600000000000015e-05,1.52,-0.00536,3.96,-0.053599999999999995,4.0,-0.536,4.0
-5.344000000000002e-05,1.52,-5.344000000000002e-05,1.52,-0.0053440000000000015,3.96,-0.05344,3.96,-0.5344,3.96
-5.3280000000000005e-05,1.52,-5.3280000000000005e-05,1.48,-0.005328000000000001,3.96,-0.053279999999999994,3.96,-0.5327999999999999,3.96
-5.3120000000000006e-05,1.52,-5.3120000000000006e-05,1.52,-0.005312000000000001,3.96,-0.05312,4.0,-0.5312000000000001,4.0
-5.296000000000001e-05,1.52,-5.296000000000001e-05,1.52,-0.005296,3.96,-0.05295999999999999,4.0,-0.5296000000000001,3.96
-5.280000000000001e-05,1.52,-5.280000000000001e-05,1.52,-0.00528,3.96,-0.0528,3.96,-0.528,4.0
-5.264000000000001e-05,1.52,-5.264000000000001e-05,1.52,-0.005264000000000001,4.0,-0.05263999999999999,3.96,-0.5264,3.96
-5.248000000000001e-05,1.52,-5.248000000000001e-05,1.52,-0.005248000000000001,3.96,-0.05248,4.0,-0.5247999999999999,4.0
-5.2320000000000014e-05,1.52,-5.2320000000000014e-05,1.52,-0.0052320000000000005,3.96,-0.05231999999999999,3.96,-0.5232000000000001,4.0
-5.2160000000000016e-05,1.52,-5.2160000000000016e-05,1.52,-0.005216,4.0,-0.05216,4.0,-0.5216000000000001,4.0
-5.200000000000002e-05,1.52,-5.200000000000002e-05,1.52,-0.0052000000000000015,4.0,-0.05199999999999999,4.0,-0.52,4.0
-5.1840000000000005e-05,1.52,-5.1840000000000005e-05,1.48,-0.005184000000000001,3.96,-0.05184,3.96,-0.5184,4.0
-5.168000000000001e-05,1.52,-5.168000000000001e-05,1.52,-0.005168000000000001,4.04,-0.05167999999999999,3.96,-0.5167999999999999,4.0
-5.152000000000001e-05,1.48,-5.152000000000001e-05,1.48,-0.005152,3.96,-0.051519999999999996,4.0,-0.5152000000000001,3.96
-5.136000000000001e-05,1.48,-5.136000000000001e-05,1.52,-0.005136000000000002,4.0,-0.05135999999999999,3.96,-0.5136000000000001,3.96
-5.120000000000001e-05,1.52,-5.120000000000001e-05,1.52,-0.005120000000000001,3.96,-0.051199999999999996,3.96,-0.512,4.0
-5.104000000000001e-05,1.48,-5.104000000000001e-05,1.48,-0.005104000000000001,3.96,-0.05103999999999999,3.96,-0.5104,4.0
-5.0880000000000014e-05,1.52,-5.0880000000000014e-05,1.48,-0.0050880000000000005,3.96,-0.050879999999999995,4.0,-0.5088000000000001,4.0
-5.0720000000000016e-05,1.56,-5.0720000000000016e-05,1.52,-0.005072,3.96,-0.05072,4.0,-0.5072000000000001,3.96
-5.056000000000002e-05,1.8800000000000001,-5.056000000000002e-05,1.84,-0.0050560000000000015,3.96,-0.050559999999999994,4.0,-0.5056,0.12
-5.0400000000000005e-05,1.84,-5.0400000000000005e-05,1.8,-0.005040000000000001,3.24,-0.0504,1.84,-0.504,0.0
-5.024000000000001e-05,1.8800000000000001,-5.024000000000001e-05,1.8800000000000001,-0.005024000000000001,2.92,-0.05023999999999999,0.68,-0.5024,0.0
-5.008000000000001e-05,1.84,-5.008000000000001e-05,1.84,-0.005008,2.64,-0.05008,0.28,-0.5008000000000001,0.04
-4.992000000000001e-05,1.84,-4.992000000000001e-05,1.8800000000000001,-0.004992000000000002,2.36,-0.04991999999999999,0.16,-0.4992000000000001,0.0
-4.976000000000001e-05,1.8800000000000001,-4.976000000000001e-05,1.8800000000000001,-0.004976000000000001,2.12,-0.04976,0.04,-0.49760000000000004,0.04
-4.960000000000001e-05,1.84,-4.960000000000001e-05,1.84,-0.004960000000000001,1.92,-0.04959999999999999,0.04,-0.496,0.04
-4.9440000000000015e-05,1.8800000000000001,-4.9440000000000015e-05,1.8800000000000001,-0.0049440000000000005,1.76,-0.04944,0.04,-0.49439999999999995,0.04
-4.9280000000000016e-05,1.8800000000000001,-4.9280000000000016e-05,1.84,-0.004928,1.56,-0.04927999999999999,0.04,-0.4928000000000001,0.0
-4.9120000000000004e-05,1.8800000000000001,-4.9120000000000004e-05,1.8800000000000001,-0.0049120000000000014,1.44,-0.04912,0.0,-0.4912000000000001,0.0
-4.8960000000000006e-05,1.8800000000000001,-4.8960000000000006e-05,1.8800000000000001,-0.004896000000000001,1.32,-0.04895999999999999,0.04,-0.48960000000000004,0.0
-4.880000000000001e-05,1.8800000000000001,-4.880000000000001e-05,1.8800000000000001,-0.004880000000000001,1.16,-0.048799999999999996,0.04,-0.488,0.0
-4.864000000000001e-05,1.8800000000000001,-4.864000000000001e-05,1.8800000000000001,-0.004864,1.04,-0.04863999999999999,0.0,-0.48639999999999994,0.0
-4.848000000000001e-05,1.84,-4.848000000000001e-05,1.92,-0.004848000000000002,0.96,-0.048479999999999995,0.0,-0.4848000000000001,0.0
-4.832000000000001e-05,1.8800000000000001,-4.832000000000001e-05,1.8800000000000001,-0.004832000000000001,0.88,-0.04831999999999999,0.04,-0.4832000000000001,0.0
-4.816000000000001e-05,1.8800000000000001,-4.816000000000001e-05,1.8800000000000001,-0.004816000000000001,0.8,-0.048159999999999994,0.0,-0.48160000000000003,0.0
-4.8000000000000015e-05,1.92,-4.8000000000000015e-05,1.8800000000000001,-0.0048000000000000004,0.72,-0.048,0.0,-0.48,0.0
-4.7840000000000016e-05,1.92,-4.7840000000000016e-05,1.8800000000000001,-0.004784,0.64,-0.047839999999999994,0.0,-0.47839999999999994,0.0
-4.7680000000000004e-05,1.96,-4.7680000000000004e-05,1.8800000000000001,-0.004768000000000001,0.56,-0.04768,0.0,-0.4768000000000001,0.0
-4.7520000000000006e-05,1.8800000000000001,-4.7520000000000006e-05,1.92,-0.004752000000000001,0.52,-0.04751999999999999,0.0,-0.47520000000000007,0.04
-4.736000000000001e-05,1.92,-4.736000000000001e-05,1.92,-0.004736000000000001,0.48,-0.04736,0.0,-0.4736,0.04
-4.720000000000001e-05,1.92,-4.720000000000001e-05,1.92,-0.00472,0.44,-0.04719999999999999,0.0,-0.472,0.0
-4.704000000000001e-05,1.92,-4.704000000000001e-05,1.92,-0.004704000000000002,0.4,-0.04704,0.0,-0.47039999999999993,0.04
-4.688000000000001e-05,1.92,-4.688000000000001e-05,1.92,-0.004688000000000001,0.36,-0.04687999999999999,0.0,-0.4688000000000001,0.04
-4.6720000000000013e-05,1.92,-4.6720000000000013e-05,1.8800000000000001,-0.004672000000000001,0.36,-0.04672,0.04,-0.46720000000000006,0.04
-4.6560000000000015e-05,1.92,-4.6560000000000015e-05,1.92,-0.004656,0.28,-0.04655999999999999,0.0,-0.4656,0.0
-4.6400000000000017e-05,1.96,-4.6400000000000017e-05,1.92,-0.00464,0.28,-0.0464,0.04,-0.46399999999999997,0.04
-4.6240000000000005e-05,1.92,-4.6240000000000005e-05,1.92,-0.004624000000000001,0.28,-0.04623999999999999,0.0,-0.46240000000000014,0.0
-4.6080000000000006e-05,1.92,-4.6080000000000006e-05,1.92,-0.004608000000000001,0.24,-0.046079999999999996,0.04,-0.4608000000000001,0.0
-4.592000000000001e-05,1.92,-4.592000000000001e-05,1.92,-0.004592000000000001,0.24,-0.04591999999999999,0.04,-0.45920000000000005,0.04
-4.576000000000001e-05,1.92,-4.576000000000001e-05,1.92,-0.004576,0.2,-0.045759999999999995,0.0,-0.4576,0.04
-4.560000000000001e-05,1.92,-4.560000000000001e-05,1.92,-0.0045600000000000016,0.16,-0.04559999999999999,0.04,-0.45599999999999996,0.0
-4.544000000000001e-05,1.96,-4.544000000000001e-05,1.96,-0.004544000000000001,0.16,-0.045439999999999994,0.0,-0.45440000000000014,0.0
-4.5280000000000014e-05,1.92,-4.5280000000000014e-05,1.92,-0.004528000000000001,0.12,-0.04528,0.04,-0.4528000000000001,0.0
-4.5120000000000015e-05,1.96,-4.5120000000000015e-05,1.92,-0.004512,0.16,-0.04511999999999999,0.04,-0.45120000000000005,0.04
-4.496000000000002e-05,1.96,-4.496000000000002e-05,1.92,-0.004496,0.12,-0.04496,0.04,-0.4496,0.0
-4.4800000000000005e-05,1.96,-4.4800000000000005e-05,1.96,-0.004480000000000001,0.12,-0.04479999999999999,0.0,-0.44799999999999995,0.04
-4.4640000000000006e-05,1.96,-4.4640000000000006e-05,1.92,-0.004464000000000001,0.12,-0.04464,0.0,-0.44640000000000013,0.0
-4.448000000000001e-05,1.96,-4.448000000000001e-05,1.92,-0.0044480000000000006,0.12,-0.04447999999999999,0.0,-0.4448000000000001,0.0
-4.432000000000001e-05,1.96,-4.432000000000001e-05,1.96,-0.004432,0.08,-0.04432,0.04,-0.44320000000000004,0.04
-4.416000000000001e-05,1.96,-4.416000000000001e-05,1.92,-0.0044160000000000015,0.12,-0.04415999999999999,0.0,-0.4416,0.0
-4.400000000000001e-05,1.96,-4.400000000000001e-05,1.96,-0.004400000000000001,0.08,-0.044,0.0,-0.43999999999999995,0.04
-4.3840000000000014e-05,1.96,-4.3840000000000014e-05,1.96,-0.004384000000000001,0.08,-0.04383999999999999,0.0,-0.4384000000000001,0.0
-4.3680000000000015e-05,1.96,-4.3680000000000015e-05,1.96,-0.004368,0.12,-0.04368,0.0,-0.4368000000000001,0.0
-4.352000000000002e-05,1.96,-4.352000000000002e-05,1.96,-0.004352000000000002,0.08,-0.04351999999999999,0.0,-0.43520000000000003,0.0
-4.3360000000000005e-05,1.96,-4.3360000000000005e-05,2.0,-0.004336000000000001,0.08,-0.043359999999999996,0.0,-0.4336,0.04
-4.3200000000000007e-05,1.96,-4.3200000000000007e-05,1.96,-0.004320000000000001,0.04,-0.04319999999999999,0.0,-0.43199999999999994,0.04
-4.304000000000001e-05,1.96,-4.304000000000001e-05,1.96,-0.0043040000000000005,0.08,-0.043039999999999995,0.04,-0.4304000000000001,0.0
-4.288000000000001e-05,1.96,-4.288000000000001e-05,1.96,-0.004288,0.04,-0.04287999999999999,0.0,-0.42880000000000007,0.04
-4.272000000000001e-05,1.96,-4.272000000000001e-05,1.96,-0.0042720000000000015,0.04,-0.042719999999999994,0.04,-0.4272,0.04
-4.256000000000001e-05,2.0,-4.256000000000001e-05,1.96,-0.004256000000000001,0.04,-0.04256,0.0,-0.4256,0.0
-4.2400000000000014e-05,1.92,-4.2400000000000014e-05,2.0,-0.004240000000000001,0.08,-0.04239999999999999,0.0,-0.42399999999999993,0.0
-4.2240000000000016e-05,1.96,-4.2240000000000016e-05,1.96,-0.004224,0.04,-0.04224,0.0,-0.4224000000000001,0.0
-4.208000000000002e-05,2.0,-4.208000000000002e-05,1.96,-0.004208000000000002,0.04,-0.04207999999999999,0.0,-0.42080000000000006,0.0
-4.1920000000000005e-05,2.0,-4.1920000000000005e-05,2.0,-0.004192000000000001,0.04,-0.04192,0.0,-0.4192,0.04
-4.176000000000001e-05,1.96,-4.176000000000001e-05,1.96,-0.004176000000000001,0.04,-0.04175999999999999,0.04,-0.41759999999999997,0.0
-4.160000000000001e-05,2.0,-4.160000000000001e-05,1.96,-0.0041600000000000005,0.08,-0.0416,0.0,-0.4159999999999999,0.0
-4.144000000000001e-05,2.0,-4.144000000000001e-05,1.96,-0.004144,0.04,-0.04143999999999999,0.0,-0.4144000000000001,0.0
-4.128000000000001e-05,2.0,-4.128000000000001e-05,1.96,-0.0041280000000000015,0.04,-0.04128,0.0,-0.41280000000000006,0.0
-4.112000000000001e-05,2.0,-4.112000000000001e-05,2.0,-0.004112000000000001,0.04,-0.04111999999999999,0.04,-0.4112,0.0
-4.0960000000000014e-05,2.0,-4.0960000000000014e-05,2.0,-0.004096000000000001,0.0,-0.040959999999999996,0.0,-0.40959999999999996,0.04
-4.0800000000000016e-05,1.96,-4.0800000000000016e-05,2.0,-0.00408,0.04,-0.04079999999999999,0.0,-0.40800000000000014,0.0
-4.0640000000000004e-05,1.96,-4.0640000000000004e-05,2.0,-0.004064000000000002,0.04,-0.040639999999999996,0.0,-0.4064000000000001,0.0
-4.0480000000000005e-05,2.0,-4.0480000000000005e-05,2.0,-0.004048000000000001,0.04,-0.04047999999999999,0.0,-0.40480000000000005,0.0
-4.032000000000001e-05,2.0,-4.032000000000001e-05,1.96,-0.004032000000000001,0.04,-0.040319999999999995,0.0,-0.4032,0.0
-4.016000000000001e-05,2.04,-4.016000000000001e-05,2.0,-0.0040160000000000005,0.0,-0.04015999999999999,0.0,-0.40159999999999996,0.0
-4.000000000000001e-05,2.0,-4.000000000000001e-05,1.96,-0.004,0.0,-0.039999999999999994,0.0,-0.40000000000000013,0.04
-3.984000000000001e-05,2.0,-3.984000000000001e-05,2.0,-0.003984000000000001,0.0,-0.03984,0.0,-0.3984000000000001,0.0
-3.968000000000001e-05,2.0,-3.968000000000001e-05,2.0,-0.003968000000000001,0.0,-0.03967999999999999,0.0,-0.39680000000000004,0.04
-3.9520000000000015e-05,2.0,-3.9520000000000015e-05,2.04,-0.003952000000000001,0.0,-0.03952,0.0,-0.3952,0.0
-3.9360000000000016e-05,2.0,-3.9360000000000016e-05,2.0,-0.003936,0.04,-0.03935999999999999,0.0,-0.39359999999999995,0.0
-3.9200000000000004e-05,2.0,-3.9200000000000004e-05,2.04,-0.003920000000000002,0.04,-0.0392,0.0,-0.3920000000000001,0.0
-3.9040000000000006e-05,2.04,-3.9040000000000006e-05,2.0,-0.0039040000000000012,0.0,-0.03903999999999999,0.04,-0.3904000000000001,0.0
-3.888000000000001e-05,2.04,-3.888000000000001e-05,2.0,-0.003888000000000001,0.04,-0.03888,0.0,-0.38880000000000003,0.0
-3.872000000000001e-05,2.04,-3.872000000000001e-05,2.0,-0.0038720000000000004,0.0,-0.03871999999999999,0.04,-0.3872,0.04
-3.856000000000001e-05,2.0,-3.856000000000001e-05,2.0,-0.003856,0.04,-0.03856,0.0,-0.38559999999999994,0.0
-3.840000000000001e-05,2.04,-3.840000000000001e-05,2.04,-0.0038400000000000014,0.0,-0.03839999999999999,0.0,-0.3840000000000001,0.04
-3.824000000000001e-05,2.04,-3.824000000000001e-05,2.04,-0.003824000000000001,0.04,-0.038239999999999996,0.0,-0.3824000000000001,0.0
-3.8080000000000015e-05,2.04,-3.8080000000000015e-05,2.0,-0.0038080000000000006,0.0,-0.03807999999999999,0.0,-0.3808,0.0
-3.7920000000000016e-05,2.04,-3.7920000000000016e-05,2.04,-0.0037920000000000002,0.0,-0.037919999999999995,0.0,-0.3792,0.0
-3.776000000000002e-05,2.04,-3.776000000000002e-05,2.04,-0.0037760000000000016,0.0,-0.03775999999999999,0.0,-0.37759999999999994,0.0
-3.760000000000002e-05,2.04,-3.760000000000002e-05,2.04,-0.003760000000000001,0.04,-0.037599999999999995,0.04,-0.3760000000000001,0.04
-3.744000000000002e-05,2.08,-3.744000000000002e-05,2.04,-0.003744000000000001,0.0,-0.03743999999999999,0.04,-0.37440000000000007,0.0
-3.728000000000002e-05,2.08,-3.728000000000002e-05,2.04,-0.0037280000000000004,0.0,-0.037279999999999994,0.0,-0.3728,0.0
-3.712e-05,2.04,-3.712e-05,2.04,-0.003712,0.0,-0.037119999999999986,0.0,-0.3712,0.0
-3.696e-05,2.08,-3.696e-05,2.04,-0.0036960000000000014,0.04,-0.03695999999999999,0.0,-0.36959999999999993,0.04
-3.68e-05,2.08,-3.68e-05,2.04,-0.003680000000000001,0.04,-0.0368,0.0,-0.3680000000000001,0.04
-3.664e-05,2.04,-3.664e-05,2.08,-0.0036640000000000006,0.0,-0.03663999999999999,0.0,-0.36640000000000006,0.04
-3.648e-05,2.08,-3.648e-05,2.04,-0.003648,0.04,-0.03648,0.04,-0.3648,0.04
-3.6320000000000005e-05,2.04,-3.6320000000000005e-05,2.04,-0.0036320000000000015,0.0,-0.03631999999999999,0.0,-0.36319999999999997,0.0
-3.6160000000000006e-05,2.08,-3.6160000000000006e-05,2.04,-0.003616000000000001,0.04,-0.03616,0.04,-0.3615999999999999,0.04
-3.600000000000001e-05,2.08,-3.600000000000001e-05,2.04,-0.0036000000000000008,0.0,-0.03599999999999999,0.0,-0.3600000000000001,0.0
-3.584000000000001e-05,2.08,-3.584000000000001e-05,2.08,-0.0035840000000000004,0.0,-0.03584,0.0,-0.35840000000000005,0.0
-3.568000000000001e-05,2.04,-3.568000000000001e-05,2.08,-0.0035680000000000017,0.0,-0.03567999999999999,0.0,-0.3568,0.04
-3.552000000000001e-05,2.08,-3.552000000000001e-05,2.08,-0.0035520000000000013,0.0,-0.035519999999999996,0.0,-0.35519999999999996,0.04
-3.5360000000000014e-05,2.08,-3.5360000000000014e-05,2.08,-0.003536000000000001,0.0,-0.03535999999999999,0.0,-0.35360000000000014,0.04
-3.5200000000000015e-05,2.08,-3.5200000000000015e-05,2.08,-0.0035200000000000006,0.0,-0.035199999999999995,0.0,-0.3520000000000001,0.04
-3.504000000000002e-05,2.08,-3.504000000000002e-05,2.08,-0.003504,0.0,-0.03503999999999999,0.0,-0.35040000000000004,0.04
-3.488000000000002e-05,2.08,-3.488000000000002e-05,2.04,-0.0034880000000000015,0.04,-0.034879999999999994,0.0,-0.3488,0.04
-3.472000000000002e-05,2.08,-3.472000000000002e-05,2.08,-0.003472000000000001,0.04,-0.03472,0.0,-0.34719999999999995,0.0
-3.456000000000002e-05,2.08,-3.456000000000002e-05,2.08,-0.0034560000000000007,0.0,-0.03455999999999998,0.04,-0.34560000000000013,0.04
-3.440000000000002e-05,2.08,-3.440000000000002e-05,2.12,-0.0034400000000000003,0.04,-0.034399999999999986,0.0,-0.3440000000000001,0.0
-3.424e-05,2.08,-3.424e-05,2.08,-0.0034240000000000017,0.0,-0.03423999999999999,0.0,-0.34240000000000004,0.0
-3.408e-05,2.08,-3.408e-05,2.08,-0.0034080000000000013,0.0,-0.03408,0.0,-0.3408,0.0
-3.392e-05,2.08,-3.392e-05,2.08,-0.003392000000000001,0.0,-0.033920000000000006,0.0,-0.33919999999999995,0.0
-3.376e-05,2.08,-3.376e-05,2.12,-0.0033760000000000005,0.0,-0.033759999999999984,0.04,-0.3376000000000001,0.0
-3.3600000000000004e-05,2.08,-3.3600000000000004e-05,2.08,-0.00336,0.0,-0.03359999999999999,0.04,-0.3360000000000001,0.0
-3.3440000000000005e-05,2.08,-3.3440000000000005e-05,2.08,-0.0033440000000000015,0.0,-0.03344,0.04,-0.33440000000000003,0.04
-3.328000000000001e-05,2.08,-3.328000000000001e-05,2.08,-0.003328000000000001,0.0,-0.033280000000000004,0.0,-0.3328,0.0
-3.312000000000001e-05,2.12,-3.312000000000001e-05,2.08,-0.0033120000000000007,0.04,-0.03311999999999998,0.0,-0.33119999999999994,0.0
-3.296000000000001e-05,2.12,-3.296000000000001e-05,2.08,-0.0032960000000000003,0.0,-0.03295999999999999,0.0,-0.3296000000000001,0.0
-3.280000000000001e-05,2.12,-3.280000000000001e-05,2.12,-0.0032800000000000017,0.0,-0.032799999999999996,0.0,-0.32800000000000007,0.0
-3.264000000000001e-05,2.12,-3.264000000000001e-05,2.12,-0.0032640000000000013,0.0,-0.03264,0.0,-0.3264,0.0
-3.2480000000000014e-05,2.12,-3.2480000000000014e-05,2.08,-0.003248000000000001,0.04,-0.03247999999999998,0.0,-0.3248,0.04
-3.2320000000000016e-05,2.12,-3.2320000000000016e-05,2.12,-0.0032320000000000005,0.0,-0.03231999999999999,0.0,-0.32319999999999993,0.0
-3.216000000000002e-05,2.12,-3.216000000000002e-05,2.12,-0.003216,0.0,-0.032159999999999994,0.0,-0.3216000000000001,0.04
-3.200000000000002e-05,2.12,-3.200000000000002e-05,2.12,-0.0032000000000000015,0.0,-0.032,-0.04,-0.32000000000000006,0.04
-3.184000000000002e-05,2.12,-3.184000000000002e-05,2.12,-0.003184000000000001,0.0,-0.03183999999999998,0.0,-0.3184,0.0
-3.168000000000002e-05,2.12,-3.168000000000002e-05,2.08,-0.0031680000000000007,0.0,-0.031679999999999986,-0.04,-0.31679999999999997,0.04
-3.1520000000000023e-05,2.12,-3.1520000000000023e-05,2.08,-0.0031520000000000003,0.0,-0.03151999999999999,0.0,-0.3151999999999999,0.0
-3.136e-05,2.12,-3.136e-05,2.12,-0.0031360000000000016,0.0,-0.03136,0.0,-0.3136000000000001,0.0
-3.12e-05,2.12,-3.12e-05,2.12,-0.0031200000000000012,0.0,-0.031200000000000006,0.0,-0.31200000000000006,0.0
-3.104e-05,2.12,-3.104e-05,2.12,-0.003104000000000001,0.04,-0.031039999999999984,0.0,-0.3104,0.04
-3.088e-05,2.16,-3.088e-05,2.12,-0.0030880000000000005,0.0,-0.03087999999999999,0.04,-0.30879999999999996,0.0
-3.0720000000000004e-05,2.16,-3.0720000000000004e-05,2.12,-0.003072,0.04,-0.030719999999999997,0.0,-0.3071999999999999,0.0
-3.0560000000000006e-05,2.12,-3.0560000000000006e-05,2.12,-0.0030560000000000014,0.0,-0.030560000000000004,0.0,-0.3056000000000001,0.04
-3.0400000000000007e-05,2.16,-3.0400000000000007e-05,2.16,-0.003040000000000001,0.0,-0.030399999999999983,0.0,-0.30400000000000005,0.04
-3.024000000000001e-05,2.16,-3.024000000000001e-05,2.12,-0.0030240000000000006,0.0,-0.03023999999999999,0.0,-0.3024,0.04
-3.008000000000001e-05,2.12,-3.008000000000001e-05,2.16,-0.0030080000000000003,0.04,-0.030079999999999996,0.04,-0.30079999999999996,0.0
-2.992000000000001e-05,2.16,-2.992000000000001e-05,2.12,-0.0029920000000000016,0.0,-0.029920000000000002,0.0,-0.29920000000000013,0.04
-2.9760000000000013e-05,2.16,-2.9760000000000013e-05,2.12,-0.002976000000000001,0.0,-0.02975999999999998,0.04,-0.2976000000000001,0.04
-2.9600000000000015e-05,2.16,-2.9600000000000015e-05,2.12,-0.002960000000000001,0.0,-0.029599999999999987,0.04,-0.29600000000000004,0.04
-2.9440000000000016e-05,2.16,-2.9440000000000016e-05,2.16,-0.0029440000000000004,0.0,-0.029439999999999994,0.0,-0.2944,0.04
-2.9280000000000018e-05,2.16,-2.9280000000000018e-05,2.12,-0.0029280000000000018,0.0,-0.02928,0.0,-0.29279999999999995,0.0
-2.912000000000002e-05,2.16,-2.912000000000002e-05,2.16,-0.0029120000000000014,0.0,-0.02911999999999998,0.04,-0.2912000000000001,0.0
-2.896000000000002e-05,2.16,-2.896000000000002e-05,2.16,-0.002896000000000001,0.04,-0.028959999999999986,0.0,-0.2896000000000001,0.0
-2.8800000000000022e-05,2.16,-2.8800000000000022e-05,2.12,-0.0028800000000000006,0.04,-0.028799999999999992,0.0,-0.28800000000000003,0.04
-2.8639999999999997e-05,2.16,-2.8639999999999997e-05,2.16,-0.0028640000000000002,0.0,-0.02864,0.0,-0.2864,0.04
-2.848e-05,2.16,-2.848e-05,2.16,-0.0028480000000000016,0.0,-0.028480000000000005,0.0,-0.28479999999999994,0.04
-2.832e-05,2.2,-2.832e-05,2.12,-0.002832000000000001,0.0,-0.028319999999999984,0.04,-0.2832000000000001,0.0
-2.816e-05,2.16,-2.816e-05,2.16,-0.002816000000000001,0.0,-0.02815999999999999,0.0,-0.2816000000000001,0.04
-2.8000000000000003e-05,2.2,-2.8000000000000003e-05,2.16,-0.0028000000000000004,0.0,-0.027999999999999997,0.04,-0.28,0.0
-2.7840000000000005e-05,2.2,-2.7840000000000005e-05,2.12,-0.0027840000000000018,0.0,-0.027840000000000004,0.0,-0.2784,0.0
-2.7680000000000006e-05,2.16,-2.7680000000000006e-05,2.16,-0.0027680000000000014,0.0,-0.027679999999999982,0.0,-0.27679999999999993,0.0
-2.7520000000000008e-05,2.16,-2.7520000000000008e-05,2.16,-0.002752000000000001,0.0,-0.02751999999999999,0.0,-0.2752000000000001,0.0
-2.736000000000001e-05,2.2,-2.736000000000001e-05,2.16,-0.0027360000000000006,0.0,-0.027359999999999995,0.04,-0.27360000000000007,0.04
-2.720000000000001e-05,2.16,-2.720000000000001e-05,2.16,-0.00272,0.0,-0.027200000000000002,0.04,-0.272,0.0
-2.7040000000000012e-05,2.2,-2.7040000000000012e-05,2.16,-0.0027040000000000015,0.04,-0.02703999999999998,0.0,-0.2704,0.0
-2.6880000000000014e-05,2.2,-2.6880000000000014e-05,2.16,-0.002688000000000001,0.0,-0.026879999999999987,0.0,-0.26879999999999993,0.0
-2.6720000000000015e-05,2.2,-2.6720000000000015e-05,2.16,-0.0026720000000000008,0.04,-0.026719999999999994,0.04,-0.2672000000000001,0.0
-2.6560000000000017e-05,2.2,-2.6560000000000017e-05,2.16,-0.0026560000000000004,0.0,-0.02656,0.04,-0.26560000000000006,0.0
-2.6400000000000018e-05,2.2,-2.6400000000000018e-05,2.16,-0.0026400000000000017,0.0,-0.02639999999999998,0.04,-0.264,0.04
-2.624000000000002e-05,2.2,-2.624000000000002e-05,2.2,-0.0026240000000000013,0.0,-0.026239999999999986,0.0,-0.26239999999999997,0.0
-2.608000000000002e-05,2.2,-2.608000000000002e-05,2.16,-0.002608000000000001,0.0,-0.026079999999999992,0.0,-0.2607999999999999,0.0
-2.5920000000000023e-05,2.2,-2.5920000000000023e-05,2.2,-0.0025920000000000006,0.0,-0.02592,0.0,-0.2592000000000001,0.04
-2.5759999999999997e-05,2.24,-2.5759999999999997e-05,2.2,-0.002576,0.0,-0.025760000000000005,0.0,-0.25760000000000005,0.0
-2.56e-05,2.24,-2.56e-05,2.16,-0.0025600000000000015,0.04,-0.025599999999999984,0.04,-0.256,0.04
-2.544e-05,2.2,-2.544e-05,2.2,-0.002544000000000001,0.0,-0.02543999999999999,0.0,-0.25439999999999996,0.0
-2.5280000000000002e-05,2.2,-2.5280000000000002e-05,2.2,-0.0025280000000000007,0.0,-0.025279999999999997,0.0,-0.2527999999999999,0.0
-2.5120000000000003e-05,2.2,-2.5120000000000003e-05,2.2,-0.0025120000000000003,0.0,-0.025120000000000003,0.04,-0.2512000000000001,0.04
-2.4960000000000005e-05,2.2,-2.4960000000000005e-05,2.2,-0.0024960000000000017,0.0,-0.024959999999999982,0.0,-0.24960000000000004,0.04
-2.4800000000000007e-05,2.2,-2.4800000000000007e-05,2.2,-0.0024800000000000013,0.0,-0.02479999999999999,0.0,-0.248,0.04
-2.4640000000000008e-05,2.2,-2.4640000000000008e-05,2.2,-0.002464000000000001,0.0,-0.024639999999999995,0.0,-0.24639999999999995,0.0
-2.448000000000001e-05,2.2,-2.448000000000001e-05,2.2,-0.0024480000000000005,0.0,-0.024480000000000002,0.0,-0.24480000000000013,0.0
-2.432000000000001e-05,2.24,-2.432000000000001e-05,2.2,-0.002432,0.04,-0.02431999999999998,0.0,-0.24320000000000008,0.0
-2.4160000000000013e-05,2.24,-2.4160000000000013e-05,2.16,-0.0024160000000000015,0.04,-0.024159999999999987,0.0,-0.24160000000000004,0.04
-2.4000000000000014e-05,2.24,-2.4000000000000014e-05,2.2,-0.002400000000000001,0.0,-0.023999999999999994,0.0,-0.24,0.04
-2.3840000000000016e-05,2.2,-2.3840000000000016e-05,2.24,-0.0023840000000000007,0.0,-0.02384,0.04,-0.23839999999999995,0.04
-2.3680000000000017e-05,2.24,-2.3680000000000017e-05,2.2,-0.0023680000000000003,0.0,-0.02367999999999998,0.0,-0.23680000000000012,0.0
-2.352000000000002e-05,2.2,-2.352000000000002e-05,2.2,-0.0023520000000000017,0.04,-0.023519999999999985,0.0,-0.23520000000000008,0.0
-2.336000000000002e-05,2.2,-2.336000000000002e-05,2.24,-0.0023360000000000013,0.04,-0.023359999999999992,0.0,-0.23360000000000003,0.04
-2.3200000000000022e-05,2.24,-2.3200000000000022e-05,2.2,-0.002320000000000001,0.0,-0.0232,0.0,-0.23199999999999998,0.04
-2.3040000000000023e-05,2.2,-2.3040000000000023e-05,2.24,-0.0023040000000000005,0.0,-0.023040000000000005,0.0,-0.23039999999999994,0.0
-2.2879999999999998e-05,2.24,-2.2879999999999998e-05,2.2,-0.002288,0.0,-0.022879999999999984,0.0,-0.22880000000000011,0.0
-2.272e-05,2.24,-2.272e-05,2.24,-0.0022720000000000014,0.0,-0.02271999999999999,0.0,-0.22720000000000007,0.0
-2.256e-05,2.24,-2.256e-05,2.2,-0.002256000000000001,0.0,-0.022559999999999997,0.0,-0.22560000000000002,0.04
-2.2400000000000002e-05,2.24,-2.2400000000000002e-05,2.24,-0.0022400000000000007,0.0,-0.022400000000000003,0.0,-0.22399999999999998,0.04
-2.2240000000000004e-05,2.24,-2.2240000000000004e-05,2.24,-0.0022240000000000003,0.04,-0.022239999999999982,0.0,-0.22239999999999993,0.0
-2.2080000000000005e-05,2.2,-2.2080000000000005e-05,2.24,-0.0022080000000000016,0.0,-0.02207999999999999,0.0,-0.2208000000000001,0.0
-2.1920000000000007e-05,2.24,-2.1920000000000007e-05,2.24,-0.0021920000000000012,0.0,-0.021919999999999995,0.0,-0.21920000000000006,0.04
-2.176000000000001e-05,2.24,-2.176000000000001e-05,2.2,-0.002176000000000001,0.0,-0.02176,0.0,-0.21760000000000002,0.0
-2.160000000000001e-05,2.24,-2.160000000000001e-05,2.24,-0.0021600000000000005,0.04,-0.02159999999999998,0.0,-0.21599999999999997,0.0
-2.144000000000001e-05,2.24,-2.144000000000001e-05,2.24,-0.002144000000000002,0.0,-0.021439999999999987,0.0,-0.21439999999999992,0.0
-2.1280000000000013e-05,2.24,-2.1280000000000013e-05,2.24,-0.0021280000000000014,0.0,-0.021279999999999993,0.0,-0.2128000000000001,0.04
-2.1120000000000015e-05,2.24,-2.1120000000000015e-05,2.24,-0.002112000000000001,0.04,-0.02112,0.04,-0.21120000000000005,0.0
-2.0960000000000016e-05,2.2800000000000002,-2.0960000000000016e-05,2.24,-0.0020960000000000006,0.0,-0.02095999999999998,0.0,-0.2096,0.04
-2.0800000000000018e-05,2.24,-2.0800000000000018e-05,2.2800000000000002,-0.0020800000000000003,0.0,-0.020799999999999985,0.0,-0.20799999999999996,0.0
-2.064000000000002e-05,2.24,-2.064000000000002e-05,2.24,-0.0020640000000000016,0.0,-0.02063999999999999,0.04,-0.20639999999999992,0.04
-2.048000000000002e-05,2.2800000000000002,-2.048000000000002e-05,2.24,-0.002048000000000001,0.04,-0.020479999999999998,0.0,-0.2048000000000001,0.04
-2.0320000000000022e-05,2.2800000000000002,-2.0320000000000022e-05,2.2,-0.002032000000000001,0.0,-0.020320000000000005,0.0,-0.20320000000000005,0.0
-2.0159999999999997e-05,2.24,-2.0159999999999997e-05,2.24,-0.0020160000000000004,0.04,-0.020159999999999983,0.04,-0.2016,0.04
-1.9999999999999998e-05,2.24,-1.9999999999999998e-05,2.24,-0.0020000000000000018,0.0,-0.01999999999999999,0.0,-0.19999999999999996,0.0
-1.984e-05,2.24,-1.984e-05,2.24,-0.0019840000000000014,0.0,-0.019839999999999997,0.0,-0.19840000000000013,0.0
-1.968e-05,2.2800000000000002,-1.968e-05,2.2800000000000002,-0.001968000000000001,0.0,-0.019680000000000003,0.0,-0.19680000000000009,0.0
-1.9520000000000003e-05,2.2800000000000002,-1.9520000000000003e-05,2.2800000000000002,-0.0019520000000000006,0.0,-0.019519999999999982,0.0,-0.19520000000000004,0.04
-1.9360000000000004e-05,2.2800000000000002,-1.9360000000000004e-05,2.24,-0.0019360000000000002,0.0,-0.01935999999999999,0.04,-0.1936,0.04
-1.9200000000000006e-05,2.24,-1.9200000000000006e-05,2.32,-0.0019200000000000016,0.0,-0.019199999999999995,0.04,-0.19199999999999995,0.0
-1.9040000000000007e-05,2.2800000000000002,-1.9040000000000007e-05,2.2800000000000002,-0.0019040000000000012,0.04,-0.01904,0.04,-0.19040000000000012,0.0
-1.888000000000001e-05,2.2800000000000002,-1.888000000000001e-05,2.24,-0.0018880000000000008,0.0,-0.01887999999999998,0.0,-0.18880000000000008,0.0
-1.872000000000001e-05,2.2800000000000002,-1.872000000000001e-05,2.2800000000000002,-0.0018720000000000004,0.0,-0.018719999999999987,0.0,-0.18720000000000003,0.0
-1.8560000000000012e-05,2.2800000000000002,-1.8560000000000012e-05,2.2800000000000002,-0.0018560000000000017,0.0,-0.018559999999999993,0.0,-0.1856,0.0
-1.8400000000000014e-05,2.2800000000000002,-1.8400000000000014e-05,2.2800000000000002,-0.0018400000000000014,0.0,-0.0184,0.0,-0.18399999999999994,0.0
-1.8240000000000015e-05,2.2800000000000002,-1.8240000000000015e-05,2.2800000000000002,-0.001824000000000001,0.0,-0.01823999999999998,0.0,-0.18240000000000012,0.04
-1.8080000000000017e-05,2.32,-1.8080000000000017e-05,2.2800000000000002,-0.0018080000000000006,0.04,-0.018079999999999985,0.0,-0.18080000000000007,0.0
-1.7920000000000018e-05,2.2800000000000002,-1.7920000000000018e-05,2.2800000000000002,-0.0017920000000000002,0.0,-0.01791999999999999,0.0,-0.17920000000000003,0.04
-1.776000000000002e-05,2.2800000000000002,-1.776000000000002e-05,2.2800000000000002,-0.0017760000000000015,0.0,-0.017759999999999998,0.0,-0.17759999999999998,0.0
-1.760000000000002e-05,2.2800000000000002,-1.760000000000002e-05,2.2800000000000002,-0.0017600000000000011,0.04,-0.017600000000000005,0.0,-0.17599999999999993,0.0
-1.7440000000000023e-05,2.2800000000000002,-1.7440000000000023e-05,2.2800000000000002,-0.0017440000000000008,0.0,-0.017439999999999983,0.0,-0.1744000000000001,0.0
-1.7279999999999997e-05,2.2800000000000002,-1.7279999999999997e-05,2.32,-0.0017280000000000004,0.0,-0.01727999999999999,0.0,-0.17280000000000006,0.0
-1.712e-05,2.2800000000000002,-1.712e-05,2.2800000000000002,-0.0017120000000000017,0.0,-0.017119999999999996,0.0,-0.17120000000000002,0.0
-1.696e-05,2.2800000000000002,-1.696e-05,2.32,-0.0016960000000000013,0.0,-0.016960000000000003,0.0,-0.16959999999999997,0.0
-1.6800000000000002e-05,2.2800000000000002,-1.6800000000000002e-05,2.2800000000000002,-0.001680000000000001,0.0,-0.01679999999999998,0.04,-0.16799999999999993,0.04
-1.6640000000000003e-05,2.32,-1.6640000000000003e-05,2.2800000000000002,-0.0016640000000000005,0.04,-0.016639999999999988,0.04,-0.1664000000000001,0.0
-1.6480000000000005e-05,2.32,-1.6480000000000005e-05,2.32,-0.0016480000000000002,0.0,-0.016479999999999995,-0.04,-0.16480000000000006,0.0
-1.6320000000000006e-05,2.2800000000000002,-1.6320000000000006e-05,2.32,-0.0016320000000000015,0.0,-0.01632,0.0,-0.1632,0.0
-1.6160000000000008e-05,2.32,-1.6160000000000008e-05,2.2800000000000002,-0.0016160000000000011,0.0,-0.01615999999999998,0.0,-0.16159999999999997,0.0
-1.600000000000001e-05,2.2800000000000002,-1.600000000000001e-05,2.2800000000000002,-0.0016000000000000007,0.04,-0.015999999999999986,0.0,-0.15999999999999992,0.0
-1.584000000000001e-05,2.32,-1.584000000000001e-05,2.2800000000000002,-0.0015840000000000003,0.0,-0.015839999999999993,0.0,-0.1584000000000001,0.0
-1.5680000000000013e-05,2.2800000000000002,-1.5680000000000013e-05,2.32,-0.0015680000000000017,0.0,-0.01568,0.0,-0.15680000000000005,0.0
-1.5520000000000014e-05,2.2800000000000002,-1.5520000000000014e-05,2.32,-0.0015520000000000013,-0.04,-0.015519999999999978,0.04,-0.1552,0.04
-1.5360000000000016e-05,2.2800000000000002,-1.5360000000000016e-05,2.32,-0.001536000000000001,0.0,-0.015359999999999985,0.04,-0.15359999999999996,0.0
-1.5200000000000017e-05,2.32,-1.5200000000000017e-05,2.2800000000000002,-0.0015200000000000005,0.0,-0.015199999999999991,0.0,-0.1519999999999999,0.0
-1.5040000000000019e-05,2.32,-1.5040000000000019e-05,2.32,-0.0015040000000000001,0.04,-0.015039999999999998,0.0,-0.1504000000000001,0.04
-1.488000000000002e-05,2.32,-1.488000000000002e-05,2.32,-0.0014880000000000015,0.0,-0.014880000000000004,0.0,-0.14880000000000004,0.0
-1.4720000000000022e-05,2.32,-1.4720000000000022e-05,2.2800000000000002,-0.001472000000000001,0.0,-0.014719999999999983,0.0,-0.1472,0.0
-1.4560000000000023e-05,2.32,-1.4560000000000023e-05,2.32,-0.0014560000000000007,0.0,-0.01455999999999999,0.04,-0.14559999999999995,0.0
-1.4399999999999998e-05,2.2800000000000002,-1.4399999999999998e-05,2.32,-0.0014400000000000003,0.0,-0.014399999999999996,0.0,-0.14400000000000013,0.0
-1.424e-05,2.32,-1.424e-05,2.32,-0.0014240000000000017,0.04,-0.014240000000000003,0.0,-0.14240000000000008,0.04
-1.408e-05,2.32,-1.408e-05,2.36,-0.0014080000000000013,0.0,-0.014079999999999981,0.0,-0.14080000000000004,0.0
-1.3920000000000002e-05,2.32,-1.3920000000000002e-05,2.32,-0.0013920000000000009,0.04,-0.013919999999999988,0.04,-0.1392,0.0
-1.3760000000000004e-05,2.36,-1.3760000000000004e-05,2.32,-0.0013760000000000005,0.0,-0.013759999999999994,0.04,-0.13759999999999994,0.0
-1.3600000000000005e-05,2.36,-1.3600000000000005e-05,2.32,-0.0013600000000000018,0.0,-0.013600000000000001,0.04,-0.13600000000000012,0.0
-1.3440000000000007e-05,2.32,-1.3440000000000007e-05,2.32,-0.0013440000000000014,0.0,-0.01343999999999998,0.0,-0.13440000000000007,0.0
-1.3280000000000008e-05,2.36,-1.3280000000000008e-05,2.32,-0.001328000000000001,0.0,-0.013279999999999986,0.0,-0.13280000000000003,0.0
-1.312000000000001e-05,2.32,-1.312000000000001e-05,2.36,-0.0013120000000000007,0.0,-0.013119999999999993,0.0,-0.13119999999999998,0.04
-1.2960000000000011e-05,2.36,-1.2960000000000011e-05,2.32,-0.0012960000000000003,0.04,-0.01296,0.0,-0.12959999999999994,0.04
-1.2800000000000013e-05,2.36,-1.2800000000000013e-05,2.32,-0.0012800000000000016,0.0,-0.012799999999999978,0.0,-0.1280000000000001,0.0
-1.2640000000000015e-05,2.32,-1.2640000000000015e-05,2.36,-0.0012640000000000012,0.0,-0.012639999999999985,0.04,-0.12640000000000007,0.04
-1.2480000000000016e-05,2.32,-1.2480000000000016e-05,2.32,-0.0012480000000000008,0.0,-0.012479999999999991,0.0,-0.12480000000000002,0.0
-1.2320000000000018e-05,2.36,-1.2320000000000018e-05,2.36,-0.0012320000000000005,0.0,-0.012319999999999998,0.0,-0.12319999999999998,0.04
-1.2160000000000019e-05,2.36,-1.2160000000000019e-05,2.36,-0.0012160000000000018,0.0,-0.012160000000000004,0.0,-0.12159999999999993,0.0
-1.200000000000002e-05,2.36,-1.200000000000002e-05,2.36,-0.0012000000000000014,0.04,-0.011999999999999983,0.0,-0.1200000000000001,0.0
-1.1840000000000022e-05,2.36,-1.1840000000000022e-05,2.36,-0.001184000000000001,0.0,-0.01183999999999999,0.04,-0.11840000000000006,0.0
-1.1679999999999997e-05,2.36,-1.1679999999999997e-05,2.36,-0.0011680000000000006,0.0,-0.011679999999999996,0.04,-0.11680000000000001,0.0
-1.1519999999999998e-05,2.36,-1.1519999999999998e-05,2.36,-0.0011520000000000002,-0.04,-0.011520000000000002,0.0,-0.11519999999999997,0.0
-1.136e-05,2.36,-1.136e-05,2.32,-0.0011360000000000016,-0.04,-0.011359999999999981,0.0,-0.11359999999999992,0.04
-1.1200000000000001e-05,2.36,-1.1200000000000001e-05,2.36,-0.0011200000000000012,0.0,-0.011199999999999988,0.0,-0.1120000000000001,0.0
-1.1040000000000003e-05,2.36,-1.1040000000000003e-05,2.32,-0.0011040000000000008,0.0,-0.011039999999999994,0.04,-0.11040000000000005,0.04
-1.0880000000000004e-05,2.36,-1.0880000000000004e-05,2.36,-0.0010880000000000004,0.0,-0.01088,0.0,-0.10880000000000001,0.04
-1.0720000000000006e-05,2.36,-1.0720000000000006e-05,2.36,-0.0010720000000000018,0.04,-0.01071999999999998,0.0,-0.10719999999999996,0.0
-1.0560000000000007e-05,2.36,-1.0560000000000007e-05,2.36,-0.0010560000000000014,0.0,-0.010559999999999986,0.0,-0.10559999999999992,0.0
-1.0400000000000009e-05,2.36,-1.0400000000000009e-05,2.36,-0.001040000000000001,0.04,-0.010399999999999993,0.04,-0.10400000000000009,0.0
-1.024000000000001e-05,2.36,-1.024000000000001e-05,2.36,-0.0010240000000000006,0.04,-0.010239999999999999,0.0,-0.10240000000000005,0.0
-1.0080000000000012e-05,2.4,-1.0080000000000012e-05,2.36,-0.0010080000000000002,0.0,-0.010079999999999978,0.04,-0.1008,0.0
-9.920000000000013e-06,2.36,-9.920000000000013e-06,2.36,-0.0009920000000000016,0.04,-0.009919999999999984,0.0,-0.09919999999999995,0.0
-9.760000000000015e-06,2.36,-9.760000000000015e-06,2.4,-0.0009760000000000012,0.0,-0.009759999999999991,0.0,-0.09759999999999991,0.0
-9.600000000000017e-06,2.36,-9.600000000000017e-06,2.36,-0.0009600000000000008,0.0,-0.009599999999999997,0.04,-0.09600000000000009,0.04
-9.440000000000018e-06,2.4,-9.440000000000018e-06,2.36,-0.0009440000000000004,0.0,-0.009440000000000004,0.04,-0.09440000000000004,0.04
-9.28000000000002e-06,2.36,-9.28000000000002e-06,2.4,-0.0009280000000000017,0.04,-0.009279999999999983,0.0,-0.0928,0.04
-9.120000000000021e-06,2.4,-9.120000000000021e-06,2.36,-0.0009120000000000014,0.04,-0.00911999999999999,0.04,-0.09119999999999995,0.0
-8.960000000000023e-06,2.36,-8.960000000000023e-06,2.4,-0.000896000000000001,0.0,-0.008959999999999996,0.0,-0.08960000000000012,0.04
-8.799999999999997e-06,2.36,-8.799999999999997e-06,2.4,-0.0008800000000000006,0.0,-0.008800000000000002,0.0,-0.08800000000000008,0.0
-8.639999999999999e-06,2.4,-8.639999999999999e-06,2.4,-0.0008640000000000002,-0.04,-0.008639999999999981,0.0,-0.08640000000000003,0.04
-8.48e-06,2.4,-8.48e-06,2.4,-0.0008480000000000015,0.0,-0.008479999999999988,0.0,-0.08479999999999999,0.0
-8.320000000000002e-06,2.4,-8.320000000000002e-06,2.4,-0.0008320000000000011,0.0,-0.008319999999999994,0.0,-0.08319999999999994,0.04
-8.160000000000003e-06,2.4,-8.160000000000003e-06,2.36,-0.0008160000000000008,0.0,-0.00816,0.0,-0.08160000000000012,0.0
-8.000000000000005e-06,2.4,-8.000000000000005e-06,2.4,-0.0008000000000000004,0.0,-0.00799999999999998,0.04,-0.08000000000000007,0.0
-7.840000000000006e-06,2.4,-7.840000000000006e-06,2.4,-0.0007840000000000017,0.0,-0.007839999999999986,0.04,-0.07840000000000003,0.0
-7.680000000000008e-06,2.4,-7.680000000000008e-06,2.4,-0.0007680000000000013,0.0,-0.007679999999999992,0.04,-0.07679999999999998,0.0
-7.520000000000009e-06,2.4,-7.520000000000009e-06,2.4,-0.0007520000000000009,0.04,-0.007519999999999999,0.0,-0.07519999999999993,0.04
-7.360000000000011e-06,2.4,-7.360000000000011e-06,2.4,-0.0007360000000000005,0.0,-0.007359999999999978,0.0,-0.07360000000000011,0.04
-7.200000000000012e-06,2.4,-7.200000000000012e-06,2.4,-0.0007200000000000019,0.04,-0.007199999999999984,0.0,-0.07200000000000006,0.04
-7.040000000000014e-06,2.4,-7.040000000000014e-06,2.4,-0.0007040000000000015,0.04,-0.007039999999999991,0.0,-0.07040000000000002,0.04
-6.8800000000000154e-06,2.4,-6.8800000000000154e-06,2.4,-0.0006880000000000011,0.0,-0.006879999999999997,0.0,-0.06879999999999997,0.04
-6.720000000000017e-06,2.4,-6.720000000000017e-06,2.4,-0.0006720000000000007,0.0,-0.006720000000000004,0.04,-0.06719999999999993,0.0
-6.5600000000000185e-06,2.44,-6.5600000000000185e-06,2.4,-0.0006560000000000003,0.0,-0.0065599999999999825,0.04,-0.0656000000000001,0.0
-6.40000000000002e-06,2.4,-6.40000000000002e-06,2.4,-0.0006400000000000017,0.0,-0.006399999999999989,0.0,-0.06400000000000006,0.0
-6.2400000000000216e-06,2.44,-6.2400000000000216e-06,2.44,-0.0006240000000000013,0.0,-0.0062399999999999956,0.0,-0.06240000000000001,0.0
-6.080000000000023e-06,2.4,-6.080000000000023e-06,2.44,-0.0006080000000000009,0.0,-0.006080000000000002,0.0,-0.060799999999999965,0.0
-5.9199999999999975e-06,2.4,-5.9199999999999975e-06,2.44,-0.0005920000000000005,0.0,-0.005919999999999981,0.04,-0.05919999999999992,0.0
-5.759999999999999e-06,2.4,-5.759999999999999e-06,2.44,-0.0005760000000000019,0.0,-0.005759999999999987,0.0,-0.057600000000000096,0.0
-5.600000000000001e-06,2.4,-5.600000000000001e-06,2.44,-0.0005600000000000015,0.0,-0.005599999999999994,0.04,-0.05600000000000005,0.0
-5.440000000000002e-06,2.4,-5.440000000000002e-06,2.44,-0.0005440000000000011,0.04,-0.00544,0.04,-0.054400000000000004,0.0
-5.280000000000004e-06,2.4,-5.280000000000004e-06,2.44,-0.0005280000000000007,0.0,-0.005279999999999979,0.0,-0.05279999999999996,0.0
-5.120000000000005e-06,2.4,-5.120000000000005e-06,2.44,-0.0005120000000000003,0.0,-0.005119999999999986,0.0,-0.05119999999999991,0.0
-4.960000000000007e-06,2.44,-4.960000000000007e-06,2.44,-0.0004960000000000016,0.0,-0.004959999999999992,0.0,-0.04960000000000009,0.04
-4.800000000000008e-06,2.44,-4.800000000000008e-06,2.44,-0.00048000000000000126,0.0,-0.004799999999999999,0.04,-0.04800000000000004,0.0
-4.64000000000001e-06,2.44,-4.64000000000001e-06,2.44,-0.00046400000000000087,0.0,-0.0046399999999999775,0.0,-0.0464,0.0
-4.480000000000011e-06,2.44,-4.480000000000011e-06,2.44,-0.0004480000000000005,0.0,-0.004479999999999984,0.04,-0.04479999999999995,0.04
-4.320000000000013e-06,2.44,-4.320000000000013e-06,2.44,-0.0004320000000000018,0.0,-0.0043199999999999905,0.0,-0.043199999999999905,0.0
-4.160000000000014e-06,2.44,-4.160000000000014e-06,2.44,-0.00041600000000000144,0.0,-0.004159999999999997,0.0,-0.04160000000000008,0.0
-4.000000000000016e-06,2.4,-4.000000000000016e-06,2.44,-0.00040000000000000105,0.0,-0.0040000000000000036,0.0,-0.040000000000000036,0.0
-3.8400000000000174e-06,2.44,-3.8400000000000174e-06,2.44,-0.00038400000000000066,0.0,-0.0038399999999999823,0.04,-0.03839999999999999,0.04
-3.680000000000019e-06,2.44,-3.680000000000019e-06,2.44,-0.00036800000000000027,0.0,-0.003679999999999989,0.0,-0.036799999999999944,0.04
-3.5200000000000205e-06,2.44,-3.5200000000000205e-06,2.44,-0.0003520000000000016,0.04,-0.0035199999999999954,0.04,-0.03520000000000012,0.0
-3.360000000000022e-06,2.44,-3.360000000000022e-06,2.44,-0.0003359999999999995,0.0,-0.003360000000000002,0.0,-0.033600000000000074,0.0
-3.1999999999999965e-06,2.44,-3.1999999999999965e-06,2.44,-0.00032000000000000084,0.0,-0.0031999999999999806,0.0,-0.03200000000000003,0.0
-3.039999999999998e-06,2.48,-3.039999999999998e-06,2.44,-0.0003040000000000022,0.04,-0.003039999999999987,0.04,-0.030399999999999983,0.0
-2.8799999999999995e-06,2.44,-2.8799999999999995e-06,2.44,-0.00028800000000000006,0.0,-0.0028799999999999937,0.0,-0.028799999999999937,0.04
-2.720000000000001e-06,2.44,-2.720000000000001e-06,2.44,-0.0002720000000000014,0.0,-0.00272,0.0,-0.027200000000000113,0.04
-2.5600000000000026e-06,2.44,-2.5600000000000026e-06,2.44,-0.00025600000000000275,0.0,-0.002559999999999979,0.0,-0.025600000000000067,0.04
-2.400000000000004e-06,2.48,-2.400000000000004e-06,2.44,-0.00024000000000000063,0.0,-0.0023999999999999855,0.0,-0.02400000000000002,0.04
-2.2400000000000057e-06,2.44,-2.2400000000000057e-06,2.44,-0.00022400000000000198,0.0,-0.002239999999999992,0.0,-0.022399999999999975,0.0
-2.080000000000007e-06,2.48,-2.080000000000007e-06,2.44,-0.00020799999999999985,0.0,-0.0020799999999999985,0.04,-0.02079999999999993,0.0
-1.9200000000000087e-06,2.44,-1.9200000000000087e-06,2.48,-0.0001920000000000012,0.0,-0.0019199999999999773,0.0,-0.019200000000000106,0.04
-1.7600000000000103e-06,2.44,-1.7600000000000103e-06,2.48,-0.00017600000000000254,0.0,-0.0017599999999999838,0.0,-0.01760000000000006,0.04
-1.6000000000000118e-06,2.44,-1.6000000000000118e-06,2.48,-0.00016000000000000042,0.0,-0.0015999999999999903,0.04,-0.016000000000000014,0.0
-1.4400000000000133e-06,2.44,-1.4400000000000133e-06,2.48,-0.00014400000000000177,0.04,-0.0014399999999999968,0.04,-0.014399999999999968,0.0
-1.2800000000000148e-06,2.44,-1.2800000000000148e-06,2.44,-0.00012799999999999964,0.0,-0.0012800000000000034,0.04,-0.012799999999999923,0.0
-1.1200000000000164e-06,2.48,-1.1200000000000164e-06,2.48,-0.00011200000000000099,0.0,-0.0011199999999999821,0.04,-0.011200000000000099,0.04
-9.60000000000018e-07,2.48,-9.60000000000018e-07,2.48,-9.600000000000233e-05,0.0,-0.0009599999999999886,0.0,-0.009600000000000053,0.0
-8.000000000000194e-07,2.48,-8.000000000000194e-07,2.44,-8.000000000000021e-05,0.0,-0.0007999999999999952,0.0,-0.008000000000000007,0.0
-6.40000000000021e-07,2.44,-6.40000000000021e-07,2.48,-6.400000000000156e-05,0.04,-0.0006400000000000017,0.0,-0.006399999999999961,0.0
-4.800000000000225e-07,2.48,-4.800000000000225e-07,2.48,-4.799999999999943e-05,0.04,-0.00047999999999998044,0.0,-0.0047999999999999154,0.0
-3.1999999999999694e-07,2.48,-3.1999999999999694e-07,2.44,-3.200000000000078e-05,0.0,-0.00031999999999998696,0.0,-0.0032000000000000917,0.04
-1.5999999999999847e-07,2.44,-1.5999999999999847e-07,2.16,-1.6000000000002124e-05,0.0,-0.00015999999999999348,0.04,-0.0016000000000000458,0.04
0.0,2.12,0.0,2.16,0.0,0.48,0.0,0.48,0.0,3.96
1.5999999999999847e-07,2.16,1.5999999999999847e-07,2.12,1.5999999999998654e-05,0.84,0.00016000000000002124,2.72,0.0016000000000000458,3.96
3.1999999999999694e-07,2.08,3.1999999999999694e-07,2.12,3.199999999999731e-05,1.12,0.0003200000000000147,3.48,0.0032000000000000917,4.0
4.799999999999954e-07,2.12,4.799999999999954e-07,2.12,4.799999999999943e-05,1.44,0.0004800000000000082,3.8000000000000003,0.0047999999999999154,4.0
6.399999999999939e-07,2.12,6.399999999999939e-07,2.12,6.399999999999809e-05,1.68,0.0006400000000000017,3.88,0.006399999999999961,4.0
7.999999999999923e-07,2.12,7.999999999999923e-07,2.12,8.000000000000021e-05,1.8800000000000001,0.0008000000000000229,3.92,0.008000000000000007,4.0
9.599999999999908e-07,2.12,9.599999999999908e-07,2.08,9.599999999999886e-05,2.08,0.0009600000000000164,3.96,0.009600000000000053,4.0
1.1199999999999893e-06,2.08,1.1199999999999893e-06,2.08,0.00011199999999999752,2.2800000000000002,0.0011200000000000099,3.96,0.011200000000000099,4.0
1.2799999999999877e-06,2.08,1.2799999999999877e-06,2.12,0.00012799999999999964,2.44,0.0012800000000000034,3.96,0.012799999999999923,4.0
1.4399999999999862e-06,2.12,1.4399999999999862e-06,2.08,0.0001439999999999983,2.6,0.0014399999999999968,3.96,0.014399999999999968,4.0
1.5999999999999847e-06,2.08,1.5999999999999847e-06,2.08,0.00016000000000000042,2.72,0.001600000000000018,3.96,0.016000000000000014,4.0
1.7599999999999831e-06,2.08,1.7599999999999831e-06,2.12,0.00017599999999999907,2.88,0.0017600000000000116,3.96,0.01760000000000006,4.0
1.9199999999999816e-06,2.08,1.9199999999999816e-06,2.12,0.00019199999999999773,2.92,0.001920000000000005,3.96,0.019199999999999884,3.96
2.07999999999998e-06,2.08,2.07999999999998e-06,2.08,0.00020799999999999985,3.04,0.0020799999999999985,3.96,0.02079999999999993,4.0
2.2399999999999786e-06,2.08,2.2399999999999786e-06,2.08,0.0002239999999999985,3.12,0.0022400000000000198,3.96,0.022399999999999975,3.96
2.399999999999977e-06,2.08,2.399999999999977e-06,2.08,0.00024000000000000063,3.24,0.0024000000000000132,4.0,0.02400000000000002,4.0
2.5600000000000026e-06,2.08,2.5600000000000026e-06,2.08,0.0002559999999999993,3.2800000000000002,0.0025600000000000067,4.0,0.025600000000000067,4.0
2.720000000000001e-06,2.08,2.720000000000001e-06,2.08,0.00027199999999999794,3.3200000000000003,0.00272,4.0,0.02719999999999989,4.0
2.8799999999999995e-06,2.08,2.8799999999999995e-06,2.08,0.00028800000000000006,3.4,0.0028800000000000214,3.96,0.028799999999999937,4.0
3.039999999999998e-06,2.08,3.039999999999998e-06,2.12,0.0003039999999999987,3.44,0.003040000000000015,3.96,0.030399999999999983,4.0
3.1999999999999965e-06,2.04,3.1999999999999965e-06,2.08,0.00031999999999999737,3.52,0.0032000000000000084,3.96,0.03200000000000003,3.96
3.359999999999995e-06,2.08,3.359999999999995e-06,2.08,0.0003359999999999995,3.56,0.003360000000000002,4.0,0.033600000000000074,4.0
3.5199999999999934e-06,2.04,3.5199999999999934e-06,2.08,0.00035199999999999815,3.6,0.003520000000000023,4.0,0.0351999999999999,4.0
3.679999999999992e-06,2.04,3.679999999999992e-06,2.04,0.00036800000000000027,3.6,0.0036800000000000166,4.0,0.036799999999999944,3.96
3.83999999999999e-06,2.08,3.83999999999999e-06,2.04,0.0003839999999999989,3.64,0.00384000000000001,4.0,0.03839999999999999,4.0
3.999999999999989e-06,2.04,3.999999999999989e-06,2.08,0.0003999999999999976,3.64,0.0040000000000000036,3.96,0.040000000000000036,4.0
4.159999999999987e-06,2.08,4.159999999999987e-06,2.08,0.0004159999999999997,3.72,0.004159999999999997,4.0,0.04160000000000008,4.0
4.319999999999986e-06,2.08,4.319999999999986e-06,2.04,0.00043199999999999836,3.72,0.004320000000000018,4.0,0.043199999999999905,4.0
4.479999999999984e-06,2.04,4.479999999999984e-06,2.08,0.0004480000000000005,3.7600000000000002,0.004480000000000012,4.0,0.04479999999999995,4.0
4.639999999999983e-06,2.04,4.639999999999983e-06,2.08,0.00046399999999999914,3.7600000000000002,0.004640000000000005,3.96,0.0464,4.0
4.799999999999981e-06,2.04,4.799999999999981e-06,2.04,0.0004799999999999978,3.8000000000000003,0.004799999999999999,3.92,0.04800000000000004,4.0
4.95999999999998e-06,2.04,4.95999999999998e-06,2.04,0.0004959999999999999,3.7600000000000002,0.00496000000000002,4.0,0.04960000000000009,4.0
5.119999999999978e-06,2.04,5.119999999999978e-06,2.04,0.0005119999999999986,3.84,0.005120000000000013,4.0,0.05119999999999991,4.0
5.280000000000004e-06,2.04,5.280000000000004e-06,2.04,0.0005279999999999972,3.84,0.005280000000000007,3.96,0.05279999999999996,3.96
5.440000000000002e-06,2.04,5.440000000000002e-06,2.04,0.0005439999999999993,3.84,0.00544,3.96,0.054400000000000004,3.96
5.600000000000001e-06,2.04,5.600000000000001e-06,2.04,0.000559999999999998,3.84,0.005600000000000022,4.0,0.05600000000000005,3.96
5.759999999999999e-06,2.04,5.759999999999999e-06,2.0,0.0005760000000000001,3.84,0.005760000000000015,4.0,0.057600000000000096,4.0
5.9199999999999975e-06,2.0,5.9199999999999975e-06,2.04,0.0005919999999999988,3.84,0.005920000000000009,4.0,0.05919999999999992,3.96
6.079999999999996e-06,2.04,6.079999999999996e-06,2.0,0.0006079999999999974,3.88,0.006080000000000002,3.96,0.060799999999999965,3.96
6.2399999999999945e-06,2.04,6.2399999999999945e-06,2.0,0.0006239999999999996,3.92,0.006240000000000023,3.96,0.06240000000000001,3.96
6.399999999999993e-06,2.0,6.399999999999993e-06,2.0,0.0006399999999999982,3.88,0.006400000000000017,4.0,0.06400000000000006,4.0
6.559999999999991e-06,2.04,6.559999999999991e-06,2.04,0.0006560000000000003,3.88,0.00656000000000001,4.0,0.06559999999999988,4.0
6.71999999999999e-06,2.04,6.71999999999999e-06,2.04,0.000671999999999999,3.92,0.006720000000000004,4.0,0.06719999999999993,4.0
6.879999999999988e-06,2.0,6.879999999999988e-06,2.0,0.0006879999999999976,3.92,0.006879999999999997,3.96,0.06879999999999997,4.0
7.039999999999987e-06,2.0,7.039999999999987e-06,2.0,0.0007039999999999998,3.92,0.0070400000000000185,4.0,0.07040000000000002,3.96
7.199999999999985e-06,2.04,7.199999999999985e-06,2.04,0.0007199999999999984,3.92,0.007200000000000012,3.96,0.07200000000000006,3.96
7.359999999999984e-06,2.0,7.359999999999984e-06,2.0,0.0007360000000000005,3.92,0.007360000000000005,4.0,0.07359999999999989,4.0
7.519999999999982e-06,2.0,7.519999999999982e-06,2.0,0.0007519999999999992,3.96,0.007519999999999999,4.0,0.07519999999999993,4.0
7.67999999999998e-06,2.04,7.67999999999998e-06,2.0,0.0007679999999999979,3.92,0.00768000000000002,3.96,0.07679999999999998,4.0
7.839999999999979e-06,2.0,7.839999999999979e-06,2.0,0.000784,3.96,0.007840000000000014,3.96,0.07840000000000003,4.0
7.999999999999978e-06,2.0,7.999999999999978e-06,1.96,0.0007999999999999986,3.92,0.008000000000000007,4.0,0.08000000000000007,3.96
8.160000000000003e-06,2.0,8.160000000000003e-06,2.0,0.0008159999999999973,3.92,0.00816,3.96,0.0815999999999999,3.96
8.320000000000002e-06,1.96,8.320000000000002e-06,2.0,0.0008319999999999994,3.92,0.008320000000000022,3.96,0.08319999999999994,4.0
8.48e-06,2.0,8.48e-06,1.96,0.0008479999999999981,3.92,0.008480000000000015,3.96,0.08479999999999999,3.96
8.639999999999999e-06,2.0,8.639999999999999e-06,2.0,0.0008640000000000002,3.92,0.008640000000000009,3.96,0.08640000000000003,4.0
8.799999999999997e-06,2.0,8.799999999999997e-06,2.0,0.0008799999999999988,3.96,0.008800000000000002,4.0,0.08800000000000008,4.0
8.959999999999996e-06,2.0,8.959999999999996e-06,1.96,0.0008959999999999975,3.92,0.008960000000000024,3.96,0.0895999999999999,4.0
9.119999999999994e-06,2.0,9.119999999999994e-06,2.0,0.0009119999999999996,3.96,0.009120000000000017,3.96,0.09119999999999995,4.0
9.279999999999992e-06,2.0,9.279999999999992e-06,1.96,0.0009279999999999983,3.96,0.00928000000000001,4.0,0.0928,4.0
9.439999999999991e-06,1.96,9.439999999999991e-06,2.0,0.0009440000000000004,3.96,0.009440000000000004,4.0,0.09440000000000004,4.0
9.59999999999999e-06,2.0,9.59999999999999e-06,2.0,0.000959999999999999,3.96,0.009599999999999997,3.96,0.09600000000000009,3.96
9.759999999999988e-06,1.96,9.759999999999988e-06,2.0,0.0009759999999999977,3.92,0.009760000000000019,3.96,0.09759999999999991,3.96
9.919999999999986e-06,1.96,9.919999999999986e-06,1.96,0.0009919999999999998,3.96,0.009920000000000012,4.0,0.09919999999999995,3.96
1.0079999999999985e-05,1.96,1.0079999999999985e-05,1.96,0.0010079999999999985,3.96,0.010080000000000006,4.0,0.1008,4.0
1.0239999999999983e-05,1.96,1.0239999999999983e-05,1.96,0.0010240000000000006,3.96,0.010239999999999999,3.96,0.10240000000000005,4.0
1.0399999999999982e-05,1.96,1.0399999999999982e-05,1.96,0.0010399999999999993,3.96,0.01040000000000002,4.0,0.10400000000000009,4.0
1.055999999999998e-05,2.0,1.055999999999998e-05,1.96,0.001055999999999998,3.96,0.010560000000000014,3.96,0.10559999999999992,3.96
1.0719999999999979e-05,1.96,1.0719999999999979e-05,1.96,0.001072,3.96,0.010720000000000007,4.0,0.10719999999999996,3.96
1.0879999999999977e-05,1.96,1.0879999999999977e-05,1.96,0.0010879999999999987,3.96,0.01088,3.96,0.10880000000000001,3.96
1.1040000000000003e-05,1.96,1.1040000000000003e-05,1.96,0.0011039999999999973,3.96,0.011040000000000022,4.0,0.11040000000000005,4.0
1.1200000000000001e-05,1.96,1.1200000000000001e-05,1.96,0.0011199999999999995,4.0,0.011200000000000015,4.0,0.1120000000000001,4.0
1.136e-05,1.96,1.136e-05,1.96,0.0011359999999999981,3.96,0.011360000000000009,4.0,0.11359999999999992,4.0
1.1519999999999998e-05,1.96,1.1519999999999998e-05,1.96,0.0011520000000000002,3.96,0.011520000000000002,4.0,0.11519999999999997,4.0
1.1679999999999997e-05,1.96,1.1679999999999997e-05,1.92,0.001167999999999999,3.96,0.011680000000000024,3.96,0.11680000000000001,4.0
1.1839999999999995e-05,1.96,1.1839999999999995e-05,1.96,0.0011839999999999976,3.96,0.011840000000000017,4.0,0.11840000000000006,4.0
1.1999999999999994e-05,1.96,1.1999999999999994e-05,1.96,0.0011999999999999997,3.92,0.01200000000000001,4.0,0.11999999999999988,4.0
1.2159999999999992e-05,1.92,1.2159999999999992e-05,1.92,0.0012159999999999983,4.0,0.012160000000000004,4.0,0.12159999999999993,4.0
1.231999999999999e-05,1.92,1.231999999999999e-05,1.96,0.0012320000000000005,3.96,0.012319999999999998,4.0,0.12319999999999998,3.96
1.2479999999999989e-05,1.96,1.2479999999999989e-05,1.96,0.0012479999999999991,3.96,0.012480000000000019,3.96,0.12480000000000002,4.0
1.2639999999999987e-05,1.92,1.2639999999999987e-05,1.96,0.0012639999999999978,4.0,0.012640000000000012,3.96,0.12640000000000007,3.96
1.2799999999999986e-05,1.96,1.2799999999999986e-05,1.92,0.0012799999999999999,3.96,0.012800000000000006,3.96,0.1279999999999999,3.96
1.2959999999999984e-05,1.96,1.2959999999999984e-05,1.92,0.0012959999999999985,3.96,0.01296,4.0,0.12959999999999994,4.0
1.3119999999999983e-05,1.92,1.3119999999999983e-05,1.8800000000000001,0.0013119999999999972,3.96,0.01312000000000002,4.0,0.13119999999999998,3.96
1.3279999999999981e-05,1.92,1.3279999999999981e-05,1.92,0.0013279999999999993,3.96,0.013280000000000014,4.0,0.13280000000000003,3.96
1.343999999999998e-05,1.92,1.343999999999998e-05,1.92,0.001343999999999998,4.0,0.013440000000000007,3.96,0.13440000000000007,4.0
1.3599999999999978e-05,1.92,1.3599999999999978e-05,1.92,0.00136,3.96,0.013600000000000001,4.0,0.1359999999999999,4.0
1.3760000000000004e-05,1.92,1.3760000000000004e-05,1.96,0.0013759999999999988,3.96,0.013760000000000022,4.0,0.13759999999999994,4.0
1.3920000000000002e-05,1.92,1.3920000000000002e-05,1.92,0.0013919999999999974,3.96,0.013920000000000016,3.96,0.1392,3.96
1.408e-05,1.92,1.408e-05,1.92,0.0014079999999999995,3.96,0.01408000000000001,4.0,0.14080000000000004,4.0
1.424e-05,1.92,1.424e-05,1.92,0.0014239999999999982,3.96,0.014240000000000003,3.96,0.14240000000000008,4.0
1.4399999999999998e-05,1.92,1.4399999999999998e-05,1.92,0.0014400000000000003,4.0,0.014400000000000024,3.96,0.1439999999999999,4.0
1.4559999999999996e-05,1.92,1.4559999999999996e-05,1.8800000000000001,0.001455999999999999,3.96,0.014560000000000017,3.96,0.14559999999999995,3.96
1.4719999999999995e-05,1.92,1.4719999999999995e-05,1.92,0.0014719999999999976,3.96,0.01472000000000001,3.96,0.1472,4.0
1.4879999999999993e-05,1.92,1.4879999999999993e-05,1.92,0.0014879999999999997,4.0,0.014880000000000004,4.0,0.14880000000000004,4.0
1.5039999999999992e-05,1.92,1.5039999999999992e-05,1.92,0.0015039999999999984,3.96,0.015039999999999998,4.0,0.1504000000000001,4.0
1.519999999999999e-05,1.92,1.519999999999999e-05,1.92,0.0015200000000000005,3.96,0.015200000000000019,3.96,0.1519999999999999,3.96
1.535999999999999e-05,1.8800000000000001,1.535999999999999e-05,1.92,0.0015359999999999992,4.0,0.015360000000000013,3.96,0.15359999999999996,4.0
1.5519999999999987e-05,1.8800000000000001,1.5519999999999987e-05,1.8800000000000001,0.0015519999999999978,3.96,0.015520000000000006,4.0,0.1552,4.0
1.5679999999999985e-05,1.8800000000000001,1.5679999999999985e-05,1.8800000000000001,0.001568,3.96,0.01568,3.96,0.15680000000000005,3.96
1.5839999999999984e-05,1.92,1.5839999999999984e-05,1.8800000000000001,0.0015839999999999986,3.96,0.01584000000000002,4.0,0.1584000000000001,4.0
1.5999999999999982e-05,1.8800000000000001,1.5999999999999982e-05,1.8800000000000001,0.0015999999999999973,4.0,0.016000000000000014,3.96,0.15999999999999992,4.0
1.615999999999998e-05,1.92,1.615999999999998e-05,1.8800000000000001,0.0016159999999999994,3.96,0.016160000000000008,4.0,0.16159999999999997,4.0
1.631999999999998e-05,1.92,1.631999999999998e-05,1.8800000000000001,0.001631999999999998,3.96,0.01632,4.0,0.1632,3.96
1.6479999999999978e-05,1.8800000000000001,1.6479999999999978e-05,1.8800000000000001,0.0016480000000000002,3.96,0.016480000000000022,3.96,0.16480000000000006,4.0
1.6640000000000003e-05,1.92,1.6640000000000003e-05,1.8800000000000001,0.0016639999999999988,3.96,0.016640000000000016,3.96,0.1664000000000001,4.0
1.6800000000000002e-05,1.8800000000000001,1.6800000000000002e-05,1.8800000000000001,0.0016799999999999975,3.96,0.01680000000000001,3.96,0.16799999999999993,4.0
1.696e-05,1.8800000000000001,1.696e-05,1.8800000000000001,0.0016959999999999996,3.92,0.016960000000000003,3.96,0.16959999999999997,4.0
1.712e-05,1.8800000000000001,1.712e-05,1.84,0.0017119999999999982,3.96,0.017120000000000024,4.0,0.17120000000000002,4.0
1.7279999999999997e-05,1.92,1.7279999999999997e-05,1.8800000000000001,0.0017280000000000004,3.96,0.017280000000000018,3.96,0.17280000000000006,3.96
1.7439999999999996e-05,1.8800000000000001,1.7439999999999996e-05,1.8800000000000001,0.001743999999999999,4.0,0.01744000000000001,3.96,0.1743999999999999,3.96
1.7599999999999994e-05,1.8800000000000001,1.7599999999999994e-05,1.84,0.0017599999999999977,3.96,0.017600000000000005,4.0,0.17599999999999993,4.0
1.7759999999999993e-05,1.8800000000000001,1.7759999999999993e-05,1.84,0.0017759999999999998,3.96,0.017759999999999998,3.96,0.17759999999999998,4.0
1.791999999999999e-05,1.84,1.791999999999999e-05,1.8800000000000001,0.0017919999999999985,3.96,0.01792000000000002,3.96,0.17920000000000003,4.0
1.807999999999999e-05,1.84,1.807999999999999e-05,1.84,0.0018080000000000006,4.0,0.018080000000000013,4.0,0.18080000000000007,3.96
1.8239999999999988e-05,1.84,1.8239999999999988e-05,1.84,0.0018239999999999992,4.0,0.018240000000000006,4.0,0.1823999999999999,3.96
1.8399999999999986e-05,1.84,1.8399999999999986e-05,1.8800000000000001,0.0018399999999999979,4.0,0.0184,4.0,0.18399999999999994,4.0
1.8559999999999985e-05,1.84,1.8559999999999985e-05,1.84,0.001856,4.0,0.01856000000000002,3.96,0.1856,4.0
1.8719999999999983e-05,1.8800000000000001,1.8719999999999983e-05,1.84,0.0018719999999999987,3.92,0.018720000000000014,3.96,0.18720000000000003,3.96
1.8879999999999982e-05,1.84,1.8879999999999982e-05,1.8800000000000001,0.0018879999999999973,3.96,0.018880000000000008,4.0,0.18880000000000008,3.96
1.903999999999998e-05,1.84,1.903999999999998e-05,1.84,0.0019039999999999994,3.96,0.01904,4.0,0.1903999999999999,3.96
1.919999999999998e-05,1.84,1.919999999999998e-05,1.84,0.001919999999999998,4.0,0.019200000000000023,3.96,0.19199999999999995,4.0
1.9359999999999977e-05,1.84,1.9359999999999977e-05,1.84,0.0019360000000000002,3.96,0.019360000000000016,4.0,0.1936,4.0
1.9520000000000003e-05,1.84,1.9520000000000003e-05,1.8800000000000001,0.0019519999999999989,4.0,0.01952000000000001,3.96,0.19520000000000004,4.0
1.968e-05,1.84,1.968e-05,1.84,0.0019679999999999975,3.96,0.019680000000000003,4.0,0.19680000000000009,4.0
1.984e-05,1.84,1.984e-05,1.84,0.0019839999999999997,4.0,0.019840000000000024,4.0,0.1983999999999999,4.0
1.9999999999999998e-05,1.84,1.9999999999999998e-05,1.84,0.0019999999999999983,3.96,0.020000000000000018,4.0,0.19999999999999996,4.0
2.0159999999999997e-05,1.84,2.0159999999999997e-05,1.84,0.0020160000000000004,3.96,0.02016000000000001,4.0,0.2016,3.96
2.0319999999999995e-05,1.8,2.0319999999999995e-05,1.84,0.002031999999999999,4.0,0.020320000000000005,4.0,0.20320000000000005,4.0
2.0479999999999994e-05,1.84,2.0479999999999994e-05,1.84,0.0020479999999999977,3.96,0.020479999999999998,4.0,0.2048000000000001,3.96
2.0639999999999992e-05,1.84,2.0639999999999992e-05,1.84,0.002064,4.0,0.02064000000000002,4.0,0.20639999999999992,3.96
2.079999999999999e-05,1.8,2.079999999999999e-05,1.84,0.0020799999999999985,3.96,0.020800000000000013,4.0,0.20799999999999996,4.0
2.095999999999999e-05,1.84,2.095999999999999e-05,1.8,0.002095999999999997,3.96,0.020960000000000006,3.96,0.2096,3.96
2.1119999999999988e-05,1.84,2.1119999999999988e-05,1.84,0.0021119999999999993,4.0,0.02112,3.96,0.21120000000000005,3.96
2.1279999999999986e-05,1.84,2.1279999999999986e-05,1.84,0.002127999999999998,4.0,0.02128000000000002,4.0,0.2128000000000001,4.0
2.1439999999999984e-05,1.84,2.1439999999999984e-05,1.84,0.002144,4.0,0.021440000000000015,4.0,0.21439999999999992,3.96
2.1599999999999983e-05,1.84,2.1599999999999983e-05,1.84,0.0021599999999999987,4.0,0.021600000000000008,3.96,0.21599999999999997,3.96
2.175999999999998e-05,1.8,2.175999999999998e-05,1.84,0.0021759999999999974,3.96,0.02176,4.0,0.21760000000000002,3.96
2.191999999999998e-05,1.84,2.191999999999998e-05,1.84,0.0021919999999999995,4.0,0.021920000000000023,4.0,0.21920000000000006,3.96
2.207999999999998e-05,1.8,2.207999999999998e-05,1.84,0.002207999999999998,4.0,0.022080000000000016,3.96,0.2208000000000001,4.0
2.2240000000000004e-05,1.84,2.2240000000000004e-05,1.8,0.0022240000000000003,4.0,0.02224000000000001,3.96,0.22239999999999993,4.0
2.2400000000000002e-05,1.84,2.2400000000000002e-05,1.84,0.002239999999999999,4.0,0.022400000000000003,3.96,0.22399999999999998,3.96
2.256e-05,1.8,2.256e-05,1.8,0.0022559999999999976,3.96,0.022560000000000024,3.96,0.22560000000000002,3.96
2.272e-05,1.8,2.272e-05,1.84,0.0022719999999999997,3.96,0.022720000000000018,4.0,0.22720000000000007,4.0
2.2879999999999998e-05,1.8,2.2879999999999998e-05,1.8,0.0022879999999999984,4.0,0.02288000000000001,4.0,0.2287999999999999,4.0
2.3039999999999996e-05,1.8,2.3039999999999996e-05,1.84,0.0023040000000000005,4.0,0.023040000000000005,4.0,0.23039999999999994,4.0
2.3199999999999995e-05,1.76,2.3199999999999995e-05,1.8,0.002319999999999999,4.0,0.0232,4.0,0.23199999999999998,4.0
2.3359999999999993e-05,1.8,2.3359999999999993e-05,1.8,0.002335999999999998,4.0,0.02336000000000002,4.0,0.23360000000000003,4.0
2.351999999999999e-05,1.76,2.351999999999999e-05,1.8,0.002352,4.04,0.023520000000000013,3.96,0.23520000000000008,3.96
2.367999999999999e-05,1.8,2.367999999999999e-05,1.8,0.0023679999999999986,4.0,0.023680000000000007,4.0,0.2367999999999999,3.96
2.383999999999999e-05,1.8,2.383999999999999e-05,1.8,0.0023839999999999972,3.96,0.02384,4.0,0.23839999999999995,4.0
2.3999999999999987e-05,1.8,2.3999999999999987e-05,1.8,0.0023999999999999994,3.96,0.02400000000000002,3.96,0.24,4.0
2.4159999999999986e-05,1.8,2.4159999999999986e-05,1.8,0.002415999999999998,3.96,0.024160000000000015,4.0,0.24160000000000004,3.96
2.4319999999999984e-05,1.8,2.4319999999999984e-05,1.8,0.002432,4.0,0.02432000000000001,3.96,0.24320000000000008,4.0
2.4479999999999982e-05,1.76,2.4479999999999982e-05,1.8,0.002447999999999999,3.96,0.024480000000000002,3.96,0.2447999999999999,4.0
2.463999999999998e-05,1.8,2.463999999999998e-05,1.76,0.0024639999999999974,3.96,0.024640000000000023,4.0,0.24639999999999995,3.96
2.479999999999998e-05,1.8,2.479999999999998e-05,1.76,0.0024799999999999996,3.96,0.024800000000000016,4.0,0.248,3.96
2.4959999999999978e-05,1.8,2.4959999999999978e-05,1.8,0.0024959999999999982,3.96,0.02496000000000001,3.96,0.24960000000000004,3.96
2.5120000000000003e-05,1.76,2.5120000000000003e-05,1.76,0.0025120000000000003,3.96,0.025120000000000003,4.0,0.2512000000000001,3.96
2.5280000000000002e-05,1.8,2.5280000000000002e-05,1.76,0.002527999999999999,4.0,0.025280000000000025,4.0,0.2527999999999999,3.96
2.544e-05,1.8,2.544e-05,1.76,0.0025439999999999977,4.0,0.025440000000000018,4.0,0.25439999999999996,3.96
2.56e-05,1.76,2.56e-05,1.8,0.0025599999999999998,4.0,0.02560000000000001,3.96,0.256,3.96
2.5759999999999997e-05,1.8,2.5759999999999997e-05,1.76,0.0025759999999999984,3.96,0.025760000000000005,4.0,0.25760000000000005,3.96
2.5919999999999996e-05,1.76,2.5919999999999996e-05,1.76,0.0025920000000000006,4.0,0.02592,3.96,0.2592000000000001,4.0
2.6079999999999994e-05,1.76,2.6079999999999994e-05,1.76,0.002607999999999999,3.96,0.02608000000000002,3.96,0.2607999999999999,4.0
2.6239999999999993e-05,1.76,2.6239999999999993e-05,1.76,0.002623999999999998,4.0,0.026240000000000013,3.96,0.26239999999999997,3.96
2.639999999999999e-05,1.8,2.639999999999999e-05,1.76,0.00264,3.96,0.026400000000000007,3.96,0.264,3.96
2.655999999999999e-05,1.76,2.655999999999999e-05,1.76,0.0026559999999999986,3.96,0.02656,3.96,0.26560000000000006,4.0
2.6719999999999988e-05,1.8,2.6719999999999988e-05,1.76,0.0026719999999999973,4.0,0.02672000000000002,3.96,0.2672000000000001,4.0
2.6879999999999987e-05,1.76,2.6879999999999987e-05,1.76,0.0026879999999999994,3.96,0.026880000000000015,4.0,0.26879999999999993,3.96
2.7039999999999985e-05,1.76,2.7039999999999985e-05,1.76,0.002703999999999998,3.96,0.02704000000000001,3.96,0.2704,4.0
2.7199999999999984e-05,1.76,2.7199999999999984e-05,1.76,0.00272,3.96,0.027200000000000002,3.96,0.272,3.96
2.7359999999999982e-05,1.76,2.7359999999999982e-05,1.76,0.002735999999999999,4.0,0.027360000000000023,4.0,0.27360000000000007,3.96
2.751999999999998e-05,1.72,2.751999999999998e-05,1.72,0.0027519999999999975,3.96,0.027520000000000017,4.0,0.2752000000000001,4.0
2.767999999999998e-05,1.76,2.767999999999998e-05,1.76,0.0027679999999999996,3.96,0.02768000000000001,4.0,0.27679999999999993,4.0
2.7839999999999977e-05,1.72,2.7839999999999977e-05,1.76,0.0027839999999999983,3.96,0.027840000000000004,3.96,0.2784,3.96
2.8000000000000003e-05,1.76,2.8000000000000003e-05,1.76,0.0028000000000000004,3.96,0.028000000000000025,3.96,0.28,3.96
2.816e-05,1.76,2.816e-05,1.72,0.002815999999999999,4.0,0.02816000000000002,3.96,0.2816000000000001,4.0
2.832e-05,1.76,2.832e-05,1.76,0.0028319999999999977,3.96,0.028320000000000012,3.96,0.2831999999999999,3.96
2.848e-05,1.76,2.848e-05,1.72,0.002848,3.96,0.028480000000000005,4.0,0.28479999999999994,3.96
2.8639999999999997e-05,1.72,2.8639999999999997e-05,1.72,0.0028639999999999985,4.0,0.02864,3.96,0.2864,4.0
2.8799999999999995e-05,1.72,2.8799999999999995e-05,1.72,0.002879999999999997,4.0,0.02880000000000002,3.96,0.28800000000000003,4.0
2.8959999999999994e-05,1.76,2.8959999999999994e-05,1.72,0.0028959999999999993,3.96,0.028960000000000014,3.96,0.2896000000000001,3.96
2.9119999999999992e-05,1.72,2.9119999999999992e-05,1.76,0.002911999999999998,3.96,0.029120000000000007,4.0,0.2911999999999999,3.96
2.927999999999999e-05,1.76,2.927999999999999e-05,1.72,0.002928,4.0,0.02928,3.96,0.29279999999999995,3.96
2.943999999999999e-05,1.72,2.943999999999999e-05,1.72,0.0029439999999999987,3.96,0.02944000000000002,4.0,0.2944,4.0
2.9599999999999988e-05,1.76,2.9599999999999988e-05,1.72,0.0029599999999999974,4.0,0.029600000000000015,3.96,0.29600000000000004,3.96
2.9759999999999986e-05,1.72,2.9759999999999986e-05,1.72,0.0029759999999999995,3.96,0.02976000000000001,3.96,0.2976000000000001,4.0
2.9919999999999985e-05,1.72,2.9919999999999985e-05,1.72,0.002991999999999998,3.96,0.029920000000000002,3.96,0.2991999999999999,3.96
3.0079999999999983e-05,1.72,3.0079999999999983e-05,1.72,0.0030080000000000003,3.96,0.030080000000000023,3.96,0.30079999999999996,3.96
3.023999999999998e-05,1.72,3.023999999999998e-05,1.72,0.003023999999999999,3.96,0.030240000000000017,4.0,0.3024,4.0
3.039999999999998e-05,1.72,3.039999999999998e-05,1.72,0.0030399999999999976,3.96,0.03040000000000001,4.0,0.30400000000000005,3.96
3.055999999999998e-05,1.72,3.055999999999998e-05,1.72,0.0030559999999999997,3.96,0.030560000000000004,4.0,0.3056000000000001,3.96
3.0720000000000004e-05,1.68,3.0720000000000004e-05,1.72,0.0030719999999999983,4.0,0.030720000000000025,3.96,0.3071999999999999,3.96
3.088e-05,1.72,3.088e-05,1.72,0.0030880000000000005,3.96,0.03088000000000002,3.96,0.30879999999999996,3.96
3.104e-05,1.72,3.104e-05,1.72,0.003103999999999999,3.96,0.031040000000000012,4.0,0.3104,4.0
3.12e-05,1.72,3.12e-05,1.72,0.0031199999999999978,3.96,0.031200000000000006,4.0,0.31200000000000006,3.96
3.136e-05,1.68,3.136e-05,1.68,0.003136,3.96,0.03136,3.96,0.3136000000000001,4.0
3.1519999999999996e-05,1.72,3.1519999999999996e-05,1.72,0.0031519999999999986,3.96,0.03152000000000002,3.96,0.3151999999999999,4.0
3.1679999999999995e-05,1.68,3.1679999999999995e-05,1.68,0.003167999999999997,4.0,0.031680000000000014,3.96,0.31679999999999997,4.0
3.183999999999999e-05,1.72,3.183999999999999e-05,1.72,0.0031839999999999993,3.96,0.03184000000000001,4.0,0.3184,4.0
3.199999999999999e-05,1.68,3.199999999999999e-05,1.72,0.003199999999999998,4.0,0.032,4.0,0.32000000000000006,3.96
3.215999999999999e-05,1.68,3.215999999999999e-05,1.72,0.003216,3.96,0.03216000000000002,3.96,0.3216000000000001,3.96
3.231999999999999e-05,1.68,3.231999999999999e-05,1.72,0.0032319999999999988,3.96,0.032320000000000015,4.0,0.32319999999999993,4.0
3.247999999999999e-05,1.68,3.247999999999999e-05,1.72,0.0032479999999999974,3.96,0.03248000000000001,3.96,0.3248,4.0
3.2639999999999986e-05,1.68,3.2639999999999986e-05,1.68,0.0032639999999999995,3.96,0.03264,3.96,0.3264,4.0
3.2799999999999984e-05,1.68,3.2799999999999984e-05,1.68,0.003279999999999998,3.96,0.032800000000000024,4.0,0.32800000000000007,4.0
3.295999999999998e-05,1.72,3.295999999999998e-05,1.68,0.0032960000000000003,3.96,0.03296000000000002,4.0,0.3295999999999999,3.96
3.311999999999998e-05,1.68,3.311999999999998e-05,1.68,0.003311999999999999,3.96,0.03312000000000001,3.96,0.33119999999999994,3.96
3.327999999999998e-05,1.68,3.327999999999998e-05,1.68,0.0033279999999999976,4.0,0.033280000000000004,3.96,0.3328,4.0
3.343999999999998e-05,1.68,3.343999999999998e-05,1.72,0.0033439999999999998,3.96,0.033440000000000025,4.0,0.33440000000000003,3.96
3.3600000000000004e-05,1.68,3.3600000000000004e-05,1.68,0.0033599999999999984,4.0,0.03360000000000002,3.96,0.3360000000000001,4.0
3.376e-05,1.68,3.376e-05,1.68,0.003375999999999997,3.96,0.03376000000000001,4.0,0.3375999999999999,4.0
3.392e-05,1.68,3.392e-05,1.68,0.003391999999999999,3.96,0.033920000000000006,4.0,0.33919999999999995,3.96
3.408e-05,1.68,3.408e-05,1.68,0.003407999999999998,3.96,0.03408,4.0,0.3408,4.0
3.424e-05,1.68,3.424e-05,1.68,0.003424,3.96,0.03424000000000002,3.96,0.34240000000000004,3.96
3.4399999999999996e-05,1.68,3.4399999999999996e-05,1.68,0.0034399999999999986,4.04,0.034400000000000014,3.96,0.3440000000000001,3.96
3.4559999999999994e-05,1.68,3.4559999999999994e-05,1.68,0.0034559999999999973,4.0,0.03456000000000001,3.96,0.3455999999999999,3.96
3.471999999999999e-05,1.68,3.471999999999999e-05,1.68,0.0034719999999999994,3.96,0.03472,4.0,0.34719999999999995,3.96
3.487999999999999e-05,1.68,3.487999999999999e-05,1.68,0.003487999999999998,4.0,0.03488000000000002,3.96,0.3488,3.96
3.503999999999999e-05,1.6400000000000001,3.503999999999999e-05,1.6400000000000001,0.003504,4.0,0.035040000000000016,4.0,0.35040000000000004,4.0
3.519999999999999e-05,1.68,3.519999999999999e-05,1.6400000000000001,0.003519999999999999,3.96,0.03520000000000001,4.0,0.3520000000000001,4.0
3.535999999999999e-05,1.6400000000000001,3.535999999999999e-05,1.6400000000000001,0.0035359999999999975,4.0,0.03536,3.96,0.3535999999999999,3.96
3.5519999999999985e-05,1.6400000000000001,3.5519999999999985e-05,1.68,0.0035519999999999996,3.96,0.035520000000000024,4.0,0.35519999999999996,4.0
3.5679999999999984e-05,1.68,3.5679999999999984e-05,1.6400000000000001,0.0035679999999999983,3.96,0.03568000000000002,4.0,0.3568,3.96
3.583999999999998e-05,1.68,3.583999999999998e-05,1.68,0.0035840000000000004,3.92,0.03584000000000001,4.0,0.35840000000000005,4.0
3.599999999999998e-05,1.68,3.599999999999998e-05,1.6400000000000001,0.003599999999999999,4.0,0.036000000000000004,3.96,0.3600000000000001,4.0
3.615999999999998e-05,1.6400000000000001,3.615999999999998e-05,1.6400000000000001,0.0036159999999999977,4.0,0.036160000000000025,3.96,0.3615999999999999,4.0
3.631999999999998e-05,1.6400000000000001,3.631999999999998e-05,1.68,0.003632,4.0,0.03632000000000002,3.96,0.36319999999999997,4.0
3.648e-05,1.6400000000000001,3.648e-05,1.6400000000000001,0.0036479999999999985,4.0,0.03648000000000001,4.0,0.3648,4.0
3.664e-05,1.6400000000000001,3.664e-05,1.6400000000000001,0.003663999999999997,4.0,0.036640000000000006,4.0,0.36640000000000006,4.0
3.68e-05,1.6400000000000001,3.68e-05,1.6400000000000001,0.0036799999999999992,4.0,0.0368,4.0,0.3680000000000001,3.96
3.696e-05,1.6400000000000001,3.696e-05,1.6400000000000001,0.003695999999999998,4.0,0.03696000000000002,4.0,0.36959999999999993,4.0
3.712e-05,1.6400000000000001,3.712e-05,1.6400000000000001,0.003712,3.96,0.037120000000000014,4.0,0.3712,4.0
3.7279999999999995e-05,1.6400000000000001,3.7279999999999995e-05,1.6400000000000001,0.0037279999999999987,3.96,0.03728000000000001,3.96,0.3728,4.0
3.7439999999999994e-05,1.6400000000000001,3.7439999999999994e-05,1.6400000000000001,0.0037439999999999973,4.0,0.03744,4.0,0.37440000000000007,3.96
3.759999999999999e-05,1.6400000000000001,3.759999999999999e-05,1.6400000000000001,0.0037599999999999995,4.0,0.03760000000000002,4.0,0.3760000000000001,3.96
3.775999999999999e-05,1.6,3.775999999999999e-05,1.6,0.003775999999999998,4.0,0.037760000000000016,3.96,0.37759999999999994,3.96
3.791999999999999e-05,1.6,3.791999999999999e-05,1.6400000000000001,0.0037920000000000002,3.96,0.03792000000000001,4.0,0.3792,3.96
3.807999999999999e-05,1.6400000000000001,3.807999999999999e-05,1.6,0.003807999999999999,3.96,0.03808,3.96,0.3808,3.96
3.8239999999999986e-05,1.6400000000000001,3.8239999999999986e-05,1.6,0.0038239999999999975,4.0,0.038240000000000024,3.96,0.3824000000000001,4.0
3.8399999999999985e-05,1.6,3.8399999999999985e-05,1.6,0.0038399999999999997,3.96,0.03840000000000002,4.0,0.3839999999999999,3.96
3.855999999999998e-05,1.6400000000000001,3.855999999999998e-05,1.6400000000000001,0.0038559999999999983,4.0,0.03856000000000001,3.96,0.38559999999999994,3.96
3.871999999999998e-05,1.6,3.871999999999998e-05,1.6400000000000001,0.0038720000000000004,3.96,0.038720000000000004,4.0,0.3872,3.96
3.887999999999998e-05,1.6,3.887999999999998e-05,1.6400000000000001,0.003887999999999999,4.0,0.038880000000000026,3.96,0.38880000000000003,3.96
3.903999999999998e-05,1.6400000000000001,3.903999999999998e-05,1.6400000000000001,0.0039039999999999977,3.96,0.03904000000000002,3.96,0.3904000000000001,4.0
3.9200000000000004e-05,1.6,3.9200000000000004e-05,1.6,0.00392,3.96,0.03920000000000001,3.96,0.3919999999999999,3.96
3.936e-05,1.6,3.936e-05,1.6400000000000001,0.0039359999999999985,4.0,0.039360000000000006,3.96,0.39359999999999995,3.96
3.952e-05,1.6,3.952e-05,1.6,0.003951999999999997,3.96,0.03952,3.96,0.3952,3.96
3.968e-05,1.6,3.968e-05,1.6,0.003967999999999999,3.96,0.03968000000000002,4.0,0.39680000000000004,3.96
3.984e-05,1.6,3.984e-05,1.6400000000000001,0.003983999999999998,3.96,0.039840000000000014,4.0,0.3984000000000001,4.0
3.9999999999999996e-05,1.6,3.9999999999999996e-05,1.6,0.004,3.96,0.04000000000000001,4.0,0.3999999999999999,4.0
4.0159999999999995e-05,1.6,4.0159999999999995e-05,1.6,0.004015999999999999,3.96,0.04016,4.0,0.4016000000000002,3.96
4.0319999999999993e-05,1.6,4.0319999999999993e-05,1.56,0.004031999999999997,3.96,0.04032000000000002,4.0,0.4032,4.0
4.047999999999999e-05,1.6,4.047999999999999e-05,1.6,0.0040479999999999995,4.0,0.040480000000000016,3.96,0.4047999999999998,4.0
4.063999999999999e-05,1.56,4.063999999999999e-05,1.6,0.004063999999999998,3.96,0.04064000000000001,4.0,0.4064000000000001,3.96
4.079999999999999e-05,1.6,4.079999999999999e-05,1.6,0.00408,3.96,0.0408,3.96,0.4079999999999999,4.0
4.095999999999999e-05,1.6,4.095999999999999e-05,1.56,0.004095999999999999,3.96,0.040960000000000024,3.96,0.4096000000000002,3.96
4.1119999999999986e-05,1.6,4.1119999999999986e-05,1.6,0.004111999999999998,4.0,0.04112000000000002,4.0,0.4112,3.96
4.1279999999999984e-05,1.56,4.1279999999999984e-05,1.6,0.004128,4.0,0.04128000000000001,3.96,0.41279999999999983,4.0
4.143999999999998e-05,1.6,4.143999999999998e-05,1.6,0.004143999999999998,4.0,0.041440000000000005,3.96,0.4144000000000001,3.96
4.159999999999998e-05,1.56,4.159999999999998e-05,1.6,0.004159999999999997,4.0,0.041600000000000026,3.96,0.4159999999999999,3.96
4.175999999999998e-05,1.6,4.175999999999998e-05,1.6,0.004175999999999999,3.96,0.04176000000000002,4.0,0.4176000000000002,4.0
4.191999999999998e-05,1.56,4.191999999999998e-05,1.56,0.004191999999999998,4.0,0.04192000000000001,4.0,0.4192,3.96
4.2080000000000004e-05,1.56,4.2080000000000004e-05,1.56,0.004208,3.96,0.042080000000000006,3.96,0.42079999999999984,4.0
4.224e-05,1.6,4.224e-05,1.6,0.004223999999999999,3.96,0.04224,3.96,0.4224000000000001,4.0
4.24e-05,1.6,4.24e-05,1.56,0.004239999999999997,3.96,0.04240000000000002,3.96,0.42399999999999993,3.96
4.256e-05,1.56,4.256e-05,1.56,0.004255999999999999,4.0,0.042560000000000014,3.96,0.4256000000000002,3.96
4.272e-05,1.56,4.272e-05,1.6,0.004271999999999998,3.96,0.04272000000000001,3.96,0.4272,3.96
4.2879999999999996e-05,1.56,4.2879999999999996e-05,1.56,0.004288,3.96,0.04288,4.0,0.42879999999999985,3.96
4.3039999999999994e-05,1.56,4.3039999999999994e-05,1.6,0.004303999999999999,3.96,0.04304000000000002,4.0,0.4304000000000001,4.0
4.319999999999999e-05,1.56,4.319999999999999e-05,1.56,0.0043199999999999975,3.96,0.043200000000000016,3.96,0.43199999999999994,3.96
4.335999999999999e-05,1.56,4.335999999999999e-05,1.56,0.004336,3.96,0.04336000000000001,4.0,0.4336000000000002,4.0
4.351999999999999e-05,1.56,4.351999999999999e-05,1.56,0.004351999999999998,3.96,0.04352,4.0,0.43520000000000003,3.96
4.367999999999999e-05,1.6,4.367999999999999e-05,1.6,0.004368,3.96,0.043680000000000024,4.0,0.43679999999999986,3.96
4.383999999999999e-05,1.56,4.383999999999999e-05,1.56,0.004383999999999999,3.92,0.04384000000000002,3.96,0.4384000000000001,3.96
4.3999999999999985e-05,1.56,4.3999999999999985e-05,1.6,0.004399999999999998,4.0,0.04400000000000001,3.96,0.43999999999999995,4.0
4.4159999999999984e-05,1.56,4.4159999999999984e-05,1.56,0.004416,4.0,0.044160000000000005,4.0,0.4416000000000002,3.96
4.431999999999998e-05,1.56,4.431999999999998e-05,1.56,0.0044319999999999984,3.96,0.044320000000000026,4.0,0.44320000000000004,3.96
4.447999999999998e-05,1.52,4.447999999999998e-05,1.56,0.004447999999999997,3.96,0.04448000000000002,4.0,0.44479999999999986,3.96
4.463999999999998e-05,1.6,4.463999999999998e-05,1.56,0.004463999999999999,4.0,0.04464000000000001,3.96,0.44640000000000013,4.0
4.479999999999998e-05,1.56,4.479999999999998e-05,1.56,0.004479999999999998,3.96,0.044800000000000006,3.96,0.44799999999999995,4.0
4.496e-05,1.56,4.496e-05,1.56,0.004496,3.96,0.04496,4.0,0.4496000000000002,4.0
4.512e-05,1.56,4.512e-05,1.56,0.004511999999999999,4.0,0.04512000000000002,3.96,0.45120000000000005,3.96
4.528e-05,1.56,4.528e-05,1.56,0.004527999999999997,3.96,0.045280000000000015,3.96,0.45279999999999987,4.0
4.544e-05,1.56,4.544e-05,1.56,0.004543999999999999,3.96,0.04544000000000001,3.96,0.45440000000000014,3.96
4.56e-05,1.56,4.56e-05,1.56,0.004559999999999998,3.96,0.0456,3.96,0.45599999999999996,3.96
4.5759999999999996e-05,1.52,4.5759999999999996e-05,1.56,0.004576,3.96,0.04576000000000002,4.0,0.45760000000000023,3.96
4.5919999999999994e-05,1.52,4.5919999999999994e-05,1.56,0.004591999999999999,3.96,0.045920000000000016,4.0,0.45920000000000005,3.96
4.607999999999999e-05,1.56,4.607999999999999e-05,1.56,0.0046079999999999975,3.96,0.04608000000000001,4.0,0.4607999999999999,3.96
4.623999999999999e-05,1.52,4.623999999999999e-05,1.52,0.004624,3.96,0.04624,4.0,0.46240000000000014,4.0
4.639999999999999e-05,1.52,4.639999999999999e-05,1.56,0.004639999999999998,3.96,0.046400000000000025,3.96,0.46399999999999997,4.0
4.655999999999999e-05,1.56,4.655999999999999e-05,1.52,0.004656,4.0,0.04656000000000002,4.0,0.4655999999999998,4.0
4.6719999999999986e-05,1.52,4.6719999999999986e-05,1.52,0.004671999999999999,4.0,0.04672000000000001,3.96,0.46720000000000006,3.96
4.6879999999999985e-05,1.52,4.6879999999999985e-05,1.56,0.004687999999999998,3.96,0.046880000000000005,4.0,0.4687999999999999,3.96
4.703999999999998e-05,1.52,4.703999999999998e-05,1.52,0.004704,4.0,0.047040000000000026,3.96,0.47040000000000015,4.0
4.719999999999998e-05,1.52,4.719999999999998e-05,1.56,0.0047199999999999985,3.96,0.04720000000000002,4.0,0.472,4.0
4.735999999999998e-05,1.52,4.735999999999998e-05,1.52,0.004735999999999997,3.96,0.04736000000000001,4.0,0.4735999999999998,4.0
4.751999999999998e-05,1.52,4.751999999999998e-05,1.52,0.004751999999999999,4.0,0.04752000000000001,4.0,0.47520000000000007,3.96
4.7680000000000004e-05,1.52,4.7680000000000004e-05,1.52,0.004767999999999998,3.96,0.04768,3.96,0.4767999999999999,4.0
4.784e-05,1.52,4.784e-05,1.52,0.004784,3.96,0.04784000000000002,4.0,0.47840000000000016,4.0
4.8e-05,1.52,4.8e-05,1.52,0.004799999999999999,3.96,0.048000000000000015,3.96,0.48,4.0
4.816e-05,1.52,4.816e-05,1.52,0.004815999999999997,3.96,0.04816000000000001,4.0,0.4815999999999998,4.0
4.832e-05,1.52,4.832e-05,1.52,0.0048319999999999995,4.0,0.04832,4.0,0.4832000000000001,3.96
4.848e-05,1.52,4.848e-05,1.52,0.004847999999999998,4.0,0.04848000000000002,3.96,0.4847999999999999,4.0
4.8639999999999995e-05,1.48,4.8639999999999995e-05,1.52,0.004864,3.96,0.04864000000000002,3.96,0.48640000000000017,3.96
4.8799999999999994e-05,1.52,4.8799999999999994e-05,1.52,0.004879999999999999,3.96,0.04880000000000001,4.0,0.488,4.0
4.895999999999999e-05,1.52,4.895999999999999e-05,1.52,0.004895999999999998,3.96,0.048960000000000004,3.96,0.4895999999999998,4.0
4.911999999999999e-05,1.48,4.911999999999999e-05,1.52,0.004912,3.96,0.049120000000000025,4.0,0.4912000000000001,4.0
4.927999999999999e-05,1.52,4.927999999999999e-05,1.52,0.004927999999999998,4.0,0.04928000000000002,4.0,0.4927999999999999,4.0
4.943999999999999e-05,1.48,4.943999999999999e-05,1.48,0.004943999999999997,4.0,0.04944000000000001,4.0,0.4944000000000002,4.0
4.9599999999999986e-05,1.48,4.9599999999999986e-05,1.52,0.004959999999999999,4.0,0.049600000000000005,3.96,0.496,3.96
4.9759999999999984e-05,1.56,4.9759999999999984e-05,1.52,0.004975999999999998,3.96,0.049760000000000026,4.0,0.4975999999999998,4.0
4.991999999999998e-05,1.52,4.991999999999998e-05,1.48,0.004992,3.96,0.04992000000000002,3.96,0.4992000000000001,4.0
5.007999999999998e-05,1.52,5.007999999999998e-05,1.52,0.0050079999999999986,4.0,0.05008000000000001,3.96,0.5007999999999999,4.0
5.023999999999998e-05,1.52,5.023999999999998e-05,1.48,0.005023999999999997,4.0,0.05024000000000001,4.0,0.5024000000000002,3.96
5.039999999999998e-05,1.92,5.039999999999998e-05,2.12,0.005039999999999999,3.96,0.0504,3.96,0.504,0.96
5.0560000000000004e-05,1.84,5.0560000000000004e-05,1.8,0.005055999999999998,3.36,0.05056000000000002,2.32,0.5055999999999998,0.0
5.072e-05,1.84,5.072e-05,1.84,0.005072,3.0,0.050720000000000015,0.84,0.5072000000000001,0.04
5.088e-05,1.84,5.088e-05,1.84,0.005087999999999999,2.68,0.05088000000000001,0.36,0.5087999999999999,0.0
5.104e-05,1.8800000000000001,5.104e-05,1.8800000000000001,0.005103999999999997,2.44,0.05104,0.16,0.5104000000000002,0.04
5.12e-05,1.8800000000000001,5.12e-05,1.84,0.0051199999999999996,2.24,0.05120000000000002,0.08,0.512,0.04
5.1359999999999996e-05,1.84,5.1359999999999996e-05,1.84,0.005135999999999998,2.0,0.05136000000000002,0.04,0.5135999999999998,0.0
5.1519999999999995e-05,1.84,5.1519999999999995e-05,1.8800000000000001,0.005152,1.8,0.05152000000000001,0.04,0.5152000000000001,0.04
5.167999999999999e-05,1.8800000000000001,5.167999999999999e-05,1.8800000000000001,0.005167999999999999,1.6400000000000001,0.051680000000000004,0.04,0.5167999999999999,0.0
5.183999999999999e-05,1.84,5.183999999999999e-05,1.8800000000000001,0.005183999999999998,1.44,0.051840000000000025,0.0,0.5184000000000002,0.0
5.199999999999999e-05,1.8800000000000001,5.199999999999999e-05,1.8800000000000001,0.0052,1.32,0.05200000000000002,0.0,0.52,0.0
5.215999999999999e-05,1.8800000000000001,5.215999999999999e-05,1.8800000000000001,0.005215999999999998,1.2,0.05216000000000001,0.0,0.5215999999999998,0.0
5.231999999999999e-05,1.8800000000000001,5.231999999999999e-05,1.8800000000000001,0.005231999999999997,1.04,0.052320000000000005,0.0,0.5232000000000001,0.0
5.2479999999999985e-05,1.8800000000000001,5.2479999999999985e-05,1.8800000000000001,0.005247999999999999,1.0,0.05248000000000003,0.0,0.5247999999999999,0.0
5.2639999999999984e-05,1.8800000000000001,5.2639999999999984e-05,1.8800000000000001,0.005263999999999998,0.88,0.05264000000000002,0.0,0.5264000000000002,0.0
5.279999999999998e-05,1.92,5.279999999999998e-05,1.8800000000000001,0.00528,0.8,0.052800000000000014,0.0,0.528,0.0
5.295999999999998e-05,1.8800000000000001,5.295999999999998e-05,1.8800000000000001,0.005295999999999999,0.72,0.05296000000000001,0.04,0.5295999999999998,0.0
5.311999999999998e-05,1.92,5.311999999999998e-05,1.8800000000000001,0.005311999999999997,0.68,0.05312,0.0,0.5312000000000001,0.0
5.3280000000000005e-05,1.92,5.3280000000000005e-05,1.8800000000000001,0.005327999999999999,0.6,0.05328000000000002,0.04,0.5327999999999999,0.0
5.344e-05,1.8800000000000001,5.344e-05,1.8800000000000001,0.005343999999999998,0.52,0.053440000000000015,0.0,0.5344000000000002,0.0
5.36e-05,1.92,5.36e-05,1.8800000000000001,0.00536,0.52,0.05360000000000001,0.0,0.536,0.0
5.376e-05,1.92,5.376e-05,1.8800000000000001,0.005375999999999999,0.48,0.05376,0.04,0.5375999999999999,0.04
5.392e-05,1.92,5.392e-05,1.92,0.0053919999999999975,0.4,0.05392000000000002,0.04,0.5392000000000001,0.0
5.408e-05,1.92,5.408e-05,1.92,0.005408,0.4,0.05408000000000002,0.0,0.5408,0.0
5.4239999999999996e-05,1.92,5.4239999999999996e-05,1.92,0.005423999999999998,0.36,0.05424000000000001,0.04,0.5424000000000002,0.0
5.4399999999999994e-05,1.8800000000000001,5.4399999999999994e-05,1.92,0.00544,0.28,0.054400000000000004,0.04,0.544,0.0
5.455999999999999e-05,1.92,5.455999999999999e-05,1.92,0.005455999999999999,0.28,0.054560000000000025,0.0,0.5455999999999999,0.0
5.471999999999999e-05,1.92,5.471999999999999e-05,1.92,0.005471999999999998,0.28,0.05472000000000002,0.04,0.5472000000000001,0.0
5.487999999999999e-05,1.92,5.487999999999999e-05,1.96,0.005488,0.2,0.05488000000000001,0.0,0.5488,0.04
5.503999999999999e-05,1.92,5.503999999999999e-05,1.92,0.0055039999999999985,0.24,0.055040000000000006,0.04,0.5504000000000002,0.04
5.5199999999999986e-05,1.92,5.5199999999999986e-05,1.96,0.005519999999999997,0.2,0.05520000000000003,0.04,0.552,0.0
5.5359999999999985e-05,1.96,5.5359999999999985e-05,1.92,0.005535999999999999,0.2,0.05536000000000002,0.0,0.5535999999999999,0.04
5.5519999999999983e-05,1.92,5.5519999999999983e-05,1.92,0.005551999999999998,0.16,0.055520000000000014,0.0,0.5552000000000001,0.0
5.567999999999998e-05,1.92,5.567999999999998e-05,1.92,0.005568,0.12,0.05568000000000001,0.04,0.5568,0.0
5.583999999999998e-05,1.96,5.583999999999998e-05,1.92,0.005583999999999999,0.16,0.05584,0.0,0.5584000000000002,0.0
5.599999999999998e-05,1.96,5.599999999999998e-05,1.92,0.005599999999999997,0.12,0.05600000000000002,0.0,0.56,0.0
5.6160000000000004e-05,1.92,5.6160000000000004e-05,1.96,0.0056159999999999995,0.12,0.056160000000000015,0.0,0.5615999999999999,0.04
5.632e-05,1.96,5.632e-05,1.96,0.005631999999999998,0.12,0.05632000000000001,0.04,0.5632000000000001,0.0
5.648e-05,1.96,5.648e-05,1.92,0.005648,0.08,0.05648,0.0,0.5648,0.0
5.664e-05,1.92,5.664e-05,1.96,0.005663999999999999,0.08,0.056640000000000024,0.0,0.5664000000000002,0.0
5.68e-05,1.96,5.68e-05,1.96,0.0056799999999999976,0.08,0.05680000000000002,0.0,0.5680000000000001,0.0
5.696e-05,1.92,5.696e-05,1.96,0.005696,0.08,0.05696000000000001,0.04,0.5695999999999999,0.04
5.7119999999999995e-05,1.92,5.7119999999999995e-05,1.96,0.005711999999999998,0.08,0.057120000000000004,0.04,0.5712000000000002,0.04
5.7279999999999994e-05,1.96,5.7279999999999994e-05,1.96,0.005727999999999997,0.08,0.057280000000000025,-0.04,0.5728,0.04
5.743999999999999e-05,1.96,5.743999999999999e-05,1.96,0.005743999999999999,0.08,0.05744000000000002,0.0,0.5743999999999998,0.0
5.759999999999999e-05,1.96,5.759999999999999e-05,1.96,0.005759999999999998,0.04,0.05760000000000001,0.04,0.5760000000000001,0.0
5.775999999999999e-05,1.96,5.775999999999999e-05,1.96,0.005776,0.04,0.057760000000000006,0.04,0.5775999999999999,0.0
5.791999999999999e-05,1.96,5.791999999999999e-05,1.96,0.0057919999999999985,0.04,0.05792000000000003,0.04,0.5792000000000002,0.0
5.8079999999999986e-05,1.92,5.8079999999999986e-05,2.0,0.005807999999999997,0.08,0.05808000000000002,0.0,0.5808,0.0
5.8239999999999984e-05,2.0,5.8239999999999984e-05,1.96,0.005823999999999999,0.08,0.058240000000000014,0.04,0.5823999999999998,0.04
5.839999999999998e-05,1.96,5.839999999999998e-05,1.96,0.005839999999999998,0.04,0.05840000000000001,0.0,0.5840000000000001,0.0
5.855999999999998e-05,1.96,5.855999999999998e-05,2.0,0.005856,0.04,0.05856,0.0,0.5855999999999999,0.0
5.871999999999998e-05,2.0,5.871999999999998e-05,2.0,0.005871999999999999,0.04,0.05872000000000002,0.0,0.5872000000000002,0.04
5.887999999999998e-05,2.0,5.887999999999998e-05,1.96,0.005887999999999997,0.04,0.058880000000000016,0.0,0.5888,0.0
5.9040000000000004e-05,1.96,5.9040000000000004e-05,2.0,0.0059039999999999995,0.04,0.05904000000000001,0.04,0.5903999999999998,0.0
5.92e-05,2.0,5.92e-05,2.0,0.005919999999999998,0.04,0.0592,0.0,0.5920000000000001,0.04
5.936e-05,1.96,5.936e-05,1.96,0.005936,0.0,0.059360000000000024,0.0,0.5935999999999999,0.04
5.952e-05,1.96,5.952e-05,2.0,0.005951999999999999,0.04,0.05952000000000002,0.0,0.5952000000000002,0.0
5.968e-05,2.0,5.968e-05,2.0,0.005967999999999998,0.04,0.05968000000000001,0.04,0.5968,0.0
5.9839999999999996e-05,2.0,5.9839999999999996e-05,1.96,0.005984,0.0,0.059840000000000004,0.04,0.5983999999999998,0.0
5.9999999999999995e-05,2.0,5.9999999999999995e-05,2.0,0.005999999999999998,0.04,0.060000000000000026,0.0,0.6000000000000001,0.0
6.015999999999999e-05,2.0,6.015999999999999e-05,2.0,0.006015999999999997,0.04,0.06016000000000002,0.0,0.6015999999999999,0.04
6.031999999999999e-05,2.0,6.031999999999999e-05,2.0,0.006031999999999999,0.0,0.06032000000000001,0.0,0.6032000000000002,0.0
6.047999999999999e-05,2.0,6.047999999999999e-05,2.0,0.006047999999999998,0.04,0.060480000000000006,0.0,0.6048,0.0
6.063999999999999e-05,2.0,6.063999999999999e-05,2.0,0.006064,0.0,0.06064000000000003,0.04,0.6063999999999998,0.0
6.079999999999999e-05,2.0,6.079999999999999e-05,2.04,0.006079999999999999,0.04,0.06080000000000002,0.0,0.6080000000000001,0.0
6.0959999999999986e-05,2.0,6.0959999999999986e-05,2.0,0.006095999999999997,0.04,0.060960000000000014,0.04,0.6095999999999999,0.04
6.111999999999998e-05,2.0,6.111999999999998e-05,2.0,0.006111999999999999,0.0,0.06112000000000001,0.0,0.6112000000000002,0.04
6.127999999999998e-05,2.0,6.127999999999998e-05,2.0,0.006127999999999998,0.04,0.06128,0.0,0.6128,0.0
6.143999999999998e-05,2.0,6.143999999999998e-05,2.0,0.006144,0.0,0.06144000000000002,0.08,0.6143999999999998,0.0
6.159999999999998e-05,2.0,6.159999999999998e-05,2.0,0.006159999999999999,0.04,0.061600000000000016,0.0,0.6160000000000001,0.0
6.176e-05,2.04,6.176e-05,2.0,0.0061759999999999975,0.04,0.06176000000000001,0.04,0.6175999999999999,0.0
6.192e-05,2.0,6.192e-05,2.0,0.006192,0.04,0.06192,0.0,0.6192000000000002,0.04
6.208e-05,2.04,6.208e-05,2.0,0.006207999999999998,0.04,0.062080000000000024,0.0,0.6208,0.0
6.224e-05,2.0,6.224e-05,2.0,0.006224,0.0,0.06224000000000002,0.0,0.6223999999999998,0.0
6.24e-05,2.0,6.24e-05,2.04,0.006239999999999999,0.04,0.06240000000000001,0.0,0.6240000000000001,0.0
6.256e-05,2.04,6.256e-05,2.0,0.006255999999999998,0.0,0.06256,0.0,0.6255999999999999,0.04
6.272e-05,2.04,6.272e-05,2.04,0.006272,0.0,0.06272000000000003,0.0,0.6272000000000002,0.0
6.288e-05,2.04,6.288e-05,2.04,0.0062879999999999985,0.04,0.06288000000000002,0.04,0.6288,0.04
6.303999999999999e-05,2.08,6.303999999999999e-05,2.04,0.006303999999999997,0.0,0.06304000000000001,0.0,0.6303999999999998,0.0
6.319999999999999e-05,2.04,6.319999999999999e-05,2.08,0.006319999999999999,0.0,0.0632,0.04,0.6320000000000001,0.0
6.335999999999999e-05,2.04,6.335999999999999e-05,2.04,0.006335999999999998,0.04,0.06336000000000003,0.04,0.6335999999999999,0.04
6.351999999999999e-05,2.04,6.351999999999999e-05,2.04,0.006352,0.0,0.06352000000000002,0.04,0.6352000000000002,0.04
6.367999999999999e-05,2.04,6.367999999999999e-05,2.04,0.006367999999999999,0.0,0.06368000000000001,0.04,0.6368,0.0
6.383999999999999e-05,2.04,6.383999999999999e-05,2.0,0.006383999999999997,0.0,0.06384000000000001,0.0,0.6383999999999999,0.0
6.399999999999998e-05,2.08,6.399999999999998e-05,2.04,0.0063999999999999994,0.04,0.064,0.04,0.6400000000000001,0.04
6.415999999999998e-05,2.04,6.415999999999998e-05,2.0,0.006415999999999998,0.04,0.06416000000000002,0.0,0.6416,0.0
6.431999999999998e-05,2.08,6.431999999999998e-05,2.04,0.006432,0.04,0.06432000000000002,0.0,0.6432000000000002,0.0
6.447999999999998e-05,2.08,6.447999999999998e-05,2.04,0.006447999999999999,0.0,0.06448000000000001,0.0,0.6448,0.0
6.464e-05,2.08,6.464e-05,2.04,0.0064639999999999975,0.0,0.06464,0.0,0.6463999999999999,0.0
6.48e-05,2.08,6.48e-05,2.04,0.00648,0.04,0.06480000000000002,0.0,0.6480000000000001,0.0
6.496e-05,2.08,6.496e-05,2.04,0.006495999999999998,0.0,0.06496000000000002,0.0,0.6496,0.0
6.512e-05,2.04,6.512e-05,2.04,0.006511999999999997,0.0,0.06512000000000001,0.04,0.6512000000000002,0.0
6.528e-05,2.08,6.528e-05,2.08,0.006527999999999999,0.0,0.06528,0.0,0.6528,0.0
6.544e-05,2.08,6.544e-05,2.04,0.006543999999999998,0.0,0.06544000000000003,0.0,0.6543999999999999,0.04
6.56e-05,2.08,6.56e-05,2.08,0.00656,0.0,0.06560000000000002,0.0,0.6560000000000001,0.0
6.576e-05,2.08,6.576e-05,2.08,0.0065759999999999985,0.0,0.06576000000000001,0.0,0.6576,0.0
6.591999999999999e-05,2.08,6.591999999999999e-05,2.08,0.006591999999999997,0.04,0.06592,0.0,0.6592000000000002,0.0
6.607999999999999e-05,2.08,6.607999999999999e-05,2.04,0.006607999999999999,0.0,0.06608000000000003,0.0,0.6608,0.0
6.623999999999999e-05,2.08,6.623999999999999e-05,2.08,0.006623999999999998,0.0,0.06624000000000002,0.0,0.6623999999999999,0.04
6.639999999999999e-05,2.08,6.639999999999999e-05,2.04,0.00664,0.04,0.06640000000000001,0.0,0.6640000000000001,0.0
6.655999999999999e-05,2.08,6.655999999999999e-05,2.04,0.006655999999999999,0.0,0.06656000000000001,0.0,0.6656,0.0
6.671999999999998e-05,2.08,6.671999999999998e-05,2.08,0.006671999999999997,0.0,0.06672,0.0,0.6672000000000002,0.0
6.687999999999998e-05,2.12,6.687999999999998e-05,2.08,0.0066879999999999995,0.0,0.06688000000000002,0.0,0.6688000000000001,0.0
6.703999999999998e-05,2.08,6.703999999999998e-05,2.08,0.006703999999999998,0.0,0.06704000000000002,0.0,0.6703999999999999,0.0
6.719999999999998e-05,2.08,6.719999999999998e-05,2.08,0.00672,0.0,0.06720000000000001,0.0,0.6720000000000002,0.04
6.735999999999998e-05,2.08,6.735999999999998e-05,2.12,0.006735999999999999,0.0,0.06736,0.0,0.6736,0.0
6.752e-05,2.08,6.752e-05,2.08,0.006751999999999998,0.0,0.06752000000000002,0.0,0.6751999999999998,0.0
6.768e-05,2.08,6.768e-05,2.08,0.006768,0.0,0.06768000000000002,0.0,0.6768000000000001,0.0
6.784e-05,2.12,6.784e-05,2.08,0.006783999999999998,0.0,0.06784000000000001,0.0,0.6783999999999999,0.0
6.8e-05,2.08,6.8e-05,2.08,0.006799999999999997,0.0,0.068,0.04,0.6800000000000002,0.0
6.816e-05,2.12,6.816e-05,2.08,0.006815999999999999,0.0,0.06816000000000003,0.0,0.6816,0.04
6.832e-05,2.12,6.832e-05,2.12,0.006831999999999998,0.04,0.06832000000000002,0.0,0.6831999999999998,0.04
6.848e-05,2.08,6.848e-05,2.12,0.006848,0.04,0.06848000000000001,0.0,0.6848000000000001,0.0
6.864e-05,2.08,6.864e-05,2.12,0.006863999999999999,0.0,0.06864,0.04,0.6863999999999999,0.0
6.879999999999999e-05,2.12,6.879999999999999e-05,2.12,0.006879999999999997,0.0,0.06880000000000003,0.0,0.6880000000000002,0.0
6.895999999999999e-05,2.12,6.895999999999999e-05,2.08,0.006895999999999999,-0.04,0.06896000000000002,0.04,0.6896,0.0
6.911999999999999e-05,2.12,6.911999999999999e-05,2.16,0.006911999999999998,0.0,0.06912000000000001,0.0,0.6911999999999998,0.0
6.927999999999999e-05,2.12,6.927999999999999e-05,2.12,0.006928,0.0,0.06928000000000001,0.0,0.6928000000000001,0.0
6.943999999999999e-05,2.12,6.943999999999999e-05,2.12,0.006943999999999999,0.0,0.06944,0.04,0.6943999999999999,0.0
6.959999999999998e-05,2.16,6.959999999999998e-05,2.12,0.0069599999999999974,0.0,0.06960000000000002,0.0,0.6960000000000002,0.04
6.975999999999998e-05,2.12,6.975999999999998e-05,2.12,0.0069759999999999996,0.0,0.06976000000000002,0.04,0.6976,0.0
6.991999999999998e-05,2.12,6.991999999999998e-05,2.12,0.006991999999999998,0.0,0.06992000000000001,0.0,0.6991999999999998,0.04
7.007999999999998e-05,2.12,7.007999999999998e-05,2.12,0.007008,0.04,0.07008,0.0,0.7008000000000001,0.0
7.024e-05,2.12,7.024e-05,2.12,0.007023999999999999,0.0,0.07024000000000002,0.0,0.7023999999999999,0.0
7.04e-05,2.12,7.04e-05,2.16,0.007039999999999998,0.04,0.07040000000000002,0.0,0.7040000000000002,0.04
7.056e-05,2.16,7.056e-05,2.12,0.007056,0.0,0.07056000000000001,0.0,0.7056,0.0
7.072e-05,2.12,7.072e-05,2.12,0.007071999999999998,0.0,0.07072,0.04,0.7071999999999998,0.0
7.088e-05,2.12,7.088e-05,2.16,0.007087999999999997,0.0,0.07088000000000003,0.0,0.7088000000000001,0.0
7.104e-05,2.16,7.104e-05,2.12,0.007103999999999999,0.04,0.07104000000000002,0.0,0.7103999999999999,0.04
7.12e-05,2.12,7.12e-05,2.12,0.007119999999999998,0.0,0.07120000000000001,0.04,0.7120000000000002,0.0
7.136e-05,2.12,7.136e-05,2.16,0.007136,0.04,0.07136,0.0,0.7136,0.0
7.151999999999999e-05,2.16,7.151999999999999e-05,2.16,0.007151999999999999,0.0,0.07152000000000003,0.04,0.7151999999999998,0.0
7.167999999999999e-05,2.16,7.167999999999999e-05,2.12,0.007167999999999997,0.0,0.07168000000000002,0.0,0.7168000000000001,0.0
7.183999999999999e-05,2.16,7.183999999999999e-05,2.16,0.007183999999999999,0.0,0.07184000000000001,0.04,0.7183999999999999,0.04
7.199999999999999e-05,2.16,7.199999999999999e-05,2.16,0.007199999999999998,0.0,0.07200000000000001,0.0,0.7200000000000002,0.0
7.215999999999999e-05,2.16,7.215999999999999e-05,2.12,0.007216,0.04,0.07216,0.0,0.7216,0.0
7.231999999999999e-05,2.12,7.231999999999999e-05,2.16,0.007231999999999999,0.0,0.07232000000000002,0.0,0.7231999999999998,0.04
7.247999999999998e-05,2.2,7.247999999999998e-05,2.12,0.0072479999999999975,0.0,0.07248000000000002,0.0,0.7248000000000001,0.04
7.263999999999998e-05,2.12,7.263999999999998e-05,2.16,0.007264,0.0,0.07264000000000001,0.0,0.7263999999999999,0.04
7.279999999999998e-05,2.16,7.279999999999998e-05,2.16,0.007279999999999998,0.04,0.0728,0.0,0.7280000000000002,0.0
7.295999999999998e-05,2.2,7.295999999999998e-05,2.16,0.007295999999999997,0.0,0.07296000000000002,0.0,0.7296,0.0
7.312e-05,2.16,7.312e-05,2.16,0.007311999999999999,0.0,0.07312000000000002,0.04,0.7311999999999999,0.0
7.328e-05,2.16,7.328e-05,2.16,0.007327999999999998,0.0,0.07328000000000001,0.0,0.7328000000000001,0.0
7.344e-05,2.16,7.344e-05,2.16,0.007344,0.0,0.07344,0.0,0.7343999999999999,0.0
7.36e-05,2.16,7.36e-05,2.16,0.0073599999999999985,0.0,0.07360000000000003,0.0,0.7360000000000002,0.04
7.376e-05,2.16,7.376e-05,2.2,0.007375999999999997,0.0,0.07376000000000002,0.0,0.7376,0.0
7.392e-05,2.2,7.392e-05,2.16,0.007391999999999999,0.0,0.07392000000000001,0.0,0.7391999999999999,0.0
7.408e-05,2.16,7.408e-05,2.16,0.007407999999999998,0.0,0.07408000000000001,0.04,0.7408000000000001,0.0
7.424e-05,2.16,7.424e-05,2.2,0.007424,0.0,0.07424000000000003,0.0,0.7424,0.0
7.439999999999999e-05,2.2,7.439999999999999e-05,2.2,0.007439999999999999,0.0,0.07440000000000002,0.0,0.7440000000000002,0.0
7.455999999999999e-05,2.2,7.455999999999999e-05,2.16,0.007455999999999997,0.0,0.07456000000000002,0.0,0.7456,0.0
7.471999999999999e-05,2.2,7.471999999999999e-05,2.2,0.0074719999999999995,0.04,0.07472000000000001,0.04,0.7471999999999999,0.0
7.487999999999999e-05,2.2,7.487999999999999e-05,2.16,0.007487999999999998,0.0,0.07488,0.0,0.7488000000000001,0.0
7.503999999999999e-05,2.2,7.503999999999999e-05,2.16,0.007504,0.0,0.07504000000000002,0.0,0.7504,0.04
7.519999999999998e-05,2.2,7.519999999999998e-05,2.2,0.007519999999999999,0.04,0.07520000000000002,0.0,0.7520000000000002,0.04
7.535999999999998e-05,2.24,7.535999999999998e-05,2.16,0.0075359999999999976,0.0,0.07536000000000001,0.04,0.7536,0.0
7.551999999999998e-05,2.2,7.551999999999998e-05,2.2,0.007552,0.0,0.07552,0.0,0.7551999999999999,0.0
7.567999999999998e-05,2.24,7.567999999999998e-05,2.2,0.007567999999999998,0.04,0.07568000000000003,0.0,0.7568000000000001,0.04
7.583999999999998e-05,2.2,7.583999999999998e-05,2.2,0.007583999999999997,0.0,0.07584000000000002,0.04,0.7584,0.04
7.6e-05,2.2,7.6e-05,2.2,0.007599999999999999,0.04,0.07600000000000001,0.0,0.7600000000000002,0.04
7.616e-05,2.24,7.616e-05,2.24,0.007615999999999998,0.04,0.07616,0.0,0.7616,0.0
7.632e-05,2.2,7.632e-05,2.2,0.007632,0.04,0.07632000000000003,0.04,0.7631999999999999,0.04
7.648e-05,2.2,7.648e-05,2.2,0.0076479999999999985,0.0,0.07648000000000002,0.0,0.7648000000000001,0.0
7.664e-05,2.2,7.664e-05,2.24,0.007663999999999997,0.04,0.07664000000000001,0.04,0.7664,0.04
7.68e-05,2.2,7.68e-05,2.2,0.007679999999999999,0.04,0.07680000000000001,0.0,0.7680000000000002,0.04
7.696e-05,2.2,7.696e-05,2.24,0.007695999999999998,0.0,0.07696000000000003,0.0,0.7696000000000001,0.0
7.712e-05,2.2,7.712e-05,2.24,0.007712,0.0,0.07712000000000002,0.0,0.7711999999999999,0.0
7.727999999999999e-05,2.2,7.727999999999999e-05,2.2,0.007727999999999999,0.0,0.07728000000000002,0.0,0.7728000000000002,0.0
7.743999999999999e-05,2.2,7.743999999999999e-05,2.2,0.007743999999999997,0.0,0.07744000000000001,0.0,0.7744,0.0
7.759999999999999e-05,2.2,7.759999999999999e-05,2.2,0.0077599999999999995,0.0,0.0776,0.04,0.7760000000000002,0.0
7.775999999999999e-05,2.24,7.775999999999999e-05,2.2,0.007775999999999998,0.0,0.07776000000000002,0.0,0.7776000000000001,0.0
7.791999999999999e-05,2.2,7.791999999999999e-05,2.24,0.007792,0.0,0.07792000000000002,0.0,0.7791999999999999,0.04
7.807999999999998e-05,2.2,7.807999999999998e-05,2.24,0.007807999999999999,0.0,0.07808000000000001,0.0,0.7808000000000002,0.04
7.823999999999998e-05,2.24,7.823999999999998e-05,2.24,0.007823999999999998,0.0,0.07824,0.0,0.7824,0.0
7.839999999999998e-05,2.24,7.839999999999998e-05,2.24,0.00784,0.0,0.07840000000000003,0.0,0.7839999999999998,0.04
7.855999999999998e-05,2.2800000000000002,7.855999999999998e-05,2.2800000000000002,0.007855999999999998,0.04,0.07856000000000002,0.0,0.7856000000000001,0.0
7.872e-05,2.24,7.872e-05,2.24,0.007871999999999997,0.0,0.07872000000000001,0.0,0.7871999999999999,0.0
7.888e-05,2.24,7.888e-05,2.24,0.007888,0.0,0.07888,0.04,0.7888000000000002,0.0
7.904e-05,2.2,7.904e-05,2.24,0.007903999999999998,0.0,0.07904000000000003,0.04,0.7904,0.0
7.92e-05,2.24,7.92e-05,2.24,0.00792,0.0,0.07920000000000002,0.04,0.7919999999999998,0.04
7.936e-05,2.2,7.936e-05,2.24,0.007935999999999999,0.04,0.07936000000000001,0.0,0.7936000000000001,0.0
7.952e-05,2.24,7.952e-05,2.24,0.007951999999999997,0.0,0.07952000000000001,0.04,0.7951999999999999,0.0
7.968e-05,2.2800000000000002,7.968e-05,2.24,0.007968,0.0,0.07968000000000003,0.0,0.7968000000000002,0.0
7.984e-05,2.24,7.984e-05,2.24,0.007983999999999998,0.0,0.07984000000000002,0.0,0.7984,0.04
7.999999999999999e-05,2.24,7.999999999999999e-05,2.24,0.008,0.0,0.08000000000000002,0.04,0.7999999999999998,0.04
8.015999999999999e-05,2.24,8.015999999999999e-05,2.24,0.008015999999999999,0.04,0.08016000000000001,0.04,0.8016000000000001,0.0
8.031999999999999e-05,2.24,8.031999999999999e-05,2.24,0.008031999999999997,0.0,0.08032,0.0,0.8031999999999999,0.04
8.047999999999999e-05,2.24,8.047999999999999e-05,2.2800000000000002,0.008048,0.04,0.08048000000000002,0.04,0.8048000000000002,0.0
8.063999999999999e-05,2.2800000000000002,8.063999999999999e-05,2.24,0.008063999999999998,0.0,0.08064000000000002,0.0,0.8064,0.0
8.079999999999999e-05,2.2800000000000002,8.079999999999999e-05,2.2800000000000002,0.008079999999999997,0.0,0.08080000000000001,0.0,0.8079999999999998,0.0
8.095999999999998e-05,2.2800000000000002,8.095999999999998e-05,2.24,0.008095999999999999,0.0,0.08096,0.0,0.8096000000000001,0.0
8.111999999999998e-05,2.2800000000000002,8.111999999999998e-05,2.2800000000000002,0.008111999999999998,0.0,0.08112000000000003,0.0,0.8111999999999999,0.0
8.127999999999998e-05,2.24,8.127999999999998e-05,2.2800000000000002,0.008128,0.0,0.08128000000000002,0.0,0.8128000000000002,0.04
8.143999999999998e-05,2.24,8.143999999999998e-05,2.2800000000000002,0.008143999999999998,0.0,0.08144000000000001,0.0,0.8144,0.04
8.16e-05,2.24,8.16e-05,2.2800000000000002,0.008159999999999997,0.0,0.0816,0.0,0.8159999999999998,0.0
8.176e-05,2.2800000000000002,8.176e-05,2.2800000000000002,0.008176,0.0,0.08176000000000003,0.04,0.8176000000000001,0.0
8.192e-05,2.24,8.192e-05,2.24,0.008191999999999998,0.04,0.08192000000000002,0.0,0.8191999999999999,0.0
8.208e-05,2.32,8.208e-05,2.2800000000000002,0.008208,0.04,0.08208000000000001,0.04,0.8208000000000002,0.0
8.224e-05,2.2800000000000002,8.224e-05,2.2800000000000002,0.008223999999999999,0.0,0.08224000000000001,0.0,0.8224,0.04
8.24e-05,2.32,8.24e-05,2.2800000000000002,0.008239999999999997,0.04,0.08240000000000003,0.0,0.8239999999999998,0.04
8.256e-05,2.2800000000000002,8.256e-05,2.2800000000000002,0.008256,0.0,0.08256000000000002,0.0,0.8256000000000001,0.0
8.272e-05,2.32,8.272e-05,2.2800000000000002,0.008271999999999998,0.04,0.08272000000000002,0.0,0.8271999999999999,0.0
8.287999999999999e-05,2.2800000000000002,8.287999999999999e-05,2.2800000000000002,0.008288,0.0,0.08288000000000001,0.0,0.8288000000000002,0.0
8.303999999999999e-05,2.2800000000000002,8.303999999999999e-05,2.2800000000000002,0.008303999999999999,0.0,0.08304,0.0,0.8304,0.04
8.319999999999999e-05,2.2800000000000002,8.319999999999999e-05,2.2800000000000002,0.008319999999999998,0.04,0.08320000000000002,0.0,0.8319999999999999,0.0
8.335999999999999e-05,2.2800000000000002,8.335999999999999e-05,2.2800000000000002,0.008336,0.0,0.08336000000000002,0.0,0.8336000000000001,0.04
8.351999999999999e-05,2.2800000000000002,8.351999999999999e-05,2.2800000000000002,0.008351999999999998,0.0,0.08352000000000001,0.0,0.8351999999999999,0.04
8.367999999999998e-05,2.32,8.367999999999998e-05,2.2800000000000002,0.008367999999999997,0.0,0.08368,0.0,0.8368000000000002,0.04
8.383999999999998e-05,2.2800000000000002,8.383999999999998e-05,2.2800000000000002,0.008383999999999999,0.0,0.08384000000000003,0.0,0.8384,0.0
8.399999999999998e-05,2.2800000000000002,8.399999999999998e-05,2.32,0.008399999999999998,0.0,0.08400000000000002,0.0,0.8399999999999999,0.0
8.415999999999998e-05,2.2800000000000002,8.415999999999998e-05,2.2800000000000002,0.008416,0.04,0.08416000000000001,0.0,0.8416000000000001,0.0
8.432e-05,2.32,8.432e-05,2.2800000000000002,0.008431999999999999,0.0,0.08432,0.0,0.8432,0.04
8.447999999999998e-05,2.2800000000000002,8.447999999999998e-05,2.32,0.008447999999999997,0.0,0.08448000000000003,0.0,0.8448000000000002,0.0
8.464e-05,2.2800000000000002,8.464e-05,2.32,0.008464,0.0,0.08464000000000002,0.04,0.8464,0.0
8.479999999999997e-05,2.32,8.479999999999997e-05,2.2800000000000002,0.008479999999999998,0.0,0.08480000000000001,0.0,0.8479999999999999,0.0
8.496e-05,2.32,8.496e-05,2.32,0.008496,0.0,0.08496000000000001,0.04,0.8496000000000001,0.0
8.511999999999997e-05,2.32,8.511999999999997e-05,2.32,0.008511999999999999,0.0,0.08512000000000003,0.0,0.8512,0.04
8.528e-05,2.32,8.528e-05,2.32,0.008527999999999997,0.0,0.08528000000000002,0.04,0.8528000000000002,0.04
8.543999999999997e-05,2.32,8.543999999999997e-05,2.32,0.008544,0.0,0.08544000000000002,0.0,0.8544,0.04
8.56e-05,2.32,8.56e-05,2.32,0.008559999999999998,0.0,0.08560000000000001,0.04,0.8559999999999999,0.0
8.576000000000002e-05,2.32,8.576000000000002e-05,2.32,0.008576,0.0,0.08576000000000003,0.0,0.8576000000000001,0.04
8.591999999999999e-05,2.32,8.591999999999999e-05,2.32,0.008591999999999999,0.04,0.08592000000000002,0.0,0.8592,0.0
8.608000000000002e-05,2.32,8.608000000000002e-05,2.32,0.008607999999999998,0.0,0.08608000000000002,0.04,0.8608000000000002,0.04
8.623999999999999e-05,2.32,8.623999999999999e-05,2.32,0.008624,0.0,0.08624000000000001,0.0,0.8624,0.0
8.640000000000001e-05,2.32,8.640000000000001e-05,2.32,0.008639999999999998,0.0,0.0864,0.04,0.8639999999999999,0.0
8.655999999999998e-05,2.2800000000000002,8.655999999999998e-05,2.32,0.008655999999999997,0.0,0.08656000000000003,0.0,0.8656000000000001,0.0
8.672000000000001e-05,2.32,8.672000000000001e-05,2.32,0.008672,0.04,0.08672000000000002,0.04,0.8672,0.0
8.687999999999998e-05,2.32,8.687999999999998e-05,2.36,0.008687999999999998,0.0,0.08688000000000001,0.0,0.8688000000000002,0.0
8.704000000000001e-05,2.32,8.704000000000001e-05,2.32,0.008704,0.0,0.08704,0.0,0.8704000000000001,0.0
8.719999999999998e-05,2.32,8.719999999999998e-05,2.36,0.008719999999999999,0.0,0.08720000000000003,0.0,0.8719999999999999,0.0
8.736e-05,2.32,8.736e-05,2.36,0.008735999999999997,0.0,0.08736000000000002,0.0,0.8736000000000002,0.0
8.751999999999998e-05,2.36,8.751999999999998e-05,2.36,0.008752,0.0,0.08752000000000001,0.0,0.8752,0.0
8.768e-05,2.32,8.768e-05,2.36,0.008767999999999998,0.0,0.08768000000000001,0.04,0.8768000000000002,0.0
8.783999999999997e-05,2.36,8.783999999999997e-05,2.36,0.008784,0.0,0.08784000000000003,0.04,0.8784000000000001,0.04
8.8e-05,2.36,8.8e-05,2.32,0.008799999999999999,0.04,0.08800000000000002,0.0,0.8799999999999999,0.0
8.815999999999997e-05,2.32,8.815999999999997e-05,2.36,0.008815999999999997,0.0,0.08816000000000002,0.0,0.8816000000000002,0.0
8.832e-05,2.32,8.832e-05,2.36,0.008832,0.0,0.08832000000000001,0.04,0.8832,0.0
8.847999999999997e-05,2.32,8.847999999999997e-05,2.36,0.008847999999999998,0.0,0.08848000000000003,0.0,0.8847999999999998,0.04
8.863999999999999e-05,2.32,8.863999999999999e-05,2.32,0.008863999999999997,0.0,0.08864000000000002,0.0,0.8864000000000001,0.0
8.880000000000002e-05,2.36,8.880000000000002e-05,2.36,0.008879999999999999,0.0,0.08880000000000002,0.04,0.8879999999999999,0.0
8.895999999999999e-05,2.36,8.895999999999999e-05,2.36,0.008895999999999998,0.0,0.08896000000000001,0.04,0.8896000000000002,0.0
8.912000000000001e-05,2.36,8.912000000000001e-05,2.36,0.008912,0.0,0.08912,0.0,0.8912,0.0
8.927999999999999e-05,2.36,8.927999999999999e-05,2.36,0.008927999999999998,0.0,0.08928000000000003,0.0,0.8927999999999998,0.0
8.944000000000001e-05,2.36,8.944000000000001e-05,2.36,0.008943999999999997,0.0,0.08944000000000002,0.04,0.8944000000000001,0.0
8.959999999999998e-05,2.36,8.959999999999998e-05,2.36,0.00896,0.0,0.08960000000000001,0.0,0.8959999999999999,0.04
8.976000000000001e-05,2.36,8.976000000000001e-05,2.4,0.008975999999999998,0.0,0.08976,0.0,0.8976000000000002,0.04
8.991999999999998e-05,2.36,8.991999999999998e-05,2.36,0.008992,0.0,0.08992000000000003,0.0,0.8992,0.04
9.008e-05,2.36,9.008e-05,2.4,0.009007999999999999,0.0,0.09008000000000002,0.0,0.9007999999999998,0.0
9.023999999999998e-05,2.36,9.023999999999998e-05,2.36,0.009023999999999997,0.0,0.09024000000000001,0.0,0.9024000000000001,0.0
9.04e-05,2.36,9.04e-05,2.4,0.00904,0.0,0.09040000000000001,0.0,0.9039999999999999,0.0
9.055999999999997e-05,2.36,9.055999999999997e-05,2.36,0.009055999999999998,0.0,0.09056,0.0,0.9056000000000002,0.0
9.072e-05,2.36,9.072e-05,2.36,0.009072,-0.04,0.09072,0.0,0.9072,0.04
9.087999999999997e-05,2.36,9.087999999999997e-05,2.4,0.009087999999999999,0.0,0.09088000000000004,0.0,0.9087999999999998,0.04
9.104e-05,2.36,9.104e-05,2.36,0.009103999999999998,0.0,0.09104000000000004,-0.04,0.9104000000000001,0.0
9.119999999999997e-05,2.36,9.119999999999997e-05,2.36,0.00912,0.0,0.09120000000000003,0.04,0.9119999999999999,0.04
9.135999999999999e-05,2.4,9.135999999999999e-05,2.4,0.009135999999999998,0.0,0.09136000000000002,0.0,0.9136000000000002,0.0
9.152000000000002e-05,2.4,9.152000000000002e-05,2.4,0.009151999999999997,0.04,0.09152000000000002,0.0,0.9152,0.04
9.167999999999999e-05,2.4,9.167999999999999e-05,2.4,0.009167999999999999,0.0,0.09168000000000001,0.0,0.9167999999999998,0.0
9.184000000000002e-05,2.4,9.184000000000002e-05,2.4,0.009183999999999998,0.0,0.09184,0.0,0.9184000000000001,0.0
9.199999999999999e-05,2.4,9.199999999999999e-05,2.4,0.0092,0.0,0.092,0.0,0.9199999999999999,0.04
9.216000000000001e-05,2.4,9.216000000000001e-05,2.4,0.009215999999999998,0.0,0.09215999999999999,0.0,0.9216000000000002,0.0
9.231999999999998e-05,2.36,9.231999999999998e-05,2.4,0.009231999999999997,0.04,0.09232000000000004,0.0,0.9232,0.04
9.248000000000001e-05,2.4,9.248000000000001e-05,2.36,0.009248,0.0,0.09248000000000003,0.0,0.9247999999999998,0.0
9.263999999999998e-05,2.4,9.263999999999998e-05,2.4,0.009263999999999998,0.0,0.09264000000000003,0.0,0.9264000000000001,0.0
9.28e-05,2.4,9.28e-05,2.4,0.00928,-0.04,0.09280000000000002,0.0,0.9279999999999999,0.0
9.295999999999998e-05,2.4,9.295999999999998e-05,2.4,0.009295999999999999,0.04,0.09296000000000001,0.0,0.9296000000000002,0.0
9.312e-05,2.4,9.312e-05,2.36,0.009311999999999997,0.0,0.09312000000000001,0.0,0.9312,0.04
9.327999999999997e-05,2.4,9.327999999999997e-05,2.4,0.009328,0.0,0.09328,0.04,0.9327999999999999,0.04
9.344e-05,2.4,9.344e-05,2.4,0.009343999999999998,0.0,0.09344,0.0,0.9344000000000001,0.04
9.359999999999997e-05,2.4,9.359999999999997e-05,2.4,0.009359999999999997,0.0,0.09360000000000004,0.0,0.9359999999999999,0.04
9.376e-05,2.4,9.376e-05,2.4,0.009375999999999999,0.0,0.09376000000000004,0.0,0.9376000000000002,0.0
9.391999999999997e-05,2.4,9.391999999999997e-05,2.4,0.009391999999999998,0.0,0.09392000000000003,0.0,0.9392,0.04
9.408e-05,2.44,9.408e-05,2.4,0.009408,0.0,0.09408000000000002,0.04,0.9407999999999999,0.0
9.424000000000002e-05,2.4,9.424000000000002e-05,2.4,0.009423999999999998,0.0,0.09424000000000002,0.0,0.9424000000000001,0.04
9.439999999999999e-05,2.4,9.439999999999999e-05,2.4,0.009439999999999997,0.0,0.09440000000000001,0.0,0.944,0.0
9.456000000000002e-05,2.4,9.456000000000002e-05,2.4,0.009455999999999999,0.0,0.09456,0.0,0.9456000000000002,0.0
9.471999999999999e-05,2.4,9.471999999999999e-05,2.4,0.009471999999999998,0.0,0.09472,0.0,0.9472,0.0
9.488000000000001e-05,2.4,9.488000000000001e-05,2.4,0.009488,0.0,0.09487999999999999,0.0,0.9487999999999999,0.0
9.503999999999998e-05,2.4,9.503999999999998e-05,2.4,0.009503999999999999,0.0,0.09504000000000004,0.04,0.9504000000000001,0.04
9.520000000000001e-05,2.4,9.520000000000001e-05,2.4,0.009519999999999997,0.0,0.09520000000000003,0.0,0.952,0.0
9.535999999999998e-05,2.4,9.535999999999998e-05,2.4,0.009536,0.0,0.09536000000000003,0.04,0.9536000000000002,0.0
9.552000000000001e-05,2.44,9.552000000000001e-05,2.4,0.009551999999999998,0.0,0.09552000000000002,-0.04,0.9552,0.0
9.567999999999998e-05,2.44,9.567999999999998e-05,2.44,0.009568,0.0,0.09568000000000002,0.0,0.9567999999999999,0.0
9.584e-05,2.44,9.584e-05,2.4,0.009583999999999999,0.0,0.09584000000000001,0.04,0.9584000000000001,0.0
9.599999999999998e-05,2.44,9.599999999999998e-05,2.44,0.009599999999999997,0.0,0.096,0.0,0.96,0.04
9.616e-05,2.44,9.616e-05,2.44,0.009616,0.04,0.09616,0.0,0.9616000000000002,0.0
9.631999999999997e-05,2.44,9.631999999999997e-05,2.4,0.009631999999999998,0.0,0.09632000000000004,-0.04,0.9632000000000001,0.04
9.648e-05,2.44,9.648e-05,2.44,0.009647999999999997,0.0,0.09648000000000004,0.04,0.9647999999999999,0.04
9.663999999999997e-05,2.44,9.663999999999997e-05,2.44,0.009663999999999999,0.0,0.09664000000000003,0.0,0.9664000000000001,0.04
9.68e-05,2.44,9.68e-05,2.44,0.009679999999999998,0.0,0.09680000000000002,0.0,0.968,0.0
9.695999999999997e-05,2.44,9.695999999999997e-05,2.44,0.009696,0.0,0.09696000000000002,0.0,0.9696000000000002,0.0
9.711999999999999e-05,2.44,9.711999999999999e-05,2.44,0.009711999999999998,0.0,0.09712000000000001,0.0,0.9712000000000001,0.04
9.728000000000002e-05,2.44,9.728000000000002e-05,2.44,0.009727999999999997,0.0,0.09728,0.0,0.9727999999999999,0.0
9.743999999999999e-05,2.44,9.743999999999999e-05,2.44,0.009744,0.0,0.09744,0.0,0.9744000000000002,0.0
9.760000000000001e-05,2.44,9.760000000000001e-05,2.44,0.009759999999999998,0.0,0.09759999999999999,0.0,0.976,0.0
9.775999999999999e-05,2.44,9.775999999999999e-05,2.44,0.009776,0.04,0.09776000000000004,0.04,0.9776000000000002,0.0
9.792000000000001e-05,2.44,9.792000000000001e-05,2.44,0.009791999999999999,0.0,0.09792000000000003,0.0,0.9792000000000001,0.0
9.807999999999998e-05,2.44,9.807999999999998e-05,2.44,0.009807999999999997,0.04,0.09808000000000003,0.0,0.9807999999999999,0.04
9.824000000000001e-05,2.44,9.824000000000001e-05,2.44,0.009824,0.0,0.09824000000000002,0.04,0.9824000000000002,0.0
9.839999999999998e-05,2.44,9.839999999999998e-05,2.48,0.009839999999999998,0.0,0.09840000000000002,0.04,0.984,0.0
9.856e-05,2.44,9.856e-05,2.48,0.009856,0.0,0.09856000000000001,0.0,0.9856000000000003,0.04
9.871999999999998e-05,2.48,9.871999999999998e-05,2.48,0.009871999999999999,0.0,0.09872,0.04,0.9872000000000001,0.04
9.888e-05,2.48,9.888e-05,2.48,0.009887999999999997,0.0,0.09888,0.0,0.9887999999999999,0.0
9.903999999999997e-05,2.44,9.903999999999997e-05,2.48,0.009904,0.0,0.09904000000000004,0.04,0.9904000000000002,0.0
9.92e-05,2.48,9.92e-05,2.48,0.009919999999999998,0.04,0.09920000000000004,0.0,0.992,0.04
9.935999999999997e-05,2.44,9.935999999999997e-05,2.44,0.009935999999999997,0.0,0.09936000000000003,0.0,0.9935999999999998,0.0
9.952e-05,2.48,9.952e-05,2.44,0.009951999999999999,0.0,0.09952000000000003,0.0,0.9952000000000001,0.04
9.967999999999997e-05,2.48,9.967999999999997e-05,2.48,0.009967999999999998,0.04,0.09968000000000002,0.0,0.9967999999999999,0.0
9.983999999999999e-05,2.48,9.983999999999999e-05,2.48,0.009984,0.0,0.09984000000000001,0.0,0.9984000000000002,0.0
0.00010000000000000002,2.44,0.00010000000000000002,2.44,0.009999999999999998,0.04,0.1,0.0,1.0,0.0
0.00010015999999999999,2.48,0.00010015999999999999,2.48,0.010015999999999997,0.0,0.10016,0.04,1.0015999999999998,0.0
0.00010032000000000002,2.48,0.00010032000000000002,2.48,0.010032,0.0,0.10031999999999999,0.04,1.0032,0.0
0.00010047999999999999,2.44,0.00010047999999999999,2.48,0.010047999999999998,0.0,0.10048000000000004,0.0,1.0048,0.0
0.00010064000000000001,2.48,0.00010064000000000001,2.48,0.010064,0.0,0.10064000000000003,0.0,1.0064000000000002,0.0
0.00010079999999999998,1.8,0.00010079999999999998,2.48,0.010079999999999999,0.0,0.10080000000000003,0.0,1.008,0.0
0.00010096000000000001,2.08,0.00010096000000000001,2.12,0.010095999999999997,0.36,0.10096000000000002,0.0,1.0095999999999998,3.96
0.00010111999999999998,2.12,0.00010111999999999998,2.12,0.010112,0.76,0.10112000000000002,2.4,1.0112,3.96
0.00010128,2.12,0.00010128,2.12,0.010127999999999998,1.08,0.10128000000000001,3.4,1.0128,4.0
0.00010143999999999998,2.08,0.00010143999999999998,2.12,0.010143999999999997,1.36,0.10144,3.72,1.0144000000000002,3.96
0.0001016,2.12,0.0001016,2.12,0.010159999999999999,1.6400000000000001,0.1016,3.88,1.016,4.0
0.00010175999999999997,2.08,0.00010175999999999997,2.12,0.010175999999999998,1.84,0.10176000000000004,3.96,1.0175999999999998,4.0
0.00010192,2.12,0.00010192,2.08,0.010192,2.04,0.10192000000000004,3.96,1.0192,4.0
0.00010207999999999997,2.12,0.00010207999999999997,2.08,0.010207999999999998,2.24,0.10208000000000003,3.96,1.0208,3.96
0.00010224,2.12,0.00010224,2.08,0.010223999999999997,2.4,0.10224000000000003,4.0,1.0224000000000002,4.0
0.00010239999999999997,2.08,0.00010239999999999997,2.08,0.010239999999999999,2.52,0.10240000000000002,4.0,1.024,3.96
0.00010256,2.08,0.00010256,2.12,0.010255999999999998,2.68,0.10256000000000001,3.96,1.0255999999999998,4.0
0.00010272000000000002,2.12,0.00010272000000000002,2.12,0.010272,2.8000000000000003,0.10272,3.96,1.0272000000000001,4.0
0.00010287999999999999,2.08,0.00010287999999999999,2.08,0.010287999999999999,2.92,0.10288,3.96,1.0288,3.96
0.00010304000000000002,2.12,0.00010304000000000002,2.08,0.010303999999999997,3.04,0.10303999999999999,4.0,1.0304000000000002,4.0
0.00010319999999999999,2.08,0.00010319999999999999,2.08,0.01032,3.12,0.10320000000000004,3.96,1.032,3.96
0.00010336000000000001,2.08,0.00010336000000000001,2.08,0.010335999999999998,3.16,0.10336000000000004,3.96,1.0335999999999999,4.0
0.00010351999999999998,2.08,0.00010351999999999998,2.08,0.010352,3.2800000000000002,0.10352000000000003,4.0,1.0352000000000001,4.0
0.00010368000000000001,2.08,0.00010368000000000001,2.08,0.010367999999999999,3.3200000000000003,0.10368000000000002,3.96,1.0368,4.0
0.00010383999999999998,2.08,0.00010383999999999998,2.08,0.010383999999999997,3.4,0.10384000000000002,4.0,1.0384000000000002,3.96
0.00010400000000000001,2.08,0.00010400000000000001,2.08,0.0104,3.44,0.10400000000000001,3.96,1.04,3.96
0.00010415999999999998,2.08,0.00010415999999999998,2.08,0.010415999999999998,3.52,0.10416,4.0,1.0415999999999999,3.96
0.00010432,2.08,0.00010432,2.08,0.010431999999999997,3.52,0.10432,4.0,1.0432000000000001,4.0
0.00010447999999999998,2.08,0.00010447999999999998,2.04,0.010447999999999999,3.56,0.10448000000000005,4.0,1.0448,3.96
0.00010464,2.08,0.00010464,2.08,0.010463999999999998,3.6,0.10464000000000004,3.96,1.0464000000000002,3.96
0.00010479999999999997,2.08,0.00010479999999999997,2.04,0.01048,3.64,0.10480000000000003,4.0,1.048,3.96
0.00010496,2.08,0.00010496,2.08,0.010495999999999998,3.68,0.10496000000000003,4.0,1.0495999999999999,3.96
0.00010511999999999997,2.04,0.00010511999999999997,2.04,0.010511999999999997,3.68,0.10512000000000002,4.0,1.0512000000000001,3.96
0.00010528,2.04,0.00010528,2.08,0.010528,3.68,0.10528000000000001,4.0,1.0528,4.0
0.00010543999999999997,2.04,0.00010543999999999997,2.08,0.010543999999999998,3.72,0.10544,3.96,1.0544000000000002,4.0
0.00010559999999999999,2.04,0.00010559999999999999,2.04,0.01056,3.7600000000000002,0.1056,4.0,1.056,4.0
0.00010576000000000002,2.04,0.00010576000000000002,2.04,0.010575999999999999,3.7600000000000002,0.10575999999999999,3.96,1.0575999999999999,3.96
0.00010591999999999999,2.04,0.00010591999999999999,2.04,0.010591999999999997,3.8000000000000003,0.10592000000000004,4.0,1.0592000000000001,3.96
0.00010608000000000001,2.04,0.00010608000000000001,2.04,0.010608,3.8000000000000003,0.10608000000000004,4.0,1.0608,4.0
0.00010623999999999999,2.04,0.00010623999999999999,2.04,0.010623999999999998,3.84,0.10624000000000003,4.0,1.0624000000000002,3.96
0.00010640000000000001,2.04,0.00010640000000000001,2.04,0.01064,3.84,0.10640000000000002,3.96,1.064,3.96
0.00010655999999999998,2.04,0.00010655999999999998,2.04,0.010655999999999999,3.84,0.10656000000000002,3.96,1.0655999999999999,4.0
0.00010672000000000001,2.04,0.00010672000000000001,2.0,0.010671999999999997,3.88,0.10672000000000001,4.0,1.0672000000000001,4.0
0.00010687999999999998,2.04,0.00010687999999999998,2.04,0.010688,3.88,0.10688,4.0,1.0688,4.0
0.00010704,2.0,0.00010704,2.04,0.010703999999999998,3.88,0.10704,4.0,1.0704000000000002,3.96
0.00010719999999999998,2.0,0.00010719999999999998,2.04,0.010719999999999997,3.88,0.10720000000000005,3.96,1.072,3.96
0.00010736,2.0,0.00010736,2.04,0.010735999999999999,3.88,0.10736000000000004,3.96,1.0735999999999999,3.96
0.00010751999999999997,2.0,0.00010751999999999997,2.0,0.010751999999999998,3.92,0.10752000000000003,3.96,1.0752000000000002,4.0
0.00010768,2.04,0.00010768,2.0,0.010768,3.92,0.10768000000000003,3.96,1.0768,4.0
0.00010783999999999997,2.0,0.00010783999999999997,2.04,0.010783999999999998,3.88,0.10784000000000002,3.96,1.0784000000000002,4.0
0.000108,2.0,0.000108,2.04,0.010799999999999997,3.88,0.10800000000000001,4.0,1.08,3.96
0.00010815999999999997,2.0,0.00010815999999999997,2.04,0.010816,3.92,0.10816,4.0,1.0816,4.0
0.00010831999999999999,2.0,0.00010831999999999999,2.0,0.010831999999999998,3.92,0.10832,3.96,1.0832000000000002,3.96
0.00010848000000000002,2.0,0.00010848000000000002,2.0,0.010848,3.92,0.10848,4.0,1.0848,4.0
0.00010863999999999999,2.0,0.00010863999999999999,2.0,0.010863999999999999,3.92,0.10864000000000004,3.96,1.0864000000000003,4.0
0.00010880000000000002,2.0,0.00010880000000000002,2.0,0.010879999999999997,3.92,0.10880000000000004,3.96,1.088,3.96
0.00010895999999999999,2.0,0.00010895999999999999,2.0,0.010896,3.96,0.10896000000000003,4.0,1.0896,3.96
0.00010912000000000001,1.96,0.00010912000000000001,2.0,0.010911999999999998,3.96,0.10912000000000002,3.96,1.0912000000000002,3.96
0.00010927999999999998,2.0,0.00010927999999999998,2.0,0.010927999999999997,3.96,0.10928000000000002,3.96,1.0928,4.0
0.00010944000000000001,2.0,0.00010944000000000001,2.04,0.010943999999999999,3.96,0.10944000000000001,3.96,1.0944000000000003,3.96
0.00010959999999999998,2.0,0.00010959999999999998,2.0,0.010959999999999998,3.92,0.1096,3.96,1.096,3.96
0.00010976,2.0,0.00010976,2.0,0.010976,3.96,0.10976,3.96,1.0976,3.96
0.00010991999999999998,1.96,0.00010991999999999998,2.0,0.010991999999999998,3.96,0.10992000000000005,3.96,1.0992000000000002,4.0
0.00011008,2.0,0.00011008,2.0,0.011007999999999997,3.96,0.11008000000000004,3.96,1.1008,3.96
0.00011023999999999997,1.96,0.00011023999999999997,1.96,0.011023999999999999,3.92,0.11024000000000003,3.96,1.1023999999999998,4.0
0.0001104,1.96,0.0001104,1.96,0.011039999999999998,3.96,0.11040000000000003,3.96,1.104,4.0
0.00011055999999999997,1.96,0.00011055999999999997,1.96,0.011056,3.96,0.11056000000000002,3.96,1.1056,3.96
0.00011072,1.96,0.00011072,1.96,0.011071999999999999,3.96,0.11072000000000001,4.0,1.1072000000000002,4.0
0.00011087999999999997,1.96,0.00011087999999999997,2.0,0.011087999999999997,3.96,0.11088,3.96,1.1088,3.96
0.00011104,1.96,0.00011104,1.96,0.011104,3.96,0.11104,3.96,1.1103999999999998,4.0
0.00011120000000000002,1.96,0.00011120000000000002,1.96,0.011119999999999998,3.96,0.1112,3.96,1.112,3.96
0.00011135999999999999,1.96,0.00011135999999999999,1.96,0.011136,3.96,0.11136000000000004,4.0,1.1136,3.96
0.00011152000000000002,1.96,0.00011152000000000002,1.96,0.011151999999999999,3.96,0.11152000000000004,4.0,1.1152000000000002,3.96
0.00011167999999999999,1.92,0.00011167999999999999,1.96,0.011167999999999997,3.96,0.11168000000000003,4.0,1.1168,3.96
0.00011184000000000001,1.96,0.00011184000000000001,1.96,0.011184,3.96,0.11184000000000002,3.96,1.1183999999999998,3.96
0.00011199999999999998,1.92,0.00011199999999999998,1.96,0.011199999999999998,3.96,0.11200000000000002,4.0,1.12,3.96
0.00011216000000000001,1.92,0.00011216000000000001,1.96,0.011215999999999997,3.96,0.11216000000000001,4.0,1.1216,4.0
0.00011231999999999998,1.96,0.00011231999999999998,1.96,0.011231999999999999,3.96,0.11232,3.96,1.1232000000000002,4.0
0.00011248000000000001,1.96,0.00011248000000000001,1.96,0.011247999999999998,3.96,0.11248,3.96,1.1248,3.96
0.00011263999999999998,1.92,0.00011263999999999998,1.96,0.011264,3.96,0.11264000000000005,4.0,1.1263999999999998,3.96
0.0001128,1.96,0.0001128,1.92,0.011279999999999998,4.0,0.11280000000000004,3.96,1.1280000000000001,3.96
0.00011295999999999998,1.96,0.00011295999999999998,1.92,0.011295999999999997,3.96,0.11296000000000003,4.0,1.1296,3.96
0.00011312,1.92,0.00011312,1.92,0.011312,3.96,0.11312000000000003,4.0,1.1312000000000002,3.96
0.00011327999999999997,1.92,0.00011327999999999997,1.96,0.011327999999999998,3.96,0.11328000000000002,3.96,1.1328,4.0
0.00011344,1.96,0.00011344,1.92,0.011344,3.92,0.11344000000000001,3.96,1.1343999999999999,4.0
0.00011359999999999997,1.92,0.00011359999999999997,1.92,0.011359999999999999,4.0,0.1136,3.96,1.1360000000000001,3.96
0.00011376,1.96,0.00011376,1.92,0.011375999999999997,3.96,0.11376,3.96,1.1376,4.0
0.00011391999999999997,1.92,0.00011391999999999997,1.92,0.011392,3.92,0.11392,3.96,1.1392000000000002,3.96
0.00011407999999999999,1.92,0.00011407999999999999,1.92,0.011407999999999998,3.96,0.11408000000000004,3.96,1.1408,4.0
0.00011424000000000002,1.92,0.00011424000000000002,1.96,0.011424,3.96,0.11424000000000004,4.0,1.1423999999999999,4.0
0.00011439999999999999,1.92,0.00011439999999999999,1.8800000000000001,0.011439999999999999,3.96,0.11440000000000003,3.96,1.1440000000000001,3.96
0.00011456000000000001,1.92,0.00011456000000000001,1.92,0.011455999999999997,4.0,0.11456000000000002,4.0,1.1456,3.96
0.00011471999999999999,1.92,0.00011471999999999999,1.92,0.011472,3.96,0.11472000000000002,3.96,1.1472000000000002,3.96
0.00011488000000000001,1.92,0.00011488000000000001,1.92,0.011487999999999998,3.96,0.11488000000000001,3.96,1.1488,3.96
0.00011503999999999998,1.96,0.00011503999999999998,1.92,0.011503999999999997,3.96,0.11504,3.96,1.1503999999999999,3.96
0.00011520000000000001,1.92,0.00011520000000000001,1.92,0.011519999999999999,3.96,0.1152,3.96,1.1520000000000001,4.0
0.00011535999999999998,1.92,0.00011535999999999998,1.8800000000000001,0.011535999999999998,4.0,0.11536000000000005,4.0,1.1536,3.96
0.00011552,1.92,0.00011552,1.92,0.011552,3.96,0.11552000000000004,4.0,1.1552000000000002,4.0
0.00011567999999999998,1.92,0.00011567999999999998,1.8800000000000001,0.011567999999999998,4.0,0.11568000000000003,4.0,1.1568,3.96
0.00011584,1.8800000000000001,0.00011584,1.92,0.011583999999999997,3.96,0.11584000000000003,4.0,1.1583999999999999,3.96
0.00011599999999999997,1.92,0.00011599999999999997,1.8800000000000001,0.0116,3.96,0.11600000000000002,3.96,1.1600000000000001,3.96
0.00011616,1.8800000000000001,0.00011616,1.92,0.011615999999999998,3.96,0.11616000000000001,4.0,1.1616,3.96
0.00011631999999999997,1.8800000000000001,0.00011631999999999997,1.8800000000000001,0.011632,3.96,0.11632,4.0,1.1632000000000002,4.0
0.00011648,1.8800000000000001,0.00011648,1.92,0.011647999999999999,3.96,0.11648,4.0,1.1648,4.0
0.00011663999999999997,1.92,0.00011663999999999997,1.8800000000000001,0.011663999999999997,3.96,0.11664,3.96,1.1663999999999999,4.0
0.00011679999999999999,1.8800000000000001,0.00011679999999999999,1.8800000000000001,0.01168,3.96,0.11680000000000004,3.96,1.1680000000000001,4.0
0.00011696000000000002,1.8800000000000001,0.00011696000000000002,1.8800000000000001,0.011695999999999998,3.96,0.11696000000000004,3.96,1.1696,3.96
0.00011711999999999999,1.8800000000000001,0.00011711999999999999,1.8800000000000001,0.011711999999999997,3.96,0.11712000000000003,4.0,1.1712000000000002,3.96
0.00011728000000000002,1.8800000000000001,0.00011728000000000002,1.8800000000000001,0.011727999999999999,3.96,0.11728000000000002,3.96,1.1728,4.0
0.00011743999999999999,1.8800000000000001,0.00011743999999999999,1.8800000000000001,0.011743999999999997,3.96,0.11744000000000002,4.0,1.1743999999999999,3.96
0.00011760000000000001,1.8800000000000001,0.00011760000000000001,1.92,0.01176,3.96,0.11760000000000001,4.0,1.1760000000000002,4.0
0.00011775999999999998,1.8800000000000001,0.00011775999999999998,1.8800000000000001,0.011775999999999998,4.0,0.11776,3.96,1.1776,4.0
0.00011792000000000001,1.92,0.00011792000000000001,1.92,0.011791999999999997,3.96,0.11792,3.96,1.1792000000000002,3.96
0.00011807999999999998,1.8800000000000001,0.00011807999999999998,1.8800000000000001,0.011807999999999999,3.96,0.11808000000000005,3.96,1.1808,4.0
0.00011824,1.84,0.00011824,1.8800000000000001,0.011823999999999998,3.96,0.11824000000000004,3.96,1.1824,3.96
0.00011839999999999998,1.8800000000000001,0.00011839999999999998,1.8800000000000001,0.01184,4.0,0.11840000000000003,3.96,1.1840000000000002,4.0
0.00011856,1.8800000000000001,0.00011856,1.8800000000000001,0.011855999999999998,3.96,0.11856000000000003,4.0,1.1856,4.0
0.00011871999999999997,1.8800000000000001,0.00011871999999999997,1.84,0.011871999999999997,3.96,0.11872000000000002,4.0,1.1872000000000003,4.0
0.00011888,1.8800000000000001,0.00011888,1.8800000000000001,0.011888,3.96,0.11888000000000001,3.96,1.1888,4.0
0.00011903999999999997,1.84,0.00011903999999999997,1.8800000000000001,0.011903999999999998,3.96,0.11904,4.0,1.1904,3.96
0.0001192,1.84,0.0001192,1.84,0.01192,3.96,0.1192,4.0,1.1920000000000002,3.96
0.00011935999999999997,1.84,0.00011935999999999997,1.84,0.011935999999999999,3.96,0.11936,4.0,1.1936,4.0
0.00011952,1.84,0.00011952,1.84,0.011951999999999997,3.96,0.11952000000000004,3.96,1.1952000000000003,3.96
0.00011968000000000002,1.84,0.00011968000000000002,1.84,0.011968,3.96,0.11968000000000004,3.96,1.1968,3.96
0.00011983999999999999,1.84,0.00011983999999999999,1.84,0.011983999999999998,4.0,0.11984000000000003,3.96,1.1984,3.96
0.00012000000000000002,1.84,0.00012000000000000002,1.84,0.011999999999999997,4.0,0.12000000000000002,4.0,1.2000000000000002,4.0
0.00012015999999999999,1.8800000000000001,0.00012015999999999999,1.84,0.012015999999999999,3.96,0.12016000000000002,3.96,1.2016,3.96
0.00012032000000000001,1.8800000000000001,0.00012032000000000001,1.84,0.012031999999999998,3.96,0.12032000000000001,4.0,1.2031999999999998,3.96
0.00012047999999999998,1.84,0.00012047999999999998,1.8800000000000001,0.012048,3.96,0.12048,3.96,1.2048,3.96
0.00012064000000000001,1.84,0.00012064000000000001,1.84,0.012063999999999998,3.96,0.12064,3.96,1.2064,3.96
0.00012079999999999998,1.84,0.00012079999999999998,1.8800000000000001,0.012079999999999997,3.96,0.12080000000000005,4.0,1.2080000000000002,4.0
0.00012096000000000001,1.84,0.00012096000000000001,1.84,0.012095999999999999,4.0,0.12096000000000004,4.0,1.2096,4.0
0.00012111999999999998,1.84,0.00012111999999999998,1.84,0.012111999999999998,3.96,0.12112000000000003,3.96,1.2111999999999998,3.96
0.00012128,1.84,0.00012128,1.84,0.012128,3.96,0.12128000000000003,3.96,1.2128,4.0
0.00012143999999999998,1.84,0.00012143999999999998,1.8,0.012143999999999999,3.96,0.12144000000000002,3.96,1.2144,4.0
0.0001216,1.84,0.0001216,1.84,0.012159999999999997,3.96,0.12160000000000001,3.96,1.2160000000000002,3.96
0.00012175999999999997,1.84,0.00012175999999999997,1.84,0.012176,3.96,0.12176000000000001,3.96,1.2176,3.96
0.00012192,1.8,0.00012192,1.84,0.012191999999999998,3.96,0.12192,3.96,1.2191999999999998,4.0
0.00012207999999999997,1.8,0.00012207999999999997,1.84,0.012208,3.96,0.12208,3.96,1.2208,4.0
0.00012224,1.8,0.00012224,1.84,0.012223999999999999,4.0,0.12224000000000004,4.0,1.2224,3.96
0.00012239999999999997,1.8,0.00012239999999999997,1.8,0.012239999999999997,3.96,0.12240000000000004,4.0,1.2240000000000002,3.96
0.00012256,1.84,0.00012256,1.84,0.012256,4.0,0.12256000000000003,4.0,1.2256,4.0
0.00012272000000000002,1.8,0.00012272000000000002,1.84,0.012271999999999998,4.0,0.12272000000000002,4.0,1.2271999999999998,3.96
0.00012288,1.84,0.00012288,1.84,0.012287999999999997,3.96,0.12288000000000002,3.96,1.2288000000000001,3.96
0.00012304000000000001,1.84,0.00012304000000000001,1.8,0.012303999999999999,3.96,0.12304000000000001,3.96,1.2304,3.96
0.00012319999999999999,1.8,0.00012319999999999999,1.8,0.012319999999999998,3.96,0.1232,3.96,1.2320000000000002,3.96
0.00012336,1.8,0.00012336,1.84,0.012336,3.96,0.12336,3.96,1.2336,4.0
0.00012351999999999998,1.8,0.00012351999999999998,1.8,0.012351999999999998,4.0,0.12352000000000005,3.96,1.2351999999999999,4.0
0.00012368,1.8,0.00012368,1.84,0.012367999999999997,3.96,0.12368000000000004,4.0,1.2368000000000001,3.96
0.00012383999999999998,1.8,0.00012383999999999998,1.76,0.012384,3.96,0.12384000000000003,4.0,1.2384,3.96
0.000124,1.8,0.000124,1.8,0.012399999999999998,4.0,0.12400000000000003,4.0,1.2400000000000002,3.96
0.00012415999999999998,1.8,0.00012415999999999998,1.8,0.012416,3.96,0.12416000000000002,3.96,1.2416,3.96
0.00012432,1.8,0.00012432,1.8,0.012431999999999999,3.96,0.12432000000000001,3.96,1.2431999999999999,3.96
0.00012447999999999997,1.84,0.00012447999999999997,1.8,0.012447999999999997,3.96,0.12448000000000001,4.0,1.2448000000000001,3.96
0.00012464,1.8,0.00012464,1.84,0.012464,4.0,0.12464,4.0,1.2464,3.96
0.00012479999999999997,1.8,0.00012479999999999997,1.8,0.012479999999999998,3.96,0.1248,4.0,1.2480000000000002,4.0
0.00012496,1.76,0.00012496,1.8,0.012495999999999997,3.96,0.12496000000000004,4.0,1.2496,4.0
0.00012511999999999997,1.8,0.00012511999999999997,1.76,0.012511999999999999,4.0,0.12512000000000004,3.96,1.2511999999999999,3.96
0.00012528,1.76,0.00012528,1.8,0.012527999999999997,4.0,0.12528000000000003,3.96,1.2528000000000001,3.96
0.00012544000000000002,1.8,0.00012544000000000002,1.8,0.012544,3.96,0.12544000000000002,3.96,1.2544,3.96
0.0001256,1.8,0.0001256,1.76,0.012559999999999998,3.96,0.12560000000000002,4.0,1.2560000000000002,3.96
0.00012576000000000002,1.8,0.00012576000000000002,1.76,0.012575999999999997,3.96,0.12576,3.96,1.2576,4.0
0.00012592,1.8,0.00012592,1.8,0.012591999999999999,4.0,0.12592,4.0,1.2591999999999999,4.04
0.00012608,1.8,0.00012608,1.76,0.012607999999999998,3.96,0.12608,4.0,1.2608000000000001,3.96
0.00012623999999999998,1.76,0.00012623999999999998,1.76,0.012624,3.96,0.12624000000000005,3.96,1.2624,3.96
0.0001264,1.76,0.0001264,1.76,0.012639999999999998,4.0,0.12640000000000004,3.96,1.2640000000000002,3.96
0.00012655999999999998,1.76,0.00012655999999999998,1.8,0.012655999999999997,4.0,0.12656000000000003,3.96,1.2656,4.0
0.00012672,1.76,0.00012672,1.76,0.012672,4.0,0.12672000000000003,3.96,1.2671999999999999,4.0
0.00012687999999999998,1.8,0.00012687999999999998,1.8,0.012687999999999998,4.0,0.12688000000000002,3.96,1.2688000000000001,3.96
0.00012704,1.76,0.00012704,1.76,0.012704,3.96,0.12704000000000001,4.0,1.2704,3.96
0.00012719999999999997,1.76,0.00012719999999999997,1.76,0.012719999999999999,3.96,0.1272,3.96,1.2720000000000002,4.0
0.00012736,1.76,0.00012736,1.76,0.012735999999999997,3.96,0.12736,4.0,1.2736,4.0
0.00012751999999999997,1.76,0.00012751999999999997,1.76,0.012752,4.0,0.12752,4.0,1.2752,3.96
0.00012768,1.76,0.00012768,1.76,0.012767999999999998,4.0,0.12768000000000004,3.96,1.2768000000000002,3.96
0.00012783999999999997,1.76,0.00012783999999999997,1.76,0.012783999999999997,4.0,0.12784000000000004,4.0,1.2784,3.96
0.000128,1.76,0.000128,1.76,0.012799999999999999,3.96,0.12800000000000003,3.96,1.2800000000000002,3.96
0.00012816000000000002,1.76,0.00012816000000000002,1.76,0.012815999999999998,4.0,0.12816000000000002,4.0,1.2816,3.96
0.00012832,1.76,0.00012832,1.76,0.012832,3.96,0.12832000000000002,3.96,1.2832,3.96
0.00012848000000000002,1.76,0.00012848000000000002,1.76,0.012847999999999998,3.96,0.12848,4.0,1.2848000000000002,4.0
0.00012864,1.76,0.00012864,1.76,0.012863999999999997,4.0,0.12864,3.96,1.2864,4.0
0.00012880000000000001,1.76,0.00012880000000000001,1.76,0.012879999999999999,3.96,0.1288,4.0,1.2880000000000003,4.0
0.00012895999999999999,1.72,0.00012895999999999999,1.72,0.012895999999999998,3.96,0.12896000000000005,3.96,1.2896,3.96
0.00012912,1.76,0.00012912,1.76,0.012912,3.96,0.12912000000000004,3.96,1.2912,4.0
0.00012927999999999998,1.76,0.00012927999999999998,1.72,0.012927999999999999,3.96,0.12928000000000003,4.0,1.2928000000000002,3.96
0.00012944,1.72,0.00012944,1.76,0.012943999999999997,4.0,0.12944000000000003,4.0,1.2944,4.0
0.00012959999999999998,1.72,0.00012959999999999998,1.76,0.01296,4.0,0.12960000000000002,3.96,1.2960000000000003,3.96
0.00012976,1.72,0.00012976,1.72,0.012975999999999998,3.96,0.12976000000000001,3.96,1.2976,3.96
0.00012991999999999998,1.72,0.00012991999999999998,1.76,0.012992,3.96,0.12992,3.96,1.2992,3.96
0.00013008,1.72,0.00013008,1.76,0.013007999999999999,3.96,0.13008,3.96,1.3008000000000002,4.0
0.00013023999999999997,1.72,0.00013023999999999997,1.72,0.013023999999999997,4.0,0.13024,3.96,1.3024,3.96
0.0001304,1.72,0.0001304,1.72,0.01304,3.96,0.13040000000000004,4.0,1.3040000000000003,3.96
0.00013055999999999997,1.72,0.00013055999999999997,1.72,0.013055999999999998,3.96,0.13056000000000004,4.0,1.3056,3.96
0.00013072,1.72,0.00013072,1.72,0.013071999999999997,4.0,0.13072000000000003,3.96,1.3072,3.96
0.00013087999999999997,1.72,0.00013087999999999997,1.72,0.013087999999999999,3.96,0.13088000000000002,3.96,1.3088000000000002,3.96
0.00013104,1.72,0.00013104,1.76,0.013103999999999998,3.96,0.13104000000000002,4.0,1.3104,4.0
0.00013120000000000002,1.72,0.00013120000000000002,1.76,0.01312,3.96,0.1312,3.96,1.3119999999999998,4.0
0.00013136,1.68,0.00013136,1.72,0.013135999999999998,3.96,0.13136,4.0,1.3136,4.0
0.00013152000000000001,1.72,0.00013152000000000001,1.76,0.013151999999999997,3.96,0.13152,4.0,1.3152,3.96
0.00013167999999999999,1.68,0.00013167999999999999,1.72,0.013168,3.96,0.13168000000000005,3.96,1.3168000000000002,4.0
0.00013184,1.72,0.00013184,1.72,0.013183999999999998,3.96,0.13184000000000004,4.0,1.3184,3.96
0.00013199999999999998,1.72,0.00013199999999999998,1.72,0.0132,4.0,0.13200000000000003,4.0,1.3199999999999998,3.96
0.00013216,1.72,0.00013216,1.68,0.013215999999999999,4.0,0.13216000000000003,4.0,1.3216,4.0
0.00013231999999999998,1.68,0.00013231999999999998,1.72,0.013231999999999997,3.96,0.13232000000000002,4.0,1.3232,4.0
0.00013248,1.68,0.00013248,1.72,0.013248,3.96,0.13248000000000001,3.96,1.3248000000000002,3.96
0.00013263999999999998,1.68,0.00013263999999999998,1.72,0.013263999999999998,3.96,0.13264,4.0,1.3264,3.96
0.0001328,1.72,0.0001328,1.68,0.013279999999999997,3.96,0.1328,4.0,1.3279999999999998,4.0
0.00013295999999999997,1.68,0.00013295999999999997,1.72,0.013295999999999999,3.96,0.13296,4.0,1.3296000000000001,4.0
0.00013312,1.68,0.00013312,1.68,0.013311999999999997,3.96,0.13312000000000004,3.96,1.3312,4.0
0.00013327999999999997,1.72,0.00013327999999999997,1.72,0.013328,4.0,0.13328000000000004,3.96,1.3328000000000002,4.0
0.00013344,1.72,0.00013344,1.68,0.013343999999999998,4.0,0.13344000000000003,4.0,1.3344,3.96
0.00013359999999999997,1.72,0.00013359999999999997,1.68,0.013359999999999997,3.96,0.13360000000000002,4.0,1.3359999999999999,4.0
0.00013376,1.68,0.00013376,1.68,0.013375999999999999,3.96,0.13376000000000002,3.96,1.3376000000000001,3.96
0.00013392000000000002,1.68,0.00013392000000000002,1.72,0.013391999999999998,3.96,0.13392,4.0,1.3392,4.0
0.00013408,1.68,0.00013408,1.68,0.013408,3.96,0.13408,3.96,1.3408000000000002,4.0
0.00013424000000000002,1.68,0.00013424000000000002,1.72,0.013423999999999998,4.0,0.13424,3.96,1.3424,4.0
0.0001344,1.68,0.0001344,1.68,0.013439999999999997,3.96,0.13440000000000005,4.0,1.3439999999999999,3.96
0.00013456,1.6400000000000001,0.00013456,1.68,0.013456,4.0,0.13456000000000004,3.96,1.3456000000000001,3.96
0.00013471999999999998,1.72,0.00013471999999999998,1.68,0.013471999999999998,3.96,0.13472000000000003,4.0,1.3472,3.96
0.00013488,1.68,0.00013488,1.68,0.013488,3.96,0.13488000000000003,4.0,1.3488000000000002,4.0
0.00013503999999999998,1.68,0.00013503999999999998,1.6400000000000001,0.013503999999999999,3.96,0.13504000000000002,3.96,1.3504,3.96
0.0001352,1.68,0.0001352,1.68,0.013519999999999997,3.96,0.13520000000000001,4.0,1.3519999999999999,3.96
0.00013535999999999998,1.68,0.00013535999999999998,1.68,0.013536,3.96,0.13536,4.0,1.3536000000000001,4.0
0.00013552,1.68,0.00013552,1.68,0.013551999999999998,3.96,0.13552,3.96,1.3552,3.96
0.00013567999999999997,1.68,0.00013567999999999997,1.68,0.013567999999999997,3.96,0.13568,4.0,1.3568000000000002,4.0
0.00013584,1.68,0.00013584,1.6400000000000001,0.013583999999999999,3.96,0.13584000000000004,4.0,1.3584,4.0
0.00013599999999999997,1.68,0.00013599999999999997,1.6400000000000001,0.013599999999999998,3.96,0.13600000000000004,3.96,1.3599999999999999,4.0
0.00013616,1.68,0.00013616,1.68,0.013616,3.96,0.13616000000000003,4.0,1.3616000000000001,4.0
0.00013631999999999997,1.68,0.00013631999999999997,1.68,0.013631999999999998,4.0,0.13632000000000002,3.96,1.3632,4.0
0.00013648,1.68,0.00013648,1.6400000000000001,0.013647999999999997,3.96,0.13648000000000002,3.96,1.3648000000000002,3.96
0.00013664000000000002,1.68,0.00013664000000000002,1.68,0.013663999999999999,3.96,0.13664,3.96,1.3664,4.0
0.0001368,1.6400000000000001,0.0001368,1.68,0.013679999999999998,3.96,0.1368,4.0,1.3679999999999999,4.0
0.00013696000000000002,1.68,0.00013696000000000002,1.68,0.013696,3.96,0.13696,3.96,1.3696000000000002,3.96
0.00013712,1.6400000000000001,0.00013712,1.68,0.013711999999999998,3.96,0.13712000000000005,4.0,1.3712,3.96
0.00013728000000000001,1.68,0.00013728000000000001,1.6400000000000001,0.013727999999999997,3.96,0.13728000000000004,3.96,1.3728000000000002,3.96
0.00013743999999999999,1.68,0.00013743999999999999,1.6400000000000001,0.013744,3.96,0.13744000000000003,3.96,1.3744,3.96
0.0001376,1.6400000000000001,0.0001376,1.6400000000000001,0.013759999999999998,4.0,0.13760000000000003,3.96,1.376,3.96
0.00013775999999999998,1.6400000000000001,0.00013775999999999998,1.6,0.013776,3.96,0.13776000000000002,3.96,1.3776000000000002,4.0
0.00013792,1.68,0.00013792,1.68,0.013791999999999999,4.0,0.13792000000000001,4.04,1.3792,4.0
0.00013807999999999998,1.6400000000000001,0.00013807999999999998,1.6400000000000001,0.013807999999999997,3.96,0.13808,4.0,1.3808000000000002,3.96
0.00013824,1.6400000000000001,0.00013824,1.6400000000000001,0.013824,3.96,0.13824,3.96,1.3824,4.0
0.00013839999999999998,1.6400000000000001,0.00013839999999999998,1.6400000000000001,0.013839999999999998,3.96,0.1384,4.0,1.384,4.0
0.00013856,1.6400000000000001,0.00013856,1.6400000000000001,0.013855999999999997,3.96,0.13856000000000004,3.96,1.3856000000000002,4.0
0.00013871999999999997,1.6400000000000001,0.00013871999999999997,1.6400000000000001,0.013871999999999999,4.0,0.13872000000000004,4.0,1.3872,3.96
0.00013888,1.6400000000000001,0.00013888,1.6400000000000001,0.013887999999999998,3.96,0.13888000000000003,4.0,1.3888000000000003,3.96
0.00013903999999999997,1.6400000000000001,0.00013903999999999997,1.6400000000000001,0.013904,4.0,0.13904000000000002,4.0,1.3904,4.0
0.0001392,1.6400000000000001,0.0001392,1.6400000000000001,0.013919999999999998,3.96,0.13920000000000002,4.0,1.392,4.0
0.00013935999999999997,1.6400000000000001,0.00013935999999999997,1.6400000000000001,0.013935999999999997,3.96,0.13936,4.0,1.3936000000000002,3.96
0.00013952,1.6400000000000001,0.00013952,1.6,0.013951999999999999,3.96,0.13952,3.96,1.3952,4.0
0.00013968000000000002,1.6,0.00013968000000000002,1.6,0.013967999999999998,4.0,0.13968,4.0,1.3968000000000003,3.96
0.00013984,1.6400000000000001,0.00013984,1.6400000000000001,0.013984,3.96,0.13984000000000005,4.0,1.3984,4.0
0.00014000000000000001,1.6400000000000001,0.00014000000000000001,1.6400000000000001,0.013999999999999999,4.0,0.14000000000000004,3.96,1.4,4.0
0.00014015999999999999,1.6,0.00014015999999999999,1.6,0.014015999999999997,4.0,0.14016000000000003,4.0,1.4016000000000002,3.96
0.00014032,1.6400000000000001,0.00014032,1.6400000000000001,0.014032,3.96,0.14032000000000003,3.96,1.4032,3.96
0.00014047999999999998,1.6,0.00014047999999999998,1.6400000000000001,0.014047999999999998,4.0,0.14048000000000002,4.0,1.4048000000000003,4.0
0.00014064,1.6,0.00014064,1.6,0.014063999999999997,3.96,0.14064000000000002,3.96,1.4064,3.96
0.00014079999999999998,1.6,0.00014079999999999998,1.6400000000000001,0.014079999999999999,4.0,0.1408,3.96,1.408,4.0
0.00014096,1.6,0.00014096,1.6,0.014095999999999997,3.96,0.14096,4.0,1.4096000000000002,3.96
0.00014111999999999998,1.6,0.00014111999999999998,1.6,0.014112,4.0,0.14112,3.96,1.4112,4.0
0.00014128,1.6400000000000001,0.00014128,1.6400000000000001,0.014127999999999998,4.0,0.14128000000000004,3.96,1.4127999999999998,3.96
0.00014143999999999997,1.6,0.00014143999999999997,1.6,0.014143999999999997,4.0,0.14144000000000004,4.0,1.4144,3.96
0.0001416,1.6,0.0001416,1.6,0.014159999999999999,4.0,0.14160000000000003,4.0,1.416,4.0
0.00014175999999999997,1.6,0.00014175999999999997,1.6400000000000001,0.014175999999999998,4.0,0.14176000000000002,4.0,1.4176000000000002,3.96
0.00014192,1.6,0.00014192,1.6,0.014192,3.96,0.14192000000000002,4.0,1.4192,3.96
0.00014207999999999997,1.6,0.00014207999999999997,1.6,0.014207999999999998,3.96,0.14208,3.96,1.4207999999999998,4.0
0.00014224,1.56,0.00014224,1.6,0.014223999999999997,3.96,0.14224,3.96,1.4224,4.0
0.00014240000000000002,1.6,0.00014240000000000002,1.56,0.01424,4.0,0.1424,4.0,1.424,3.96
0.00014256,1.56,0.00014256,1.56,0.014255999999999998,3.96,0.14256000000000005,3.96,1.4256000000000002,3.96
0.00014272000000000002,1.56,0.00014272000000000002,1.56,0.014272,4.0,0.14272000000000004,4.0,1.4272,4.0
0.00014288,1.6,0.00014288,1.6,0.014287999999999999,3.96,0.14288000000000003,3.96,1.4287999999999998,3.96
0.00014304,1.56,0.00014304,1.6,0.014303999999999997,3.96,0.14304000000000003,3.96,1.4304000000000001,3.96
0.00014319999999999998,1.56,0.00014319999999999998,1.6,0.01432,4.0,0.14320000000000002,4.0,1.432,3.96
0.00014336,1.56,0.00014336,1.6,0.014335999999999998,3.96,0.14336000000000002,3.96,1.4336000000000002,3.96
0.00014351999999999998,1.56,0.00014351999999999998,1.6,0.014351999999999997,3.96,0.14352,3.96,1.4352,4.0
0.00014368,1.56,0.00014368,1.6,0.014367999999999999,3.96,0.14368,4.0,1.4367999999999999,3.96
0.00014383999999999998,1.56,0.00014383999999999998,1.56,0.014383999999999997,3.96,0.14384,4.0,1.4384000000000001,4.0
0.000144,1.6,0.000144,1.6,0.0144,3.96,0.14400000000000004,3.96,1.44,4.0
0.00014415999999999998,1.56,0.00014415999999999998,1.56,0.014415999999999998,3.96,0.14416000000000004,3.96,1.4416000000000002,3.96
0.00014432,1.52,0.00014432,1.56,0.014431999999999997,3.96,0.14432000000000003,3.96,1.4432,4.0
0.00014447999999999997,1.56,0.00014447999999999997,1.56,0.014447999999999999,3.96,0.14448000000000003,3.96,1.4447999999999999,3.96
0.00014464,1.56,0.00014464,1.56,0.014463999999999998,3.96,0.14464000000000002,4.0,1.4464000000000001,4.0
0.00014479999999999997,1.56,0.00014479999999999997,1.52,0.01448,4.0,0.1448,4.0,1.448,4.0
0.00014496,1.56,0.00014496,1.6,0.014495999999999998,3.96,0.14496,3.96,1.4496000000000002,3.96
0.00014512000000000002,1.56,0.00014512000000000002,1.56,0.014511999999999997,4.0,0.14512,3.96,1.4512,3.96
0.00014528,1.56,0.00014528,1.56,0.014528,3.96,0.14528000000000005,4.0,1.4527999999999999,3.96
0.00014544000000000002,1.6,0.00014544000000000002,1.6,0.014543999999999998,3.96,0.14544000000000004,4.0,1.4544000000000001,3.96
0.0001456,1.56,0.0001456,1.56,0.014559999999999997,4.0,0.14560000000000003,3.96,1.456,4.0
0.00014576000000000001,1.56,0.00014576000000000001,1.56,0.014575999999999999,4.0,0.14576000000000003,4.0,1.4576000000000002,4.04
0.00014591999999999999,1.56,0.00014591999999999999,1.56,0.014591999999999997,3.96,0.14592000000000002,3.96,1.4592,3.96
0.00014608,1.52,0.00014608,1.56,0.014608,3.96,0.14608000000000002,3.96,1.4607999999999999,3.96
0.00014623999999999998,1.56,0.00014623999999999998,1.56,0.014623999999999998,3.96,0.14624,3.96,1.4624000000000001,4.0
0.0001464,1.52,0.0001464,1.56,0.014639999999999997,4.0,0.1464,4.0,1.464,3.96
0.00014655999999999998,1.56,0.00014655999999999998,1.52,0.014655999999999999,3.96,0.14656,4.0,1.4656000000000002,4.0
0.00014672,1.56,0.00014672,1.52,0.014671999999999998,4.0,0.14672000000000004,4.0,1.4672,4.0
0.00014687999999999998,1.56,0.00014687999999999998,1.52,0.014688,3.96,0.14688000000000004,4.0,1.4687999999999999,4.0
0.00014704,1.52,0.00014704,1.52,0.014703999999999998,3.96,0.14704000000000003,4.0,1.4704000000000002,3.96
0.00014719999999999997,1.56,0.00014719999999999997,1.56,0.014719999999999997,3.96,0.14720000000000003,3.96,1.472,3.96
0.00014736,1.52,0.00014736,1.56,0.014735999999999999,4.0,0.14736000000000002,4.0,1.4736000000000002,3.96
0.00014751999999999997,1.52,0.00014751999999999997,1.52,0.014751999999999998,4.0,0.14752,4.0,1.4752,3.96
0.00014768,1.52,0.00014768,1.52,0.014768,4.0,0.14768,3.96,1.4768,3.96
0.00014783999999999997,1.52,0.00014783999999999997,1.52,0.014783999999999999,3.96,0.14784,3.96,1.4784000000000002,4.0
0.000148,1.52,0.000148,1.52,0.014799999999999997,3.96,0.14800000000000005,4.0,1.48,3.96
0.00014816000000000002,1.56,0.00014816000000000002,1.52,0.014816,4.0,0.14816000000000004,3.96,1.4816000000000003,3.96
0.00014832,1.56,0.00014832,1.52,0.014831999999999998,4.0,0.14832000000000004,3.96,1.4832,4.0
0.00014848000000000001,1.52,0.00014848000000000001,1.52,0.014847999999999997,3.96,0.14848000000000003,4.0,1.4848,3.96
0.00014863999999999999,1.52,0.00014863999999999999,1.52,0.014863999999999999,3.96,0.14864000000000002,4.0,1.4864000000000002,4.0
0.0001488,1.52,0.0001488,1.52,0.014879999999999997,3.96,0.14880000000000002,3.96,1.488,3.96
0.00014895999999999998,1.56,0.00014895999999999998,1.48,0.014896,3.96,0.14896,3.96,1.4896000000000003,4.0
0.00014912,1.56,0.00014912,1.48,0.014911999999999998,4.0,0.14912,3.96,1.4912,3.96
0.00014927999999999998,1.52,0.00014927999999999998,1.48,0.014927999999999997,4.0,0.14928,4.0,1.4928,3.96
0.00014944,1.52,0.00014944,1.52,0.014943999999999999,4.0,0.14944000000000005,3.96,1.4944000000000002,3.96
0.00014959999999999998,1.52,0.00014959999999999998,1.52,0.014959999999999998,4.0,0.14960000000000004,4.0,1.496,3.96
0.00014976,1.52,0.00014976,1.52,0.014976,3.96,0.14976000000000003,4.0,1.4976000000000003,3.96
0.00014991999999999997,1.52,0.00014991999999999997,1.52,0.014991999999999998,3.96,0.14992000000000003,4.0,1.4992,3.96
0.00015008,1.52,0.00015008,1.56,0.015007999999999997,3.96,0.15008000000000002,4.0,1.5008,3.96
0.00015023999999999997,1.52,0.00015023999999999997,1.48,0.015024,3.96,0.15024,4.0,1.5024000000000002,4.0
0.0001504,1.52,0.0001504,1.48,0.015039999999999998,4.0,0.1504,3.96,1.504,4.0
0.00015055999999999997,1.52,0.00015055999999999997,1.48,0.015056,4.0,0.15056,4.0,1.5056000000000003,3.96
0.00015072,1.48,0.00015072,1.48,0.015071999999999999,4.0,0.15072000000000005,4.0,1.5072,4.0
0.00015088000000000002,1.48,0.00015088000000000002,1.48,0.015087999999999997,4.0,0.15088000000000004,4.0,1.5088,3.96
0.00015104,1.52,0.00015104,1.52,0.015104,3.96,0.15104000000000004,4.0,1.5104000000000002,3.96
0.00015120000000000002,1.52,0.00015120000000000002,1.48,0.015119999999999998,4.0,0.15120000000000003,4.0,1.512,4.0
0.00015136,1.96,0.00015136,2.08,0.015135999999999997,4.0,0.15136000000000002,3.96,1.5136000000000003,4.0
0.00015152,1.84,0.00015152,1.84,0.015151999999999999,3.48,0.15152000000000002,2.96,1.5152,0.0
0.00015167999999999998,1.84,0.00015167999999999998,1.84,0.015167999999999997,3.08,0.15168,1.08,1.5168,0.0
0.00015184,1.8800000000000001,0.00015184,1.84,0.015184,2.7600000000000002,0.15184,0.4,1.5184000000000002,0.0
0.00015199999999999998,1.8800000000000001,0.00015199999999999998,1.84,0.015199999999999998,2.48,0.152,0.2,1.52,0.0
0.00015216,1.84,0.00015216,1.84,0.015215999999999997,2.24,0.15216000000000005,0.08,1.5215999999999998,0.0
0.00015231999999999998,1.84,0.00015231999999999998,1.8800000000000001,0.015231999999999999,2.04,0.15232000000000004,0.04,1.5232,0.0
0.00015248,1.8800000000000001,0.00015248,1.8800000000000001,0.015247999999999998,1.84,0.15248000000000003,0.04,1.5248,0.04
0.00015263999999999998,1.8800000000000001,0.00015263999999999998,1.8800000000000001,0.015264,1.68,0.15264000000000003,0.0,1.5264000000000002,0.0
0.0001528,1.8800000000000001,0.0001528,1.8800000000000001,0.015279999999999995,1.48,0.15280000000000002,0.04,1.528,0.0
0.00015295999999999997,1.8800000000000001,0.00015295999999999997,1.8800000000000001,0.015295999999999997,1.36,0.15296,0.04,1.5295999999999998,0.0
0.00015312,1.8800000000000001,0.00015312,1.84,0.015312,1.24,0.15312,0.0,1.5312000000000001,0.04
0.00015327999999999997,1.8800000000000001,0.00015327999999999997,1.8800000000000001,0.015328000000000001,1.12,0.15328,0.04,1.5328,0.0
0.00015344,1.8800000000000001,0.00015344,1.84,0.015343999999999997,1.0,0.15344000000000005,0.0,1.5344000000000002,0.0
0.00015360000000000002,1.8800000000000001,0.00015360000000000002,1.8800000000000001,0.015359999999999999,0.92,0.15360000000000004,0.0,1.536,0.0
0.00015376,1.8800000000000001,0.00015376,1.8800000000000001,0.015376,0.84,0.15376000000000004,0.0,1.5375999999999999,0.0
0.00015392000000000002,1.8800000000000001,0.00015392000000000002,1.92,0.015391999999999996,0.76,0.15392000000000003,0.0,1.5392000000000001,0.0
0.00015408,1.8800000000000001,0.00015408,1.84,0.015407999999999998,0.68,0.15408000000000002,0.0,1.5408,0.04
0.00015424000000000001,1.8800000000000001,0.00015424000000000001,1.92,0.015424,0.6,0.15424000000000002,0.04,1.5424000000000002,0.0
0.00015439999999999999,1.8800000000000001,0.00015439999999999999,1.8800000000000001,0.015439999999999995,0.56,0.1544,0.04,1.544,0.04
0.00015456,1.8800000000000001,0.00015456,1.8800000000000001,0.015455999999999998,0.52,0.15456,0.0,1.5455999999999999,0.0
0.00015471999999999998,1.92,0.00015471999999999998,1.8800000000000001,0.015472,0.44,0.15472,0.0,1.5472000000000001,0.0
0.00015488,1.92,0.00015488,1.8800000000000001,0.015487999999999995,0.44,0.15488000000000005,0.0,1.5488,0.0
0.00015503999999999998,1.8800000000000001,0.00015503999999999998,1.8800000000000001,0.015503999999999997,0.4,0.15504000000000004,0.0,1.5504000000000002,0.04
0.0001552,1.92,0.0001552,1.92,0.015519999999999999,0.32,0.15520000000000003,0.04,1.552,0.04
0.00015535999999999998,1.8800000000000001,0.00015535999999999998,1.92,0.015536000000000001,0.32,0.15536000000000003,0.04,1.5535999999999999,0.0
0.00015552,1.92,0.00015552,1.8800000000000001,0.015551999999999996,0.28,0.15552000000000002,0.0,1.5552000000000001,0.04
0.00015567999999999997,1.92,0.00015567999999999997,1.92,0.015567999999999999,0.28,0.15568,0.0,1.5568,0.0
0.00015584,1.92,0.00015584,1.92,0.015584,0.28,0.15584,0.0,1.5584000000000002,0.0
0.00015599999999999997,1.92,0.00015599999999999997,1.92,0.015599999999999996,0.24,0.156,0.0,1.56,0.0
0.00015616,1.92,0.00015616,1.92,0.015615999999999998,0.2,0.15616000000000005,0.0,1.5615999999999999,0.04
0.00015631999999999997,1.92,0.00015631999999999997,1.92,0.015632,0.2,0.15632000000000004,0.0,1.5632000000000001,0.0
0.00015648,1.92,0.00015648,1.92,0.015647999999999995,0.2,0.15648000000000004,0.04,1.5648,0.0
0.00015664000000000002,1.96,0.00015664000000000002,1.92,0.015663999999999997,0.16,0.15664000000000003,0.0,1.5664000000000002,0.0
0.0001568,1.92,0.0001568,1.92,0.01568,0.12,0.15680000000000002,0.0,1.568,0.04
0.00015696000000000002,1.92,0.00015696000000000002,1.92,0.015696,0.16,0.15696000000000002,0.0,1.5695999999999999,0.0
0.00015712,1.96,0.00015712,1.92,0.015711999999999997,0.12,0.15712,0.0,1.5712000000000002,0.0
0.00015728,1.96,0.00015728,1.92,0.015728,0.12,0.15728,0.0,1.5728,0.04
0.00015743999999999998,1.92,0.00015743999999999998,1.96,0.015744,0.12,0.15744,0.0,1.5744000000000002,0.0
0.0001576,1.96,0.0001576,1.96,0.015759999999999996,0.08,0.15760000000000005,0.0,1.576,0.04
0.00015775999999999998,1.96,0.00015775999999999998,1.96,0.015776,0.08,0.15776000000000004,0.0,1.5776,0.0
0.00015792,1.96,0.00015792,1.96,0.015792,0.08,0.15792000000000003,0.0,1.5792000000000002,0.0
0.00015807999999999998,1.92,0.00015807999999999998,1.96,0.015807999999999996,0.08,0.15808000000000003,0.0,1.5808,0.0
0.00015824,1.96,0.00015824,1.96,0.015823999999999998,0.08,0.15824000000000002,0.04,1.5824000000000003,0.0
0.00015839999999999997,1.96,0.00015839999999999997,1.96,0.01584,0.04,0.1584,0.0,1.584,0.04
0.00015856,1.96,0.00015856,1.96,0.015855999999999995,0.08,0.15856,0.0,1.5856,0.0
0.00015871999999999997,1.96,0.00015871999999999997,1.92,0.015871999999999997,0.04,0.15872,0.0,1.5872000000000002,0.0
0.00015888,2.0,0.00015888,1.96,0.015888,0.08,0.15888000000000005,0.04,1.5888,0.0
0.00015903999999999997,2.0,0.00015903999999999997,1.96,0.015904,0.04,0.15904000000000004,0.04,1.5904000000000003,0.0
0.0001592,1.96,0.0001592,1.92,0.015919999999999997,0.04,0.15920000000000004,0.0,1.592,0.0
0.00015936000000000002,1.96,0.00015936000000000002,2.0,0.015936,0.08,0.15936000000000003,0.0,1.5936,0.0
0.00015952,2.0,0.00015952,1.96,0.015952,0.04,0.15952000000000002,0.04,1.5952000000000002,0.04
0.00015968000000000002,1.96,0.00015968000000000002,1.96,0.015967999999999996,0.04,0.15968000000000002,0.0,1.5968,0.04
0.00015984,2.0,0.00015984,1.96,0.015983999999999998,0.04,0.15984,0.0,1.5984000000000003,0.0
