t_f_9901.2Hz,V1_f_9901.2Hz,t_f_990.1Hz,V1_f_990.1Hz,t_f_99.0Hz,V1_f_99.0Hz,t_f_9.9Hz,V1_f_9.9Hz,t_f_1.0Hz,V1_f_1.0Hz
-0.00016,1.94,-0.0016,2.02,-0.016,1.86,-0.016,3.66,-1.6,0.02
-0.00015984000000000001,1.94,-0.0015984,1.98,-0.015984,1.9000000000000001,-0.015984,3.66,-1.5984,-0.02
-0.00015968000000000002,1.94,-0.0015968,2.02,-0.015968,1.9000000000000001,-0.015968,3.66,-1.5968,0.02
-0.00015952000000000002,1.94,-0.0015952000000000002,1.98,-0.015952,1.9000000000000001,-0.015952,3.66,-1.5952000000000002,0.02
-0.00015936000000000002,1.94,-0.0015936000000000001,1.94,-0.015936,1.9000000000000001,-0.015936,3.66,-1.5936000000000001,0.02
-0.00015920000000000002,1.94,-0.001592,1.98,-0.01592,1.9000000000000001,-0.01592,3.66,-1.592,-0.02
-0.00015904000000000002,1.94,-0.0015904,2.02,-0.015904,1.9000000000000001,-0.015904,3.7,-1.5904,0.02
-0.00015888000000000002,1.94,-0.0015888,2.02,-0.015888,1.9000000000000001,-0.015888,3.66,-1.5888,-0.02
-0.00015872000000000003,1.98,-0.0015872,2.02,-0.015872,1.9000000000000001,-0.015872,3.66,-1.5872000000000002,-0.02
-0.00015856,1.94,-0.0015856000000000002,2.02,-0.015856000000000002,1.94,-0.015856000000000002,3.66,-1.5856000000000001,0.02
-0.0001584,1.98,-0.0015840000000000001,2.06,-0.01584,1.9000000000000001,-0.01584,3.66,-1.584,0.02
-0.00015824,1.94,-0.0015824,1.98,-0.015824,1.94,-0.015824,3.66,-1.5824,0.02
-0.00015808,1.98,-0.0015808,2.02,-0.015808,1.9000000000000001,-0.015808,3.66,-1.5808,0.02
-0.00015792,1.94,-0.0015792,2.02,-0.015792,1.9000000000000001,-0.015792,3.66,-1.5792000000000002,0.02
-0.00015776,1.98,-0.0015776000000000002,2.02,-0.015776000000000002,1.94,-0.015776000000000002,3.66,-1.5776000000000001,0.02
-0.0001576,1.98,-0.0015760000000000001,1.98,-0.01576,1.94,-0.01576,3.66,-1.576,0.02
-0.00015744,1.98,-0.0015744,1.98,-0.015744,1.94,-0.015744,3.66,-1.5744,0.06
-0.00015728,1.94,-0.0015728,1.98,-0.015728,1.94,-0.015728,3.7,-1.5728,0.02
-0.00015712000000000001,1.98,-0.0015712,2.02,-0.015712,1.94,-0.015712,3.62,-1.5712000000000002,0.02
-0.00015696000000000002,1.94,-0.0015696,2.02,-0.015696,1.94,-0.015696,3.66,-1.5696,-0.02
-0.00015680000000000002,1.94,-0.0015680000000000002,2.02,-0.01568,1.94,-0.01568,3.7,-1.568,0.02
-0.00015664000000000002,1.98,-0.0015664000000000001,2.02,-0.015664,1.98,-0.015664,3.7,-1.5664,0.02
-0.00015648000000000002,1.98,-0.0015648,1.98,-0.015648,1.94,-0.015648,3.66,-1.5648000000000002,-0.02
-0.00015632000000000002,1.98,-0.0015632,2.02,-0.015632,1.94,-0.015632,3.66,-1.5632000000000001,0.02
-0.00015616000000000002,1.98,-0.0015616,1.98,-0.015616,1.98,-0.015616,3.66,-1.5616,0.02
-0.00015600000000000002,1.94,-0.0015600000000000002,1.98,-0.015600000000000001,1.94,-0.015600000000000001,3.7,-1.56,0.02
-0.00015584000000000003,1.94,-0.0015584000000000001,1.98,-0.015584,1.94,-0.015584,3.7,-1.5584,0.02
-0.00015568,1.94,-0.0015568000000000001,2.02,-0.015568,1.98,-0.015568,3.7,-1.5568000000000002,0.02
-0.00015552,1.94,-0.0015552,1.98,-0.015552,1.94,-0.015552,3.7,-1.5552000000000001,0.02
-0.00015536,1.94,-0.0015536,2.02,-0.015536000000000001,1.98,-0.015536000000000001,3.66,-1.5536,0.06
-0.0001552,1.98,-0.001552,2.02,-0.01552,1.98,-0.01552,3.66,-1.552,0.02
-0.00015504,1.98,-0.0015504000000000002,2.02,-0.015504,2.02,-0.015504,3.7,-1.5504,0.06
-0.00015488,1.94,-0.0015488000000000001,1.98,-0.015488,1.94,-0.015488,3.7,-1.5488000000000002,0.02
-0.00015472,1.98,-0.0015472,2.02,-0.015472,2.02,-0.015472,3.7,-1.5472000000000001,-0.02
-0.00015456,1.98,-0.0015456,2.02,-0.015456000000000001,2.02,-0.015456000000000001,3.66,-1.5456,0.02
-0.0001544,1.94,-0.001544,1.98,-0.01544,2.02,-0.01544,3.7,-1.544,0.02
-0.00015424000000000001,1.94,-0.0015424,2.02,-0.015424,2.02,-0.015424,3.66,-1.5424,0.02
-0.00015408000000000002,1.94,-0.0015408000000000002,1.98,-0.015408,1.98,-0.015408,3.7,-1.5408000000000002,0.02
-0.00015392000000000002,1.94,-0.0015392000000000001,2.02,-0.015392000000000001,2.02,-0.015392000000000001,3.7,-1.5392000000000001,0.02
-0.00015376000000000002,1.94,-0.0015376,1.98,-0.015376,2.02,-0.015376,3.7,-1.5376,0.02
-0.00015360000000000002,1.98,-0.001536,2.02,-0.01536,2.02,-0.01536,3.7,-1.536,-0.02
-0.00015344000000000002,1.94,-0.0015344,2.02,-0.015344,2.06,-0.015344,3.7,-1.5344,-0.02
-0.00015328000000000002,1.98,-0.0015328000000000002,2.02,-0.015328,2.02,-0.015328,3.7,-1.5328000000000002,0.02
-0.00015312000000000002,1.94,-0.0015312000000000001,2.02,-0.015312000000000001,2.06,-0.015312000000000001,3.66,-1.5312000000000001,-0.02
-0.00015296,1.98,-0.0015296,2.02,-0.015296,2.02,-0.015296,3.7,-1.5296,0.02
-0.0001528,1.94,-0.001528,1.98,-0.01528,2.02,-0.01528,3.66,-1.528,0.02
-0.00015264,1.94,-0.0015264,2.02,-0.015264,2.02,-0.015264,3.66,-1.5264000000000002,0.02
-0.00015248,1.94,-0.0015248,1.98,-0.015248000000000001,2.02,-0.015248000000000001,3.66,-1.5248000000000002,0.06
-0.00015232,1.94,-0.0015232000000000002,2.02,-0.015232,2.02,-0.015232,3.66,-1.5232,-0.02
-0.00015216,1.94,-0.0015216000000000001,2.02,-0.015216,2.02,-0.015216,3.7,-1.5216,0.02
-0.000152,1.98,-0.00152,2.02,-0.0152,2.02,-0.0152,3.7,-1.52,0.02
-0.00015184,1.94,-0.0015184,2.02,-0.015184,2.06,-0.015184,3.7,-1.5184000000000002,0.02
-0.00015168,1.98,-0.0015168,2.02,-0.015168000000000001,2.02,-0.015168000000000001,3.7,-1.5168000000000001,0.02
-0.00015152,1.94,-0.0015152,2.02,-0.015152,2.06,-0.015152,3.7,-1.5152,0.02
-0.00015136000000000001,1.98,-0.0015136000000000001,2.02,-0.015136,2.06,-0.015136,3.7,-1.5136,0.02
-0.00015120000000000002,1.94,-0.001512,2.02,-0.01512,2.06,-0.01512,3.7,-1.512,0.02
-0.00015104000000000002,1.98,-0.0015104,2.02,-0.015104000000000001,2.1,-0.015104000000000001,3.7,-1.5104000000000002,0.02
-0.00015088000000000002,1.94,-0.0015088,2.02,-0.015088,2.06,-0.015088,3.7,-1.5088000000000001,0.02
-0.00015072000000000002,1.94,-0.0015072,2.02,-0.015072,2.06,-0.015072,3.7,-1.5072,0.06
-0.00015056000000000002,1.98,-0.0015056000000000002,2.02,-0.015056,2.06,-0.015056,3.7,-1.5056,-0.02
-0.00015040000000000002,1.98,-0.0015040000000000001,2.02,-0.015040000000000001,2.1,-0.015040000000000001,3.66,-1.504,0.02
-0.00015024000000000003,1.98,-0.0015024,2.02,-0.015024000000000001,2.06,-0.015024000000000001,3.7,-1.5024000000000002,-0.02
-0.00015008000000000003,1.98,-0.0015008,2.06,-0.015008,2.1,-0.015008,3.7,-1.5008000000000001,0.02
-0.00014992,1.94,-0.0014992,2.02,-0.014992,2.1,-0.014992,3.7,-1.4992,0.02
-0.00014976,1.98,-0.0014976,2.02,-0.014976,2.1,-0.014976,3.7,-1.4976,0.02
-0.0001496,1.98,-0.0014960000000000002,2.02,-0.014960000000000001,2.1,-0.014960000000000001,3.7,-1.496,0.02
-0.00014944,1.98,-0.0014944000000000001,2.02,-0.014944,2.1,-0.014944,3.74,-1.4944000000000002,0.02
-0.00014928,1.98,-0.0014928,2.02,-0.014928,2.1,-0.014928,3.7,-1.4928000000000001,0.02
-0.00014912,1.98,-0.0014912,1.98,-0.014912,2.1,-0.014912,3.7,-1.4912,0.02
-0.00014896,1.98,-0.0014896,2.02,-0.014896,2.1,-0.014896,3.7,-1.4896,0.02
-0.0001488,1.98,-0.0014880000000000002,2.02,-0.01488,2.1,-0.01488,3.66,-1.488,-0.02
-0.00014864,1.94,-0.0014864000000000001,2.02,-0.014864,2.1,-0.014864,3.66,-1.4864000000000002,0.02
-0.00014848000000000001,1.98,-0.0014848,2.02,-0.014848,2.1,-0.014848,3.7,-1.4848000000000001,0.02
-0.00014832000000000002,1.94,-0.0014832,1.98,-0.014832,2.1,-0.014832,3.7,-1.4832,0.02
-0.00014816000000000002,1.94,-0.0014816,1.98,-0.014816000000000001,2.1,-0.014816000000000001,3.7,-1.4816,0.02
-0.00014800000000000002,1.94,-0.00148,2.02,-0.0148,2.1,-0.0148,3.66,-1.48,0.02
-0.00014784000000000002,1.94,-0.0014784000000000002,2.02,-0.014784,2.14,-0.014784,3.7,-1.4784000000000002,0.02
-0.00014768000000000002,1.94,-0.0014768000000000001,1.98,-0.014768,2.14,-0.014768,3.74,-1.4768000000000001,-0.02
-0.00014752000000000002,1.98,-0.0014752,2.02,-0.014752000000000001,2.14,-0.014752000000000001,3.74,-1.4752,0.02
-0.00014736000000000003,1.98,-0.0014736,2.02,-0.014736,2.14,-0.014736,3.66,-1.4736,0.02
-0.0001472,1.94,-0.001472,2.02,-0.01472,2.14,-0.01472,3.66,-1.472,0.02
-0.00014704,1.98,-0.0014704000000000002,2.02,-0.014704,2.14,-0.014704,3.7,-1.4704000000000002,0.02
-0.00014688,1.94,-0.0014688000000000001,2.02,-0.014688,2.14,-0.014688,3.7,-1.4688,0.02
-0.00014672,1.94,-0.0014672,2.02,-0.014672000000000001,2.14,-0.014672000000000001,3.74,-1.4672,0.02
-0.00014656,1.98,-0.0014656,2.02,-0.014656,2.14,-0.014656,3.7,-1.4656,0.02
-0.0001464,1.98,-0.001464,2.02,-0.01464,2.14,-0.01464,3.7,-1.464,-0.02
-0.00014624,1.94,-0.0014624,2.02,-0.014624,2.18,-0.014624,3.66,-1.4624000000000001,0.02
-0.00014608,1.98,-0.0014608000000000002,2.02,-0.014608,2.18,-0.014608,3.7,-1.4608,0.02
-0.00014592,1.94,-0.0014592000000000001,2.02,-0.014592,2.14,-0.014592,3.74,-1.4592,0.02
-0.00014576000000000001,1.94,-0.0014576,2.06,-0.014576,2.14,-0.014576,3.7,-1.4576,-0.02
-0.00014560000000000002,1.94,-0.001456,2.02,-0.01456,2.14,-0.01456,3.7,-1.456,0.02
-0.00014544000000000002,1.94,-0.0014544,2.02,-0.014544000000000001,2.18,-0.014544000000000001,3.74,-1.4544000000000001,0.02
-0.00014528000000000002,1.98,-0.0014528000000000002,1.98,-0.014528000000000001,2.18,-0.014528000000000001,3.7,-1.4528,0.02
-0.00014512000000000002,1.98,-0.0014512000000000001,2.06,-0.014512,2.14,-0.014512,3.7,-1.4512,0.02
-0.00014496000000000002,1.98,-0.0014496,2.02,-0.014496,2.18,-0.014496,3.7,-1.4496,0.02
-0.00014480000000000002,1.98,-0.001448,2.02,-0.01448,2.18,-0.01448,3.7,-1.4480000000000002,-0.02
-0.00014464000000000002,1.98,-0.0014464,2.02,-0.014464000000000001,2.18,-0.014464000000000001,3.7,-1.4464000000000001,0.02
-0.00014448,1.94,-0.0014448,2.06,-0.014448,2.18,-0.014448,3.7,-1.4448,0.02
-0.00014432000000000003,1.94,-0.0014432000000000002,2.02,-0.014432,2.18,-0.014432,3.7,-1.4432,0.02
-0.00014416,1.94,-0.0014416000000000001,2.02,-0.014416,2.18,-0.014416,3.74,-1.4416,0.02
-0.000144,1.94,-0.00144,2.02,-0.0144,2.22,-0.0144,3.7,-1.4400000000000002,-0.02
-0.00014384,1.94,-0.0014384,2.06,-0.014384000000000001,2.22,-0.014384000000000001,3.66,-1.4384000000000001,0.02
-0.00014368,1.98,-0.0014368,2.06,-0.014368,2.22,-0.014368,3.74,-1.4368,0.02
-0.00014352,1.94,-0.0014352000000000002,2.02,-0.014352,2.18,-0.014352,3.74,-1.4352,0.02
-0.00014336,1.98,-0.0014336000000000002,2.02,-0.014336,2.22,-0.014336,3.7,-1.4336,0.02
-0.0001432,1.98,-0.0014320000000000001,2.02,-0.014320000000000001,2.22,-0.014320000000000001,3.7,-1.4320000000000002,0.02
-0.00014304,1.94,-0.0014304,2.02,-0.014304,2.18,-0.014304,3.7,-1.4304000000000001,0.02
-0.00014288000000000001,1.98,-0.0014288,2.02,-0.014288,2.22,-0.014288,3.74,-1.4288,-0.02
-0.00014272000000000002,1.94,-0.0014272,2.06,-0.014272,2.22,-0.014272,3.7,-1.4272,0.02
-0.00014256000000000002,1.94,-0.0014256000000000002,2.02,-0.014256000000000001,2.22,-0.014256000000000001,3.7,-1.4256000000000002,-0.02
-0.00014240000000000002,1.98,-0.0014240000000000001,2.06,-0.014240000000000001,2.22,-0.014240000000000001,3.74,-1.4240000000000002,0.02
-0.00014224000000000002,1.94,-0.0014224,2.02,-0.014224,2.22,-0.014224,3.7,-1.4224,-0.02
-0.00014208000000000002,1.94,-0.0014208,2.06,-0.014208,2.22,-0.014208,3.66,-1.4208,0.02
-0.00014192000000000002,1.98,-0.0014192,2.06,-0.014192,2.22,-0.014192,3.7,-1.4192,0.02
-0.00014176,1.98,-0.0014176000000000002,2.06,-0.014176000000000001,2.2600000000000002,-0.014176000000000001,3.74,-1.4176000000000002,0.02
-0.00014160000000000003,1.94,-0.0014160000000000002,2.02,-0.01416,2.2600000000000002,-0.01416,3.7,-1.4160000000000001,0.02
-0.00014144,1.94,-0.0014144000000000001,2.02,-0.014144,2.2600000000000002,-0.014144,3.7,-1.4144,0.02
-0.00014128,1.94,-0.0014128,2.02,-0.014128,2.2600000000000002,-0.014128,3.7,-1.4128,0.02
-0.00014112,1.94,-0.0014112,2.02,-0.014112,2.2600000000000002,-0.014112,3.7,-1.4112,0.02
-0.00014096,1.94,-0.0014096,2.06,-0.014096000000000001,2.2600000000000002,-0.014096000000000001,3.7,-1.4096000000000002,-0.02
-0.0001408,1.98,-0.001408,2.02,-0.01408,2.2600000000000002,-0.01408,3.7,-1.4080000000000001,0.02
-0.00014064,1.98,-0.0014064000000000001,2.02,-0.014064,2.2600000000000002,-0.014064,3.7,-1.4064,0.02
-0.00014048,1.98,-0.0014048,2.02,-0.014048,2.2600000000000002,-0.014048,3.74,-1.4048,0.02
-0.00014032,1.98,-0.0014032,2.06,-0.014032000000000001,2.2600000000000002,-0.014032000000000001,3.7,-1.4032,-0.02
-0.00014016,1.94,-0.0014016,2.06,-0.014016,2.2600000000000002,-0.014016,3.7,-1.4016000000000002,-0.02
-0.00014000000000000001,1.98,-0.0014000000000000002,2.02,-0.014,2.2600000000000002,-0.014,3.7,-1.4000000000000001,0.02
-0.00013984000000000002,1.94,-0.0013984000000000002,2.02,-0.013984,2.3000000000000003,-0.013984,3.7,-1.3984,0.02
-0.00013968000000000002,1.98,-0.0013968000000000001,2.02,-0.013968000000000001,2.2600000000000002,-0.013968000000000001,3.74,-1.3968,0.02
-0.00013952000000000002,1.94,-0.0013952,2.02,-0.013952,2.3000000000000003,-0.013952,3.74,-1.3952,0.02
-0.00013936000000000002,1.94,-0.0013936,2.02,-0.013936,2.2600000000000002,-0.013936,3.7,-1.3936000000000002,0.02
-0.00013920000000000002,1.94,-0.001392,2.06,-0.01392,2.2600000000000002,-0.01392,3.74,-1.3920000000000001,-0.02
-0.00013904000000000002,1.98,-0.0013904,2.02,-0.013904,2.2600000000000002,-0.013904,3.74,-1.3904,0.02
-0.00013888000000000003,1.94,-0.0013888000000000001,2.06,-0.013888000000000001,2.2600000000000002,-0.013888000000000001,3.74,-1.3888,0.02
-0.00013872,1.94,-0.0013872,2.06,-0.013872,2.3000000000000003,-0.013872,3.74,-1.3872,0.02
-0.00013856,1.94,-0.0013856,2.06,-0.013856,2.3000000000000003,-0.013856,3.7,-1.3856000000000002,0.06
-0.0001384,2.02,-0.001384,2.02,-0.01384,2.3000000000000003,-0.01384,3.74,-1.3840000000000001,0.02
-0.00013824,2.02,-0.0013824000000000002,2.06,-0.013824,2.3000000000000003,-0.013824,3.74,-1.3824,0.02
-0.00013808,1.98,-0.0013808000000000002,2.02,-0.013808,2.2600000000000002,-0.013808,3.74,-1.3808,0.02
-0.00013792,1.98,-0.0013792000000000001,2.06,-0.013792,2.3000000000000003,-0.013792,3.74,-1.3792,0.02
-0.00013776,2.02,-0.0013776,2.02,-0.013776,2.34,-0.013776,3.74,-1.3776000000000002,0.02
-0.0001376,2.02,-0.001376,2.1,-0.013760000000000001,2.3000000000000003,-0.013760000000000001,3.74,-1.3760000000000001,0.02
-0.00013744,2.02,-0.0013744,2.06,-0.013744000000000001,2.3000000000000003,-0.013744000000000001,3.7,-1.3744,0.02
-0.00013728000000000001,1.98,-0.0013728,2.06,-0.013728,2.34,-0.013728,3.74,-1.3728,0.02
-0.00013712000000000002,2.02,-0.0013712000000000002,2.06,-0.013712,2.34,-0.013712,3.74,-1.3712,0.02
-0.00013696000000000002,1.98,-0.0013696000000000001,2.06,-0.013696,2.3000000000000003,-0.013696,3.74,-1.3696000000000002,0.02
-0.00013680000000000002,2.02,-0.001368,2.06,-0.013680000000000001,2.34,-0.013680000000000001,3.74,-1.368,0.02
-0.00013664000000000002,1.98,-0.0013664,2.02,-0.013664,2.3000000000000003,-0.013664,3.7,-1.3664,0.02
-0.00013648000000000002,1.98,-0.0013648,2.06,-0.013648,2.34,-0.013648,3.74,-1.3648,0.02
-0.00013632000000000002,2.02,-0.0013632000000000002,2.06,-0.013632,2.3000000000000003,-0.013632,3.7,-1.3632,0.02
-0.00013616000000000002,2.02,-0.0013616000000000001,2.06,-0.013616,2.34,-0.013616,3.7,-1.3616000000000001,0.02
-0.000136,2.02,-0.00136,2.02,-0.013600000000000001,2.34,-0.013600000000000001,3.7,-1.36,-0.02
-0.00013584000000000003,2.02,-0.0013584,2.06,-0.013584,2.34,-0.013584,3.7,-1.3584,0.02
-0.00013568,2.02,-0.0013568,2.06,-0.013568,2.38,-0.013568,3.74,-1.3568,0.02
-0.00013552,1.98,-0.0013552,2.06,-0.013552,2.34,-0.013552,3.7,-1.3552,0.02
-0.00013536,1.98,-0.0013536000000000002,2.06,-0.013536,2.34,-0.013536,3.7,-1.3536000000000001,-0.02
-0.0001352,1.98,-0.0013520000000000001,2.06,-0.01352,2.34,-0.01352,3.74,-1.352,-0.02
-0.00013504,1.98,-0.0013504,2.06,-0.013504,2.34,-0.013504,3.7,-1.3504,0.06
-0.00013488,1.98,-0.0013488,2.06,-0.013488,2.34,-0.013488,3.74,-1.3488,0.02
-0.00013472,1.98,-0.0013472000000000002,2.06,-0.013472000000000001,2.34,-0.013472000000000001,3.74,-1.3472,0.02
-0.00013456,1.98,-0.0013456000000000002,2.06,-0.013456000000000001,2.34,-0.013456000000000001,3.7,-1.3456000000000001,-0.02
-0.00013440000000000001,1.98,-0.0013440000000000001,2.06,-0.01344,2.34,-0.01344,3.7,-1.344,0.02
-0.00013424000000000002,2.02,-0.0013424,2.02,-0.013424,2.34,-0.013424,3.7,-1.3424,0.02
-0.00013408000000000002,1.98,-0.0013408,2.02,-0.013408,2.38,-0.013408,3.74,-1.3408000000000002,-0.02
-0.00013392000000000002,2.02,-0.0013392,2.06,-0.013392000000000001,2.38,-0.013392000000000001,3.74,-1.3392,0.02
-0.00013376000000000002,2.02,-0.0013376,2.06,-0.013376,2.34,-0.013376,3.74,-1.3376000000000001,0.02
-0.00013360000000000002,2.06,-0.0013360000000000002,2.06,-0.01336,2.34,-0.01336,3.74,-1.336,-0.02
-0.00013344000000000002,2.02,-0.0013344000000000001,2.06,-0.013344,2.34,-0.013344,3.74,-1.3344,-0.02
-0.00013328,2.02,-0.0013328,2.06,-0.013328,2.38,-0.013328,3.74,-1.3328000000000002,0.02
-0.00013312000000000003,2.02,-0.0013312,2.06,-0.013312000000000001,2.38,-0.013312000000000001,3.74,-1.3312,-0.02
-0.00013296,1.98,-0.0013296,2.06,-0.013296,2.34,-0.013296,3.7,-1.3296000000000001,0.02
-0.0001328,1.98,-0.0013280000000000002,2.06,-0.01328,2.38,-0.01328,3.74,-1.328,0.02
-0.00013264,2.02,-0.0013264000000000001,2.1,-0.013264000000000001,2.38,-0.013264000000000001,3.74,-1.3264,0.02
-0.00013248,1.98,-0.0013248000000000001,2.06,-0.013248000000000001,2.38,-0.013248000000000001,3.74,-1.3248000000000002,0.02
-0.00013232,2.02,-0.0013232,2.02,-0.013232,2.38,-0.013232,3.74,-1.3232000000000002,-0.02
-0.00013216,2.02,-0.0013216,2.06,-0.013216,2.38,-0.013216,3.74,-1.3216,0.06
-0.000132,2.02,-0.00132,2.06,-0.0132,2.38,-0.0132,3.74,-1.32,0.06
-0.00013184,2.02,-0.0013184,2.02,-0.013184000000000001,2.38,-0.013184000000000001,3.74,-1.3184,0.02
-0.00013168,2.06,-0.0013168000000000001,2.06,-0.013168000000000001,2.38,-0.013168000000000001,3.74,-1.3168000000000002,0.02
-0.00013152000000000001,1.98,-0.0013152,2.06,-0.013152,2.38,-0.013152,3.74,-1.3152000000000001,0.02
-0.00013136000000000002,2.02,-0.0013136,2.1,-0.013136,2.42,-0.013136,3.74,-1.3136,0.02
-0.00013120000000000002,2.02,-0.001312,2.06,-0.01312,2.42,-0.01312,3.74,-1.312,-0.02
-0.00013104000000000002,2.02,-0.0013104000000000002,2.06,-0.013104000000000001,2.42,-0.013104000000000001,3.74,-1.3104,0.02
-0.00013088000000000002,2.02,-0.0013088000000000002,2.06,-0.013088,2.42,-0.013088,3.74,-1.3088000000000002,0.02
-0.00013072000000000002,2.02,-0.0013072000000000001,2.06,-0.013072,2.42,-0.013072,3.74,-1.3072000000000001,0.02
-0.00013056000000000002,1.98,-0.0013056,2.06,-0.013056,2.42,-0.013056,3.74,-1.3056,-0.02
-0.00013040000000000003,2.02,-0.001304,2.06,-0.01304,2.42,-0.01304,3.7,-1.304,0.02
-0.00013024,1.98,-0.0013024,2.06,-0.013024,2.42,-0.013024,3.74,-1.3024,0.02
-0.00013008,2.02,-0.0013008,2.06,-0.013008,2.42,-0.013008,3.7800000000000002,-1.3008000000000002,0.02
-0.00012992,2.02,-0.0012992000000000001,2.06,-0.012992,2.42,-0.012992,3.74,-1.2992000000000001,0.06
-0.00012976,1.98,-0.0012976,2.06,-0.012976000000000001,2.46,-0.012976000000000001,3.74,-1.2976,0.02
-0.0001296,2.02,-0.001296,2.02,-0.012960000000000001,2.46,-0.012960000000000001,3.74,-1.296,0.14
-0.00012944,2.02,-0.0012944,2.06,-0.012944,2.42,-0.012944,3.74,-1.2944,0.7000000000000001
-0.00012928,1.98,-0.0012928000000000002,2.06,-0.012928,2.46,-0.012928,3.74,-1.2928000000000002,1.18
-0.00012912,2.06,-0.0012912000000000002,2.1,-0.012912,2.42,-0.012912,3.74,-1.2912000000000001,1.62
-0.00012896,2.02,-0.0012896000000000001,2.02,-0.012896000000000001,2.42,-0.012896000000000001,3.74,-1.2896,1.98
-0.00012880000000000001,1.98,-0.001288,2.06,-0.01288,2.46,-0.01288,3.7800000000000002,-1.288,2.3000000000000003
-0.00012864000000000002,1.98,-0.0012864,2.06,-0.012864,2.46,-0.012864,3.74,-1.2864,2.54
-0.00012848000000000002,2.02,-0.0012848,2.06,-0.012848,2.5,-0.012848,3.74,-1.2848000000000002,2.74
-0.00012832000000000002,1.94,-0.0012832,2.06,-0.012832,2.46,-0.012832,3.74,-1.2832000000000001,2.94
-0.00012816000000000002,1.98,-0.0012816000000000001,2.06,-0.012816000000000001,2.46,-0.012816000000000001,3.74,-1.2816,3.1
-0.00012800000000000002,2.02,-0.00128,2.06,-0.0128,2.46,-0.0128,3.74,-1.28,3.22
-0.00012784,2.02,-0.0012784,2.06,-0.012784,2.46,-0.012784,3.7800000000000002,-1.2784,3.3000000000000003
-0.00012768000000000002,2.02,-0.0012768,2.06,-0.012768,2.46,-0.012768,3.74,-1.2768000000000002,3.38
-0.00012752,2.02,-0.0012752000000000002,2.06,-0.012752,2.46,-0.012752,3.74,-1.2752000000000001,3.5
-0.00012736000000000003,2.02,-0.0012736000000000002,2.06,-0.012736,2.46,-0.012736,3.74,-1.2736,3.54
-0.0001272,2.02,-0.0012720000000000001,2.06,-0.01272,2.46,-0.01272,3.74,-1.272,3.62
-0.00012704,1.98,-0.0012704,2.06,-0.012704,2.46,-0.012704,3.74,-1.2704,3.66
-0.00012688,2.02,-0.0012688,2.02,-0.012688000000000001,2.5,-0.012688000000000001,3.74,-1.2688000000000001,3.7
-0.00012672,1.98,-0.0012672,2.02,-0.012672000000000001,2.5,-0.012672000000000001,3.74,-1.2672,3.74
-0.00012656,2.02,-0.0012656,2.02,-0.012656,2.5,-0.012656,3.74,-1.2656,3.7800000000000002
-0.0001264,2.02,-0.0012640000000000001,2.06,-0.01264,2.5,-0.01264,3.74,-1.264,3.7800000000000002
-0.00012624,2.02,-0.0012624000000000001,2.02,-0.012624,2.46,-0.012624,3.74,-1.2624,3.8200000000000003
-0.00012608,2.02,-0.0012608,2.02,-0.012608000000000001,2.5,-0.012608000000000001,3.74,-1.2608000000000001,3.86
-0.00012592000000000001,2.02,-0.0012592,2.02,-0.012592,2.46,-0.012592,3.74,-1.2592,3.9
-0.00012576000000000002,1.98,-0.0012576000000000002,2.02,-0.012576,2.5,-0.012576,3.74,-1.2576,3.86
-0.00012560000000000002,1.98,-0.0012560000000000002,2.02,-0.01256,2.5,-0.01256,3.74,-1.256,3.9
-0.00012544000000000002,1.98,-0.0012544000000000001,1.98,-0.012544,2.5,-0.012544,3.7,-1.2544,3.94
-0.00012528000000000002,1.98,-0.0012528,2.02,-0.012528000000000001,2.5,-0.012528000000000001,3.7800000000000002,-1.2528000000000001,3.94
-0.00012512000000000002,2.02,-0.0012512,2.02,-0.012512,2.5,-0.012512,3.7800000000000002,-1.2512,3.9
-0.00012496000000000002,2.02,-0.0012496,2.02,-0.012496,2.5,-0.012496,3.74,-1.2496,3.94
-0.0001248,2.02,-0.001248,2.02,-0.012480000000000002,2.42,-0.012480000000000002,3.74,-1.248,3.9
-0.00012464000000000003,2.02,-0.0012464000000000002,2.02,-0.012464000000000001,2.46,-0.012464000000000001,3.7800000000000002,-1.2464,3.94
-0.00012448,2.02,-0.0012448000000000001,2.02,-0.012448,2.46,-0.012448,3.74,-1.2448000000000001,3.94
-0.00012432,2.02,-0.0012432,2.02,-0.012432,2.46,-0.012432,3.74,-1.2432,3.98
-0.00012416,1.98,-0.0012416,2.02,-0.012416,2.46,-0.012416,3.74,-1.2416,3.94
-0.000124,1.98,-0.0012400000000000002,2.02,-0.012400000000000001,2.46,-0.012400000000000001,3.7800000000000002,-1.24,3.94
-0.00012384,1.98,-0.0012384000000000002,2.02,-0.012384000000000001,2.46,-0.012384000000000001,3.74,-1.2384,3.94
-0.00012368,1.98,-0.0012368000000000001,1.98,-0.012368,2.46,-0.012368,3.74,-1.2368000000000001,3.94
-0.00012352,2.02,-0.0012352,2.02,-0.012352,2.46,-0.012352,3.7800000000000002,-1.2352,3.94
-0.00012336,2.02,-0.0012336,1.98,-0.012336,2.42,-0.012336,3.74,-1.2336,3.94
-0.0001232,1.98,-0.001232,2.02,-0.012320000000000001,2.42,-0.012320000000000001,3.7800000000000002,-1.2320000000000002,3.94
-0.00012304000000000001,2.02,-0.0012304,2.02,-0.012304,2.42,-0.012304,3.74,-1.2304,3.98
-0.00012288000000000002,2.02,-0.0012288000000000002,2.02,-0.012288,2.42,-0.012288,3.7800000000000002,-1.2288000000000001,3.94
-0.00012272000000000002,1.98,-0.0012272000000000001,2.02,-0.012272,2.42,-0.012272,3.74,-1.2272,3.98
-0.00012256000000000002,1.98,-0.0012256,2.02,-0.012256,2.38,-0.012256,3.7800000000000002,-1.2256,3.98
-0.00012240000000000002,2.02,-0.001224,1.98,-0.012240000000000001,2.42,-0.012240000000000001,3.74,-1.2240000000000002,3.94
-0.00012224000000000002,1.98,-0.0012224000000000002,1.98,-0.012224,2.42,-0.012224,3.7800000000000002,-1.2224000000000002,3.94
-0.00012208,2.02,-0.0012208000000000002,2.02,-0.012208,2.38,-0.012208,3.74,-1.2208,3.94
-0.00012192000000000001,2.02,-0.0012192000000000001,2.02,-0.012192000000000001,2.38,-0.012192000000000001,3.74,-1.2192,3.94
-0.00012176000000000001,1.98,-0.0012176,2.02,-0.012176000000000001,2.38,-0.012176000000000001,3.74,-1.2176,3.94
-0.00012160000000000001,2.02,-0.001216,2.02,-0.01216,2.38,-0.01216,3.74,-1.2160000000000002,3.94
-0.00012144,1.98,-0.0012144,2.02,-0.012144,2.38,-0.012144,3.7800000000000002,-1.2144000000000001,3.98
-0.00012128,1.98,-0.0012128,2.02,-0.012128,2.38,-0.012128,3.74,-1.2128,3.94
-0.00012112,1.98,-0.0012112000000000002,1.98,-0.012112000000000001,2.34,-0.012112000000000001,3.7800000000000002,-1.2112,3.94
-0.00012096000000000001,1.98,-0.0012096000000000001,1.98,-0.012096,2.34,-0.012096,3.74,-1.2096,3.94
-0.00012080000000000001,2.02,-0.001208,2.02,-0.01208,2.34,-0.01208,3.74,-1.2080000000000002,3.94
-0.00012064000000000001,2.02,-0.0012064,1.98,-0.012064000000000002,2.34,-0.012064000000000002,3.74,-1.2064000000000001,3.98
-0.00012048000000000001,2.02,-0.0012048000000000002,2.02,-0.012048,2.34,-0.012048,3.74,-1.2048,3.98
-0.00012032000000000001,2.02,-0.0012032000000000002,1.98,-0.012032000000000001,2.34,-0.012032000000000001,3.7800000000000002,-1.2032,3.98
-0.00012016000000000002,2.02,-0.0012016000000000002,2.02,-0.012016,2.34,-0.012016,3.74,-1.2016,3.98
-0.00012000000000000002,1.98,-0.0012000000000000001,1.98,-0.012,2.34,-0.012,3.74,-1.2000000000000002,3.98
-0.00011984000000000002,2.02,-0.0011984,1.98,-0.011984000000000002,2.34,-0.011984000000000002,3.74,-1.1984000000000001,3.94
-0.00011968000000000002,1.98,-0.0011968,2.02,-0.011968,2.34,-0.011968,3.7800000000000002,-1.1968,3.98
-0.00011952000000000002,1.98,-0.0011952,1.98,-0.011952,2.34,-0.011952,3.7800000000000002,-1.1952,3.98
-0.00011936000000000001,2.02,-0.0011936000000000002,1.98,-0.011936,2.34,-0.011936,3.7800000000000002,-1.1936,3.94
-0.00011920000000000001,1.98,-0.0011920000000000001,1.98,-0.01192,2.34,-0.01192,3.7800000000000002,-1.1920000000000002,3.98
-0.00011904000000000001,1.98,-0.0011904,1.98,-0.011904000000000001,2.3000000000000003,-0.011904000000000001,3.74,-1.1904000000000001,4.0200000000000005
-0.00011888000000000001,1.98,-0.0011888,1.98,-0.011888,2.3000000000000003,-0.011888,3.74,-1.1888,3.98
-0.00011872000000000002,2.02,-0.0011872,1.98,-0.011872,2.3000000000000003,-0.011872,3.7800000000000002,-1.1872,3.94
-0.00011856,1.98,-0.0011856000000000002,1.98,-0.011856,2.3000000000000003,-0.011856,3.74,-1.1856,3.98
-0.0001184,2.02,-0.0011840000000000002,1.98,-0.01184,2.3000000000000003,-0.01184,3.74,-1.1840000000000002,3.94
-0.00011824,2.02,-0.0011824000000000001,1.98,-0.011824000000000001,2.3000000000000003,-0.011824000000000001,3.74,-1.1824000000000001,3.94
-0.00011808000000000001,1.98,-0.0011808,1.98,-0.011808,2.3000000000000003,-0.011808,3.74,-1.1808,3.94
-0.00011792000000000001,2.02,-0.0011792,2.02,-0.011792,2.3000000000000003,-0.011792,3.74,-1.1792,3.98
-0.00011776000000000001,2.02,-0.0011776,2.02,-0.011776000000000002,2.2600000000000002,-0.011776000000000002,3.74,-1.1776,3.98
-0.00011760000000000001,1.98,-0.001176,1.98,-0.01176,2.3000000000000003,-0.01176,3.7800000000000002,-1.1760000000000002,3.98
-0.00011744000000000001,1.98,-0.0011744000000000001,1.98,-0.011744000000000001,2.2600000000000002,-0.011744000000000001,3.7800000000000002,-1.1744,3.98
-0.00011728000000000002,1.98,-0.0011728,2.02,-0.011728,2.3000000000000003,-0.011728,3.7800000000000002,-1.1728,3.98
-0.00011712000000000002,1.98,-0.0011712,2.02,-0.011712,2.2600000000000002,-0.011712,3.7800000000000002,-1.1712,3.98
-0.00011696000000000002,1.98,-0.0011696,2.02,-0.011696000000000002,2.2600000000000002,-0.011696000000000002,3.74,-1.1696,3.98
-0.00011680000000000002,2.02,-0.0011680000000000002,1.98,-0.01168,2.2600000000000002,-0.01168,3.7800000000000002,-1.1680000000000001,3.94
-0.00011664000000000002,2.02,-0.0011664000000000002,2.02,-0.011664,2.2600000000000002,-0.011664,3.74,-1.1664,3.94
-0.00011648000000000001,2.02,-0.0011648000000000001,1.98,-0.011648,2.2600000000000002,-0.011648,3.7800000000000002,-1.1648,3.98
-0.00011632000000000001,2.02,-0.0011632,1.98,-0.011632,2.2600000000000002,-0.011632,3.7800000000000002,-1.1632,3.98
-0.00011616000000000001,2.02,-0.0011616,1.98,-0.011616000000000001,2.2600000000000002,-0.011616000000000001,3.7800000000000002,-1.1616,3.98
-0.00011600000000000001,2.02,-0.00116,1.98,-0.011600000000000001,2.2600000000000002,-0.011600000000000001,3.74,-1.1600000000000001,3.98
-0.00011584,2.02,-0.0011584,1.98,-0.011584,2.2600000000000002,-0.011584,3.7800000000000002,-1.1584,3.98
-0.00011568,2.02,-0.0011568000000000001,1.98,-0.011568,2.22,-0.011568,3.7800000000000002,-1.1568,3.94
-0.00011552,1.98,-0.0011552,2.02,-0.011552,2.22,-0.011552,3.7800000000000002,-1.1552,3.94
-0.00011536000000000001,1.98,-0.0011536,1.98,-0.011536000000000001,2.22,-0.011536000000000001,3.7800000000000002,-1.1536,3.98
-0.00011520000000000001,2.02,-0.001152,1.98,-0.01152,2.22,-0.01152,3.7800000000000002,-1.1520000000000001,3.94
-0.00011504000000000001,2.02,-0.0011504000000000002,1.98,-0.011504,2.22,-0.011504,3.7800000000000002,-1.1504,3.98
-0.00011488000000000001,2.02,-0.0011488000000000002,2.02,-0.011488000000000002,2.22,-0.011488000000000002,3.7800000000000002,-1.1488,3.98
-0.00011472000000000001,2.02,-0.0011472000000000001,1.98,-0.011472,2.18,-0.011472,3.7800000000000002,-1.1472,3.98
-0.00011456000000000001,2.02,-0.0011456,1.98,-0.011456000000000001,2.22,-0.011456000000000001,3.7800000000000002,-1.1456,3.94
-0.00011440000000000002,2.02,-0.001144,1.98,-0.01144,2.18,-0.01144,3.7800000000000002,-1.1440000000000001,3.94
-0.00011424000000000002,2.02,-0.0011424,1.98,-0.011424,2.22,-0.011424,3.7800000000000002,-1.1424,3.98
-0.00011408000000000002,1.98,-0.0011408,1.98,-0.011408000000000001,2.18,-0.011408000000000001,3.7800000000000002,-1.1408,3.98
-0.00011392000000000002,2.02,-0.0011392000000000002,1.98,-0.011392,2.18,-0.011392,3.7800000000000002,-1.1392,3.98
-0.00011376000000000002,2.02,-0.0011376000000000001,2.02,-0.011376,2.18,-0.011376,3.7800000000000002,-1.1376,3.94
-0.00011360000000000001,2.02,-0.001136,1.98,-0.01136,2.18,-0.01136,3.74,-1.1360000000000001,3.98
-0.00011344000000000001,2.02,-0.0011344,1.98,-0.011344,2.22,-0.011344,3.7800000000000002,-1.1344,3.98
-0.00011328000000000001,2.06,-0.0011328000000000002,1.98,-0.011328000000000001,2.18,-0.011328000000000001,3.7800000000000002,-1.1328,3.94
-0.00011312000000000001,2.02,-0.0011312000000000002,2.02,-0.011312000000000001,2.22,-0.011312000000000001,3.8200000000000003,-1.1312,3.98
-0.00011296,2.02,-0.0011296000000000001,1.98,-0.011296,2.18,-0.011296,3.7800000000000002,-1.1296,3.94
-0.0001128,1.98,-0.001128,1.98,-0.011280000000000002,2.18,-0.011280000000000002,3.7800000000000002,-1.1280000000000001,3.98
-0.00011264,1.98,-0.0011264,2.02,-0.011264,2.18,-0.011264,3.7800000000000002,-1.1264,3.98
-0.00011248000000000001,2.02,-0.0011248,2.02,-0.011248000000000001,2.18,-0.011248000000000001,3.74,-1.1248,3.98
-0.00011232000000000001,2.02,-0.0011232,1.98,-0.011232,2.18,-0.011232,3.7800000000000002,-1.1232000000000002,3.98
-0.00011216000000000001,2.02,-0.0011216000000000002,1.98,-0.011216,2.14,-0.011216,3.7800000000000002,-1.1216,3.98
-0.00011200000000000001,2.02,-0.0011200000000000001,1.94,-0.011200000000000002,2.14,-0.011200000000000002,3.8200000000000003,-1.12,3.98
-0.00011184000000000001,2.02,-0.0011184,1.98,-0.011184,2.18,-0.011184,3.74,-1.1184,3.98
-0.00011168000000000001,2.02,-0.0011168,1.98,-0.011168,2.14,-0.011168,3.7800000000000002,-1.1168,3.98
-0.00011152000000000002,2.02,-0.0011152000000000002,1.98,-0.011152,2.14,-0.011152,3.7800000000000002,-1.1152000000000002,3.98
-0.00011136000000000002,1.98,-0.0011136000000000002,1.98,-0.011136,2.14,-0.011136,3.7800000000000002,-1.1136000000000001,3.98
-0.00011120000000000002,2.02,-0.0011120000000000001,1.98,-0.011120000000000001,2.14,-0.011120000000000001,3.7800000000000002,-1.112,3.94
-0.00011104000000000002,2.02,-0.0011104,1.98,-0.011104,2.1,-0.011104,3.8200000000000003,-1.1104,3.98
-0.00011088000000000001,2.02,-0.0011088,2.02,-0.011088,2.14,-0.011088,3.7800000000000002,-1.1088,3.98
-0.00011072000000000001,2.02,-0.0011072,2.02,-0.011072,2.14,-0.011072,3.7800000000000002,-1.1072000000000002,3.98
-0.00011056000000000001,2.02,-0.0011056,1.98,-0.011056,2.14,-0.011056,3.7800000000000002,-1.1056000000000001,3.98
-0.00011040000000000001,2.02,-0.001104,1.98,-0.011040000000000001,2.14,-0.011040000000000001,3.7800000000000002,-1.104,3.94
-0.00011024000000000002,1.98,-0.0011024000000000001,1.94,-0.011024,2.1,-0.011024,3.7800000000000002,-1.1024,3.98
-0.00011008,2.02,-0.0011008,1.98,-0.011008,2.1,-0.011008,3.7800000000000002,-1.1008,3.98
-0.00010992,1.98,-0.0010992,1.98,-0.010992000000000002,2.1,-0.010992000000000002,3.7800000000000002,-1.0992000000000002,3.94
-0.00010976,2.02,-0.0010976000000000002,1.94,-0.010976,2.14,-0.010976,3.7800000000000002,-1.0976,3.94
-0.00010960000000000001,2.02,-0.0010960000000000002,1.98,-0.010960000000000001,2.1,-0.010960000000000001,3.74,-1.096,3.98
-0.00010944000000000001,2.02,-0.0010944000000000001,1.98,-0.010944,2.1,-0.010944,3.7800000000000002,-1.0944,3.94
-0.00010928000000000001,2.02,-0.0010928,1.98,-0.010928,2.1,-0.010928,3.7800000000000002,-1.0928,3.94
-0.00010912000000000001,2.02,-0.0010912,1.98,-0.010912000000000002,2.1,-0.010912000000000002,3.8200000000000003,-1.0912000000000002,3.98
-0.00010896000000000001,2.02,-0.0010896,1.98,-0.010896,2.1,-0.010896,3.7800000000000002,-1.0896,3.98
-0.00010880000000000002,2.02,-0.001088,1.98,-0.01088,2.1,-0.01088,3.7800000000000002,-1.088,3.98
-0.00010864000000000002,1.98,-0.0010864,1.98,-0.010864,2.1,-0.010864,3.8200000000000003,-1.0864,3.98
-0.00010848000000000002,1.98,-0.0010848000000000001,1.98,-0.010848,2.06,-0.010848,3.7800000000000002,-1.0848,3.98
-0.00010832000000000002,1.98,-0.0010832,1.94,-0.010832000000000001,2.1,-0.010832000000000001,3.7800000000000002,-1.0832000000000002,3.98
-0.00010816000000000002,2.02,-0.0010816,1.98,-0.010816000000000001,2.06,-0.010816000000000001,3.8200000000000003,-1.0816000000000001,3.98
-0.00010800000000000001,2.02,-0.0010800000000000002,1.98,-0.0108,2.06,-0.0108,3.7800000000000002,-1.08,3.94
-0.00010784000000000001,1.98,-0.0010784000000000002,1.98,-0.010784,2.1,-0.010784,3.8200000000000003,-1.0784,3.98
-0.00010768000000000001,1.98,-0.0010768000000000002,1.98,-0.010768,2.06,-0.010768,3.7800000000000002,-1.0768,3.94
-0.00010752000000000001,2.02,-0.0010752000000000001,1.94,-0.010752000000000001,2.06,-0.010752000000000001,3.7800000000000002,-1.0752000000000002,3.94
-0.00010736,2.02,-0.0010736,1.98,-0.010736,2.06,-0.010736,3.7800000000000002,-1.0736,3.94
-0.0001072,2.02,-0.001072,1.94,-0.01072,2.06,-0.01072,3.7800000000000002,-1.072,3.98
-0.00010704,2.02,-0.0010704,1.98,-0.010704000000000002,2.06,-0.010704000000000002,3.8200000000000003,-1.0704,3.94
-0.00010688,2.02,-0.0010688,1.98,-0.010688,2.06,-0.010688,3.8200000000000003,-1.0688,3.98
-0.00010672000000000001,2.02,-0.0010672000000000001,1.98,-0.010672000000000001,2.06,-0.010672000000000001,3.74,-1.0672000000000001,3.98
-0.00010656000000000001,2.02,-0.0010656,1.98,-0.010656,2.06,-0.010656,3.8200000000000003,-1.0656,3.94
-0.00010640000000000001,2.02,-0.001064,1.98,-0.01064,2.02,-0.01064,3.7800000000000002,-1.064,3.98
-0.00010624000000000001,2.02,-0.0010624000000000002,1.94,-0.010624000000000001,2.02,-0.010624000000000001,3.7800000000000002,-1.0624,3.94
-0.00010608000000000001,1.98,-0.0010608000000000002,2.02,-0.010608,2.06,-0.010608,3.8200000000000003,-1.0608,3.98
-0.00010592000000000002,1.98,-0.0010592000000000002,1.98,-0.010592,2.02,-0.010592,3.7800000000000002,-1.0592000000000001,3.98
-0.00010576000000000002,1.98,-0.0010576000000000001,2.02,-0.010576,1.98,-0.010576,3.7800000000000002,-1.0576,3.98
-0.00010560000000000002,2.02,-0.001056,1.98,-0.01056,2.02,-0.01056,3.7800000000000002,-1.056,3.98
-0.00010544000000000002,2.02,-0.0010544,2.02,-0.010544000000000001,2.02,-0.010544000000000001,3.8200000000000003,-1.0544000000000002,3.94
-0.00010528000000000002,2.02,-0.0010528,1.98,-0.010528000000000001,2.02,-0.010528000000000001,3.7800000000000002,-1.0528,3.94
-0.00010512000000000001,2.02,-0.0010512,1.94,-0.010512,2.02,-0.010512,3.7800000000000002,-1.0512000000000001,3.94
-0.00010496000000000001,2.06,-0.0010496000000000001,1.98,-0.010496000000000002,2.02,-0.010496000000000002,3.7800000000000002,-1.0496,3.98
-0.00010480000000000001,2.02,-0.001048,1.98,-0.01048,2.02,-0.01048,3.7800000000000002,-1.048,3.94
-0.00010464000000000001,2.02,-0.0010464,1.98,-0.010464000000000001,2.02,-0.010464000000000001,3.7800000000000002,-1.0464000000000002,3.94
-0.00010448,2.02,-0.0010448000000000002,1.94,-0.010448,1.98,-0.010448,3.8200000000000003,-1.0448,3.98
-0.00010432,2.02,-0.0010432000000000002,1.98,-0.010432,1.98,-0.010432,3.7800000000000002,-1.0432000000000001,3.98
-0.00010416,2.02,-0.0010416000000000002,1.94,-0.010416000000000002,1.98,-0.010416000000000002,3.7800000000000002,-1.0416,3.94
-0.00010400000000000001,2.02,-0.0010400000000000001,1.94,-0.0104,2.02,-0.0104,3.7800000000000002,-1.04,3.94
-0.00010384000000000001,1.98,-0.0010384,1.94,-0.010384000000000001,1.98,-0.010384000000000001,3.8200000000000003,-1.0384000000000002,3.98
-0.00010368000000000001,1.98,-0.0010368,1.94,-0.010368,1.98,-0.010368,3.7800000000000002,-1.0368,3.94
-0.00010352000000000001,2.02,-0.0010352,1.98,-0.010352,1.98,-0.010352,3.8200000000000003,-1.0352000000000001,3.98
-0.00010336000000000001,1.98,-0.0010336,1.98,-0.010336000000000001,1.94,-0.010336000000000001,3.7800000000000002,-1.0336,3.98
-0.00010320000000000001,1.98,-0.0010320000000000001,1.94,-0.01032,1.94,-0.01032,3.7800000000000002,-1.032,3.98
-0.00010304000000000002,1.98,-0.0010304000000000001,1.94,-0.010304,1.98,-0.010304,3.8200000000000003,-1.0304000000000002,3.94
-0.00010288000000000002,2.02,-0.0010288,1.94,-0.010288,1.98,-0.010288,3.7800000000000002,-1.0288,3.98
-0.00010272000000000002,2.02,-0.0010272000000000002,1.98,-0.010272,1.94,-0.010272,3.7800000000000002,-1.0272000000000001,3.94
-0.00010256000000000002,2.02,-0.0010256000000000002,1.98,-0.010256000000000001,1.94,-0.010256000000000001,3.7800000000000002,-1.0256,3.94
-0.00010240000000000001,2.02,-0.0010240000000000002,1.94,-0.01024,1.94,-0.01024,3.7800000000000002,-1.024,3.98
-0.00010224000000000001,1.98,-0.0010224000000000001,1.94,-0.010224,1.94,-0.010224,3.7800000000000002,-1.0224000000000002,3.94
-0.00010208000000000001,2.02,-0.0010208,1.98,-0.010208000000000002,1.98,-0.010208000000000002,3.7800000000000002,-1.0208,3.94
-0.00010192000000000001,1.98,-0.0010192,1.98,-0.010192,1.94,-0.010192,3.7800000000000002,-1.0192,3.98
-0.00010176000000000002,1.98,-0.0010176,1.98,-0.010176000000000001,1.94,-0.010176000000000001,3.8200000000000003,-1.0176,3.98
-0.0001016,1.98,-0.001016,1.94,-0.01016,1.98,-0.01016,3.7800000000000002,-1.016,3.94
-0.00010144,2.02,-0.0010144000000000002,1.98,-0.010144,1.94,-0.010144,3.7800000000000002,-1.0144000000000002,3.94
-0.00010128,1.98,-0.0010128000000000001,1.98,-0.010128000000000002,1.94,-0.010128000000000002,3.7800000000000002,-1.0128,3.98
-0.00010112000000000001,2.02,-0.0010112,1.98,-0.010112,1.94,-0.010112,3.7800000000000002,-1.0112,3.98
-0.00010096000000000001,1.98,-0.0010096000000000003,1.94,-0.010096,1.94,-0.010096,3.8200000000000003,-1.0096,3.98
-0.00010080000000000001,2.02,-0.0010080000000000002,1.98,-0.01008,1.9000000000000001,-0.01008,3.7800000000000002,-1.008,3.98
-0.00010064000000000001,1.98,-0.0010064000000000002,1.98,-0.010064,1.94,-0.010064,3.7800000000000002,-1.0064000000000002,3.98
-0.00010048000000000001,2.02,-0.0010048000000000001,1.94,-0.010048000000000001,1.94,-0.010048000000000001,3.7800000000000002,-1.0048,3.98
-0.00010032000000000002,2.02,-0.0010032,1.94,-0.010032000000000001,1.9000000000000001,-0.010032000000000001,3.7800000000000002,-1.0032,3.94
-0.00010016000000000002,1.98,-0.0010016,1.94,-0.010016,1.9000000000000001,-0.010016,3.8200000000000003,-1.0016,3.98
-0.00010000000000000002,2.02,-0.001,1.94,-0.01,1.94,-0.01,3.7800000000000002,-1.0,3.98
-9.984000000000002e-05,2.02,-0.0009984,1.98,-0.009984,1.9000000000000001,-0.009984,3.7800000000000002,-0.9984000000000001,3.98
-9.968000000000002e-05,2.02,-0.0009968,1.94,-0.009968000000000001,1.9000000000000001,-0.009968000000000001,3.8200000000000003,-0.9968,3.98
-9.952000000000001e-05,2.02,-0.0009952000000000001,1.94,-0.009952,1.94,-0.009952,3.7800000000000002,-0.9952000000000001,3.98
-9.936000000000001e-05,1.98,-0.0009936,1.94,-0.009936,1.9000000000000001,-0.009936,3.8200000000000003,-0.9936,3.94
-9.920000000000001e-05,1.98,-0.0009920000000000003,1.94,-0.009920000000000002,1.9000000000000001,-0.009920000000000002,3.8200000000000003,-0.9920000000000001,3.98
-9.904000000000001e-05,2.02,-0.0009904000000000002,1.94,-0.009904,1.9000000000000001,-0.009904,3.8200000000000003,-0.9904000000000001,3.98
-9.888000000000002e-05,2.02,-0.0009888000000000002,1.94,-0.009888000000000001,1.86,-0.009888000000000001,3.8200000000000003,-0.9888,3.98
-9.872000000000002e-05,2.02,-0.0009872000000000001,1.94,-0.009872,1.9000000000000001,-0.009872,3.7800000000000002,-0.9872000000000001,3.98
-9.856e-05,2.02,-0.0009856,1.98,-0.009856,1.86,-0.009856,3.8200000000000003,-0.9856,3.98
-9.84e-05,2.02,-0.000984,1.94,-0.009840000000000002,1.9000000000000001,-0.009840000000000002,3.86,-0.9840000000000001,3.94
-9.824000000000001e-05,2.02,-0.0009824,1.94,-0.009824,1.9000000000000001,-0.009824,3.8200000000000003,-0.9824,3.94
-9.808000000000001e-05,2.02,-0.0009808,1.94,-0.009808,1.86,-0.009808,3.8200000000000003,-0.9808,3.98
-9.792000000000001e-05,2.02,-0.0009792,1.94,-0.009792,1.86,-0.009792,3.8200000000000003,-0.9792000000000001,3.98
-9.776000000000001e-05,2.02,-0.0009776000000000001,1.94,-0.009776,1.86,-0.009776,3.8200000000000003,-0.9776,3.94
-9.760000000000001e-05,2.02,-0.0009760000000000001,1.94,-0.009760000000000001,1.86,-0.009760000000000001,3.7800000000000002,-0.9760000000000001,3.98
-9.744000000000002e-05,2.02,-0.0009744000000000002,1.98,-0.009744000000000001,1.86,-0.009744000000000001,3.7800000000000002,-0.9744,3.98
-9.728000000000002e-05,2.02,-0.0009728000000000001,1.94,-0.009728,1.86,-0.009728,3.8200000000000003,-0.9728000000000001,3.98
-9.712e-05,2.02,-0.0009712000000000001,1.94,-0.009712000000000002,1.82,-0.009712000000000002,3.8200000000000003,-0.9712000000000001,3.94
-9.696000000000001e-05,1.98,-0.0009696000000000001,1.94,-0.009696,1.86,-0.009696,3.8200000000000003,-0.9696,3.94
-9.680000000000001e-05,2.02,-0.0009680000000000001,1.94,-0.009680000000000001,1.86,-0.009680000000000001,3.8200000000000003,-0.9680000000000001,3.98
-9.664000000000001e-05,2.02,-0.0009664000000000001,1.94,-0.009664,1.82,-0.009664,3.8200000000000003,-0.9664,3.98
-9.648000000000001e-05,1.98,-0.0009648000000000001,1.94,-0.009648,1.82,-0.009648,3.8200000000000003,-0.9648000000000001,3.98
-9.632000000000001e-05,2.02,-0.0009632000000000001,1.94,-0.009632000000000002,1.82,-0.009632000000000002,3.8200000000000003,-0.9632000000000001,3.98
-9.616000000000001e-05,2.02,-0.0009616000000000001,1.94,-0.009616,1.82,-0.009616,3.8200000000000003,-0.9616,3.94
-9.600000000000002e-05,2.02,-0.0009600000000000001,1.94,-0.009600000000000001,1.86,-0.009600000000000001,3.7800000000000002,-0.9600000000000001,3.98
-9.584000000000002e-05,2.06,-0.0009584000000000001,1.94,-0.009584,1.86,-0.009584,3.8200000000000003,-0.9584,3.98
-9.568e-05,2.02,-0.0009568000000000001,1.94,-0.009568,1.82,-0.009568,3.8200000000000003,-0.9568000000000001,3.94
-9.552000000000001e-05,2.02,-0.0009552000000000001,1.94,-0.009552000000000001,1.82,-0.009552000000000001,3.8200000000000003,-0.9552,3.94
-9.536000000000001e-05,2.02,-0.0009536000000000001,1.94,-0.009536,1.82,-0.009536,3.7800000000000002,-0.9536,3.98
-9.520000000000001e-05,2.02,-0.0009520000000000002,1.94,-0.00952,1.82,-0.00952,3.8200000000000003,-0.9520000000000001,3.98
-9.504000000000001e-05,2.02,-0.0009504000000000001,1.98,-0.009504,1.82,-0.009504,3.7800000000000002,-0.9504,3.94
-9.488000000000001e-05,2.02,-0.0009488000000000001,1.94,-0.009488,1.82,-0.009488,3.8200000000000003,-0.9488000000000001,3.98
-9.472000000000001e-05,2.02,-0.0009472000000000001,1.94,-0.009472000000000001,1.82,-0.009472000000000001,3.8200000000000003,-0.9472,3.94
-9.456000000000002e-05,2.02,-0.0009456000000000001,1.94,-0.009456,1.78,-0.009456,3.7800000000000002,-0.9456000000000001,3.94
-9.440000000000002e-05,2.06,-0.0009440000000000001,1.94,-0.00944,1.82,-0.00944,3.8200000000000003,-0.9440000000000001,3.98
-9.424e-05,2.02,-0.0009424000000000001,1.94,-0.009424000000000002,1.74,-0.009424000000000002,3.8200000000000003,-0.9424,3.98
-9.408000000000001e-05,2.02,-0.0009408000000000001,1.94,-0.009408,1.82,-0.009408,3.8200000000000003,-0.9408000000000001,3.98
-9.392000000000001e-05,2.02,-0.0009392000000000001,1.94,-0.009392000000000001,1.78,-0.009392000000000001,3.8200000000000003,-0.9392,3.94
-9.376000000000001e-05,2.02,-0.0009376000000000001,1.94,-0.009376,1.82,-0.009376,3.8200000000000003,-0.9376000000000001,3.98
-9.360000000000001e-05,2.02,-0.0009360000000000001,1.94,-0.00936,1.78,-0.00936,3.86,-0.936,3.98
-9.344000000000001e-05,2.02,-0.0009344000000000002,1.94,-0.009344000000000002,1.74,-0.009344000000000002,3.8200000000000003,-0.9344,3.98
-9.328000000000001e-05,2.06,-0.0009328000000000001,1.9000000000000001,-0.009328,1.78,-0.009328,3.8200000000000003,-0.9328000000000001,3.98
-9.312000000000002e-05,2.06,-0.0009312000000000001,1.94,-0.009312,1.78,-0.009312,3.8200000000000003,-0.9312,3.94
-9.296000000000002e-05,2.02,-0.0009296000000000002,1.94,-0.009296,1.78,-0.009296,3.8200000000000003,-0.9296000000000001,3.94
-9.28e-05,2.02,-0.0009280000000000001,1.94,-0.00928,1.78,-0.00928,3.8200000000000003,-0.928,3.94
-9.264000000000001e-05,2.02,-0.0009264000000000001,1.94,-0.009264000000000001,1.78,-0.009264000000000001,3.8200000000000003,-0.9264,3.98
-9.248000000000001e-05,2.02,-0.0009248000000000001,1.94,-0.009248000000000001,1.78,-0.009248000000000001,3.8200000000000003,-0.9248000000000001,3.94
-9.232000000000001e-05,2.02,-0.0009232000000000001,1.94,-0.009232,1.78,-0.009232,3.7800000000000002,-0.9232,3.98
-9.216000000000001e-05,2.02,-0.0009216000000000001,1.94,-0.009216,1.74,-0.009216,3.8200000000000003,-0.9216000000000001,3.98
-9.200000000000001e-05,2.02,-0.0009200000000000001,1.94,-0.0092,1.74,-0.0092,3.7800000000000002,-0.92,4.0200000000000005
-9.184000000000002e-05,2.06,-0.0009184000000000001,1.9000000000000001,-0.009184000000000001,1.74,-0.009184000000000001,3.8200000000000003,-0.9184000000000001,3.98
-9.168000000000002e-05,2.06,-0.0009168000000000001,1.94,-0.009168,1.74,-0.009168,3.8200000000000003,-0.9168000000000001,3.98
-9.152000000000002e-05,2.02,-0.0009152000000000001,1.94,-0.009152,1.78,-0.009152,3.7800000000000002,-0.9152,3.98
-9.136e-05,2.06,-0.0009136000000000001,1.94,-0.009136000000000002,1.78,-0.009136000000000002,3.8200000000000003,-0.9136000000000001,3.94
-9.120000000000001e-05,2.06,-0.0009120000000000002,1.94,-0.00912,1.74,-0.00912,3.8200000000000003,-0.912,3.94
-9.104000000000001e-05,2.02,-0.0009104000000000001,1.94,-0.009104000000000001,1.74,-0.009104000000000001,3.8200000000000003,-0.9104000000000001,3.98
-9.088000000000001e-05,2.02,-0.0009088000000000001,1.94,-0.009088,1.74,-0.009088,3.8200000000000003,-0.9088,3.98
-9.072000000000001e-05,2.06,-0.0009072000000000002,1.94,-0.009072,1.74,-0.009072,3.8200000000000003,-0.9072,3.98
-9.056000000000001e-05,2.02,-0.0009056000000000001,1.94,-0.009056000000000002,1.74,-0.009056000000000002,3.7800000000000002,-0.9056000000000001,3.98
-9.040000000000002e-05,2.02,-0.0009040000000000001,1.94,-0.00904,1.7,-0.00904,3.8200000000000003,-0.904,3.94
-9.024000000000002e-05,2.06,-0.0009024000000000001,1.94,-0.009024,1.7,-0.009024,3.8200000000000003,-0.9024000000000001,3.98
-9.008e-05,2.02,-0.0009008000000000001,1.94,-0.009008,1.74,-0.009008,3.8200000000000003,-0.9008,3.98
-8.992e-05,2.02,-0.0008992000000000001,1.98,-0.008992,1.74,-0.008992,3.8200000000000003,-0.8992000000000001,3.94
-8.976000000000001e-05,2.02,-0.0008976000000000001,1.9000000000000001,-0.008976000000000001,1.74,-0.008976000000000001,3.8200000000000003,-0.8976000000000001,3.98
-8.960000000000001e-05,2.02,-0.0008960000000000001,1.94,-0.008960000000000001,1.7,-0.008960000000000001,3.8200000000000003,-0.896,3.98
-8.944000000000001e-05,2.02,-0.0008944000000000001,1.9000000000000001,-0.008944,1.7,-0.008944,3.8200000000000003,-0.8944000000000001,3.94
-8.928000000000001e-05,2.02,-0.0008928000000000001,1.94,-0.008928000000000002,1.7,-0.008928000000000002,3.8200000000000003,-0.8928,3.98
-8.912000000000001e-05,2.06,-0.0008912000000000001,1.94,-0.008912,1.7,-0.008912,3.8200000000000003,-0.8912000000000001,3.98
-8.896000000000002e-05,2.02,-0.0008896000000000002,1.94,-0.008896000000000001,1.7,-0.008896000000000001,3.8200000000000003,-0.8896000000000001,3.98
-8.880000000000002e-05,2.02,-0.0008880000000000001,1.94,-0.00888,1.6600000000000001,-0.00888,3.8200000000000003,-0.888,3.94
-8.864e-05,2.02,-0.0008864000000000001,1.94,-0.008864,1.7,-0.008864,3.8200000000000003,-0.8864000000000001,3.98
-8.848e-05,2.02,-0.0008848000000000001,1.94,-0.008848000000000002,1.7,-0.008848000000000002,3.8200000000000003,-0.8848,3.94
-8.832000000000001e-05,1.98,-0.0008832000000000001,1.94,-0.008832,1.74,-0.008832,3.86,-0.8832000000000001,3.94
-8.816000000000001e-05,2.02,-0.0008816000000000001,1.94,-0.008816000000000001,1.7,-0.008816000000000001,3.8200000000000003,-0.8816,3.94
-8.800000000000001e-05,1.98,-0.0008800000000000001,1.94,-0.0088,1.6600000000000001,-0.0088,3.8200000000000003,-0.88,3.98
-8.784000000000001e-05,1.98,-0.0008784000000000001,1.94,-0.008784,1.6600000000000001,-0.008784,3.8200000000000003,-0.8784000000000001,3.94
-8.768000000000001e-05,1.94,-0.0008768000000000001,1.94,-0.008768000000000001,1.6600000000000001,-0.008768000000000001,3.7800000000000002,-0.8768,3.94
-8.752000000000002e-05,2.02,-0.0008752000000000001,1.94,-0.008752,1.7,-0.008752,3.8200000000000003,-0.8752000000000001,3.94
-8.736000000000002e-05,1.98,-0.0008736000000000001,1.94,-0.008736,1.6600000000000001,-0.008736,3.8200000000000003,-0.8736,3.94
-8.72e-05,1.98,-0.0008720000000000002,1.94,-0.00872,1.7,-0.00872,3.86,-0.8720000000000001,3.94
-8.704000000000001e-05,1.98,-0.0008704000000000001,1.9000000000000001,-0.008704,1.7,-0.008704,3.8200000000000003,-0.8704000000000001,3.98
-8.688000000000001e-05,1.94,-0.0008688000000000001,1.94,-0.008688000000000001,1.6600000000000001,-0.008688000000000001,3.8200000000000003,-0.8688,3.98
-8.672000000000001e-05,1.98,-0.0008672000000000002,1.94,-0.008672000000000001,1.6600000000000001,-0.008672000000000001,3.8200000000000003,-0.8672000000000001,3.98
-8.656000000000001e-05,1.98,-0.0008656000000000001,1.94,-0.008656,1.62,-0.008656,3.8200000000000003,-0.8656,3.98
-8.640000000000001e-05,1.98,-0.0008640000000000001,1.94,-0.008640000000000002,1.6600000000000001,-0.008640000000000002,3.8200000000000003,-0.8640000000000001,3.94
-8.624000000000001e-05,1.98,-0.0008624000000000001,1.94,-0.008624,1.6600000000000001,-0.008624,3.7800000000000002,-0.8624,3.98
-8.608000000000002e-05,1.98,-0.0008608000000000001,1.94,-0.008608000000000001,1.6600000000000001,-0.008608000000000001,3.8200000000000003,-0.8608,3.98
-8.592000000000002e-05,1.94,-0.0008592000000000001,1.9000000000000001,-0.008592,1.62,-0.008592,3.86,-0.8592000000000001,3.98
-8.576e-05,1.98,-0.0008576000000000001,1.94,-0.008576,1.6600000000000001,-0.008576,3.86,-0.8576,3.98
-8.560000000000001e-05,1.98,-0.0008560000000000001,1.94,-0.008560000000000002,1.6600000000000001,-0.008560000000000002,3.86,-0.8560000000000001,3.98
-8.544000000000001e-05,1.94,-0.0008544000000000001,1.94,-0.008544,1.62,-0.008544,3.8200000000000003,-0.8544,3.94
-8.528000000000001e-05,1.98,-0.0008528000000000001,1.94,-0.008528,1.6600000000000001,-0.008528,3.8200000000000003,-0.8528,3.98
-8.512000000000001e-05,1.98,-0.0008512000000000001,1.94,-0.008512,1.6600000000000001,-0.008512,3.8200000000000003,-0.8512000000000001,3.94
-8.496000000000001e-05,1.98,-0.0008496000000000002,1.94,-0.008496,1.6600000000000001,-0.008496,3.8200000000000003,-0.8496,3.98
-8.480000000000001e-05,1.98,-0.0008480000000000001,1.94,-0.008480000000000001,1.62,-0.008480000000000001,3.86,-0.8480000000000001,3.98
-8.464000000000002e-05,1.98,-0.0008464000000000001,1.94,-0.008464000000000001,1.62,-0.008464000000000001,3.8200000000000003,-0.8464,3.94
-8.448000000000002e-05,1.94,-0.0008448000000000002,1.94,-0.008448,1.62,-0.008448,3.86,-0.8448000000000001,3.94
-8.432e-05,1.98,-0.0008432000000000001,1.94,-0.008432,1.62,-0.008432,3.8200000000000003,-0.8432000000000001,3.94
-8.416000000000001e-05,1.94,-0.0008416000000000001,1.94,-0.008416,1.62,-0.008416,3.8200000000000003,-0.8416,3.98
-8.400000000000001e-05,1.98,-0.0008400000000000001,1.9000000000000001,-0.008400000000000001,1.62,-0.008400000000000001,3.86,-0.8400000000000001,3.94
-8.384000000000001e-05,1.94,-0.0008384000000000001,1.94,-0.008384,1.58,-0.008384,3.86,-0.8384,3.98
-8.368000000000001e-05,1.98,-0.0008368000000000001,1.94,-0.008368,1.62,-0.008368,3.8200000000000003,-0.8368000000000001,3.94
-8.352000000000001e-05,1.98,-0.0008352000000000001,1.94,-0.008352000000000002,1.62,-0.008352000000000002,3.8200000000000003,-0.8352,4.0200000000000005
-8.336000000000002e-05,1.94,-0.0008336000000000001,1.94,-0.008336,1.62,-0.008336,3.8200000000000003,-0.8336,3.98
-8.320000000000002e-05,1.94,-0.0008320000000000001,1.94,-0.008320000000000001,1.62,-0.008320000000000001,3.8200000000000003,-0.8320000000000001,3.98
-8.304000000000002e-05,1.98,-0.0008304000000000001,1.94,-0.008304,1.62,-0.008304,3.8200000000000003,-0.8304,3.98
-8.288e-05,1.98,-0.0008288000000000001,1.94,-0.008288,1.58,-0.008288,3.8200000000000003,-0.8288000000000001,3.98
-8.272000000000001e-05,1.94,-0.0008272000000000002,1.9000000000000001,-0.008272000000000002,1.62,-0.008272000000000002,3.8200000000000003,-0.8272,3.94
-8.256000000000001e-05,1.98,-0.0008256000000000001,1.9000000000000001,-0.008256,1.62,-0.008256,3.8200000000000003,-0.8256,3.94
-8.240000000000001e-05,1.98,-0.0008240000000000001,1.94,-0.00824,1.58,-0.00824,3.8200000000000003,-0.8240000000000001,3.94
-8.224000000000001e-05,1.94,-0.0008224000000000001,1.94,-0.008224,1.58,-0.008224,3.8200000000000003,-0.8224,3.98
-8.208000000000001e-05,1.98,-0.0008208000000000001,1.94,-0.008208,1.54,-0.008208,3.8200000000000003,-0.8208000000000001,3.98
-8.192000000000002e-05,1.98,-0.0008192000000000001,1.94,-0.008192000000000001,1.54,-0.008192000000000001,3.86,-0.8192,3.94
-8.176000000000002e-05,1.94,-0.0008176000000000001,1.9000000000000001,-0.008176000000000001,1.58,-0.008176000000000001,3.8200000000000003,-0.8176000000000001,3.98
-8.16e-05,1.94,-0.0008160000000000001,1.94,-0.00816,1.58,-0.00816,3.8200000000000003,-0.8160000000000001,3.98
-8.144e-05,1.98,-0.0008144000000000001,1.9000000000000001,-0.008144,1.62,-0.008144,3.86,-0.8144,3.94
-8.128000000000001e-05,1.94,-0.0008128000000000001,1.94,-0.008128000000000002,1.58,-0.008128000000000002,3.8200000000000003,-0.8128000000000001,3.98
-8.112000000000001e-05,1.98,-0.0008112000000000001,1.9000000000000001,-0.008112000000000001,1.54,-0.008112000000000001,3.86,-0.8112,3.98
-8.096000000000001e-05,1.94,-0.0008096000000000002,1.9000000000000001,-0.008096,1.58,-0.008096,3.8200000000000003,-0.8096000000000001,3.98
-8.080000000000001e-05,1.98,-0.0008080000000000001,1.94,-0.00808,1.58,-0.00808,3.8200000000000003,-0.808,3.98
-8.064000000000001e-05,1.98,-0.0008064000000000001,1.94,-0.008064,1.58,-0.008064,3.8200000000000003,-0.8064,3.98
-8.048000000000002e-05,1.98,-0.0008048000000000002,1.9000000000000001,-0.008048000000000001,1.54,-0.008048000000000001,3.8200000000000003,-0.8048000000000001,3.98
-8.032000000000002e-05,1.98,-0.0008032000000000001,1.9000000000000001,-0.008032000000000001,1.54,-0.008032000000000001,3.8200000000000003,-0.8032,3.98
-8.016e-05,1.98,-0.0008016000000000001,1.9000000000000001,-0.008016,1.54,-0.008016,3.7800000000000002,-0.8016000000000001,3.98
-8e-05,1.98,-0.0008000000000000001,1.94,-0.008,1.54,-0.008,3.86,-0.8,3.98
-7.984000000000001e-05,1.98,-0.0007984000000000001,1.9000000000000001,-0.007984000000000002,1.54,-0.007984000000000002,3.8200000000000003,-0.7984,3.98
-7.968000000000001e-05,1.98,-0.0007968000000000001,1.94,-0.007968000000000001,1.54,-0.007968000000000001,3.8200000000000003,-0.7968000000000001,3.98
-7.952000000000001e-05,1.98,-0.0007952000000000001,1.9000000000000001,-0.007952,1.54,-0.007952,3.8200000000000003,-0.7952,3.98
-7.936000000000001e-05,1.98,-0.0007936000000000001,1.94,-0.007936,1.58,-0.007936,3.8200000000000003,-0.7936000000000001,3.94
-7.920000000000001e-05,1.98,-0.0007920000000000001,1.9000000000000001,-0.00792,1.54,-0.00792,3.8200000000000003,-0.792,4.0200000000000005
-7.904000000000002e-05,1.94,-0.0007904000000000001,1.9000000000000001,-0.007904000000000001,1.54,-0.007904000000000001,3.8200000000000003,-0.7904000000000001,3.58
-7.888000000000002e-05,1.98,-0.0007888000000000001,1.9000000000000001,-0.007888000000000001,1.54,-0.007888000000000001,3.86,-0.7888000000000001,3.06
-7.872e-05,1.94,-0.0007872000000000002,1.94,-0.007872,1.54,-0.007872,3.8200000000000003,-0.7872,2.58
-7.856000000000001e-05,1.98,-0.0007856000000000001,1.9000000000000001,-0.007856,1.5,-0.007856,3.8200000000000003,-0.7856000000000001,2.22
-7.840000000000001e-05,1.98,-0.0007840000000000001,1.94,-0.007840000000000001,1.54,-0.007840000000000001,3.86,-0.784,1.86
-7.824000000000001e-05,1.98,-0.0007824000000000002,1.9000000000000001,-0.007824000000000001,1.5,-0.007824000000000001,3.8200000000000003,-0.7824000000000001,1.58
-7.808000000000001e-05,1.94,-0.0007808000000000001,1.9000000000000001,-0.007808000000000001,1.5,-0.007808000000000001,3.8200000000000003,-0.7808,1.34
-7.792000000000001e-05,1.98,-0.0007792000000000001,1.9000000000000001,-0.007792,1.54,-0.007792,3.86,-0.7792,1.1400000000000001
-7.776000000000001e-05,1.94,-0.0007776000000000001,1.94,-0.007776,1.54,-0.007776,3.8200000000000003,-0.7776000000000001,0.98
-7.760000000000002e-05,1.98,-0.0007760000000000001,1.9000000000000001,-0.007760000000000001,1.5,-0.007760000000000001,3.86,-0.776,0.8200000000000001
-7.744000000000002e-05,1.98,-0.0007744000000000001,1.9000000000000001,-0.007744000000000001,1.5,-0.007744000000000001,3.8200000000000003,-0.7744000000000001,0.7000000000000001
-7.728e-05,1.98,-0.0007728000000000001,1.9000000000000001,-0.0077280000000000005,1.5,-0.0077280000000000005,3.86,-0.7728,0.58
-7.712000000000001e-05,1.98,-0.0007712000000000001,1.9000000000000001,-0.007712,1.5,-0.007712,3.8200000000000003,-0.7712,0.54
-7.696000000000001e-05,1.98,-0.0007696000000000002,1.9000000000000001,-0.0076960000000000015,1.54,-0.0076960000000000015,3.8200000000000003,-0.7696000000000001,0.42
-7.680000000000001e-05,1.94,-0.0007680000000000001,1.9000000000000001,-0.007680000000000001,1.5,-0.007680000000000001,3.86,-0.768,0.38
-7.664000000000001e-05,1.98,-0.0007664000000000001,1.9000000000000001,-0.007664000000000001,1.5,-0.007664000000000001,3.8200000000000003,-0.7664000000000001,0.34
-7.648000000000001e-05,1.98,-0.0007648000000000002,1.9000000000000001,-0.007648,1.5,-0.007648,3.8200000000000003,-0.7648,0.3
-7.632000000000001e-05,1.98,-0.0007632000000000001,1.98,-0.007632,1.46,-0.007632,3.86,-0.7632000000000001,0.26
-7.616000000000002e-05,1.98,-0.0007616000000000001,1.98,-0.007616000000000001,1.5,-0.007616000000000001,3.8200000000000003,-0.7616,0.18
-7.600000000000002e-05,1.98,-0.0007600000000000002,1.98,-0.007600000000000001,1.5,-0.007600000000000001,3.8200000000000003,-0.76,0.18
-7.584e-05,1.98,-0.0007584000000000001,1.94,-0.0075840000000000005,1.46,-0.0075840000000000005,3.86,-0.7584000000000001,0.14
-7.568000000000001e-05,1.98,-0.0007568000000000001,1.98,-0.007568,1.5,-0.007568,3.8200000000000003,-0.7568,0.14
-7.552000000000001e-05,1.98,-0.0007552000000000001,1.94,-0.007552000000000001,1.46,-0.007552000000000001,3.86,-0.7552000000000001,0.14
-7.536000000000001e-05,1.98,-0.0007536000000000001,1.94,-0.007536000000000001,1.46,-0.007536000000000001,3.8200000000000003,-0.7536,0.1
-7.520000000000001e-05,1.98,-0.0007520000000000001,1.94,-0.007520000000000001,1.46,-0.007520000000000001,3.8200000000000003,-0.752,0.1
-7.504000000000001e-05,1.94,-0.0007504000000000001,1.98,-0.007504,1.46,-0.007504,3.8200000000000003,-0.7504000000000001,0.06
-7.488000000000001e-05,1.98,-0.0007488000000000001,1.98,-0.007488,1.46,-0.007488,3.8200000000000003,-0.7488,0.1
-7.472000000000002e-05,1.98,-0.0007472000000000002,1.98,-0.007472000000000001,1.5,-0.007472000000000001,3.86,-0.7472000000000001,0.1
-7.456000000000002e-05,1.98,-0.0007456000000000001,1.94,-0.007456000000000001,1.46,-0.007456000000000001,3.86,-0.7456,0.06
-7.44e-05,1.98,-0.0007440000000000001,1.94,-0.00744,1.5,-0.00744,3.8200000000000003,-0.744,0.1
-7.424000000000001e-05,1.98,-0.0007424000000000002,1.98,-0.007424,1.5,-0.007424,3.8200000000000003,-0.7424000000000001,0.06
-7.408000000000001e-05,1.98,-0.0007408000000000001,1.98,-0.007408000000000001,1.5,-0.007408000000000001,3.86,-0.7408,0.06
-7.392000000000001e-05,1.98,-0.0007392000000000001,1.94,-0.007392000000000001,1.5,-0.007392000000000001,3.8200000000000003,-0.7392000000000001,0.06
-7.376000000000001e-05,1.98,-0.0007376000000000001,1.98,-0.007376000000000001,1.54,-0.007376000000000001,3.86,-0.7376,0.02
-7.360000000000001e-05,1.98,-0.0007360000000000001,1.94,-0.00736,1.54,-0.00736,3.86,-0.7360000000000001,0.02
-7.344000000000002e-05,1.98,-0.0007344000000000001,1.94,-0.007344000000000002,1.54,-0.007344000000000002,3.8200000000000003,-0.7344,0.06
-7.328000000000002e-05,1.98,-0.0007328000000000001,1.94,-0.007328000000000001,1.54,-0.007328000000000001,3.86,-0.7328,0.06
-7.312e-05,1.98,-0.0007312000000000001,1.94,-0.007312000000000001,1.54,-0.007312000000000001,3.8200000000000003,-0.7312000000000001,0.02
-7.296e-05,1.98,-0.0007296000000000002,1.94,-0.007296,1.54,-0.007296,3.86,-0.7296,0.02
-7.280000000000001e-05,1.98,-0.0007280000000000001,1.98,-0.00728,1.58,-0.00728,3.8200000000000003,-0.7280000000000001,0.06
-7.264000000000001e-05,1.98,-0.0007264000000000001,1.98,-0.007264000000000001,1.54,-0.007264000000000001,3.86,-0.7264,0.06
-7.248000000000001e-05,1.94,-0.0007248000000000002,1.94,-0.007248000000000001,1.54,-0.007248000000000001,3.8200000000000003,-0.7248,0.02
-7.232000000000001e-05,1.98,-0.0007232000000000001,1.94,-0.007232000000000001,1.54,-0.007232000000000001,3.8200000000000003,-0.7232000000000001,0.02
-7.216000000000001e-05,1.94,-0.0007216000000000001,1.98,-0.007216,1.58,-0.007216,3.8200000000000003,-0.7216,0.02
-7.200000000000002e-05,1.98,-0.0007200000000000002,1.98,-0.0072000000000000015,1.58,-0.0072000000000000015,3.86,-0.7200000000000001,0.02
-7.184000000000002e-05,1.98,-0.0007184000000000001,1.98,-0.007184000000000001,1.58,-0.007184000000000001,3.8200000000000003,-0.7184,0.02
-7.168e-05,1.98,-0.0007168000000000001,1.98,-0.007168000000000001,1.58,-0.007168000000000001,3.86,-0.7168,0.02
-7.152e-05,1.98,-0.0007152000000000001,2.02,-0.007152,1.58,-0.007152,3.86,-0.7152000000000001,0.06
-7.136000000000001e-05,1.94,-0.0007136000000000001,1.98,-0.007136,1.58,-0.007136,3.86,-0.7136,0.02
-7.120000000000001e-05,1.94,-0.0007120000000000001,1.98,-0.007120000000000001,1.58,-0.007120000000000001,3.8200000000000003,-0.7120000000000001,-0.02
-7.104000000000001e-05,1.98,-0.0007104000000000001,1.98,-0.007104000000000001,1.58,-0.007104000000000001,3.8200000000000003,-0.7104,0.02
-7.088000000000001e-05,1.98,-0.0007088000000000001,1.98,-0.0070880000000000006,1.58,-0.0070880000000000006,3.86,-0.7088000000000001,0.02
-7.072000000000001e-05,1.98,-0.0007072000000000002,1.98,-0.007072,1.62,-0.007072,3.86,-0.7072,0.02
-7.056000000000002e-05,1.98,-0.0007056000000000001,1.98,-0.0070560000000000015,1.62,-0.0070560000000000015,3.86,-0.7056,0.02
-7.040000000000002e-05,1.98,-0.0007040000000000001,1.94,-0.007040000000000001,1.58,-0.007040000000000001,3.8200000000000003,-0.7040000000000001,0.02
-7.024e-05,1.94,-0.0007024000000000002,1.94,-0.007024000000000001,1.58,-0.007024000000000001,3.8200000000000003,-0.7024,0.02
-7.008e-05,1.98,-0.0007008000000000001,1.94,-0.007008,1.62,-0.007008,3.86,-0.7008000000000001,0.02
-6.992000000000001e-05,1.94,-0.0006992000000000001,1.98,-0.006992,1.62,-0.006992,3.8200000000000003,-0.6992,0.02
-6.976000000000001e-05,1.98,-0.0006976000000000002,1.98,-0.006976000000000001,1.62,-0.006976000000000001,3.8200000000000003,-0.6976,0.02
-6.960000000000001e-05,1.98,-0.0006960000000000001,1.94,-0.006960000000000001,1.58,-0.006960000000000001,3.86,-0.6960000000000001,0.02
-6.944000000000001e-05,1.98,-0.0006944000000000001,1.94,-0.0069440000000000005,1.62,-0.0069440000000000005,3.86,-0.6944,0.02
-6.928000000000001e-05,1.98,-0.0006928000000000001,1.98,-0.006928,1.62,-0.006928,3.8200000000000003,-0.6928000000000001,0.02
-6.912000000000002e-05,1.98,-0.0006912000000000001,1.94,-0.0069120000000000015,1.62,-0.0069120000000000015,3.86,-0.6912,0.02
-6.896000000000002e-05,1.94,-0.0006896000000000001,1.98,-0.006896000000000001,1.62,-0.006896000000000001,3.86,-0.6896,-0.02
-6.88e-05,1.98,-0.0006880000000000001,1.94,-0.006880000000000001,1.6600000000000001,-0.006880000000000001,3.8200000000000003,-0.6880000000000001,0.02
-6.864000000000001e-05,1.94,-0.0006864000000000001,1.94,-0.006864,1.6600000000000001,-0.006864,3.86,-0.6864,0.02
-6.848000000000001e-05,1.94,-0.0006848000000000002,1.98,-0.006848,1.6600000000000001,-0.006848,3.86,-0.6848000000000001,0.02
-6.832000000000001e-05,1.94,-0.0006832000000000001,1.98,-0.006832000000000001,1.6600000000000001,-0.006832000000000001,3.86,-0.6832,0.02
-6.816000000000001e-05,1.98,-0.0006816000000000001,1.94,-0.006816000000000001,1.6600000000000001,-0.006816000000000001,3.86,-0.6816000000000001,0.02
-6.800000000000001e-05,1.98,-0.0006800000000000002,1.98,-0.0068000000000000005,1.6600000000000001,-0.0068000000000000005,3.86,-0.68,0.02
-6.784000000000001e-05,1.98,-0.0006784000000000001,1.98,-0.006784,1.6600000000000001,-0.006784,3.86,-0.6784,0.02
-6.768000000000002e-05,1.98,-0.0006768000000000001,1.98,-0.0067680000000000014,1.7,-0.0067680000000000014,3.8200000000000003,-0.6768000000000001,0.06
-6.752000000000002e-05,1.98,-0.0006752000000000001,1.98,-0.006752000000000001,1.6600000000000001,-0.006752000000000001,3.8200000000000003,-0.6752,0.02
-6.736e-05,1.94,-0.0006736000000000001,1.98,-0.006736000000000001,1.7,-0.006736000000000001,3.86,-0.6736000000000001,0.02
-6.720000000000001e-05,1.98,-0.0006720000000000001,1.94,-0.00672,1.7,-0.00672,3.8200000000000003,-0.672,0.02
-6.704000000000001e-05,1.98,-0.0006704000000000001,1.98,-0.006704,1.7,-0.006704,3.86,-0.6704,-0.02
-6.688000000000001e-05,1.94,-0.0006688000000000001,1.98,-0.006688000000000001,1.7,-0.006688000000000001,3.86,-0.6688000000000001,-0.02
-6.672000000000001e-05,1.94,-0.0006672000000000002,1.98,-0.006672000000000001,1.7,-0.006672000000000001,3.8200000000000003,-0.6672,0.02
-6.656000000000001e-05,1.98,-0.0006656000000000001,2.02,-0.0066560000000000005,1.7,-0.0066560000000000005,3.86,-0.6656000000000001,0.02
-6.640000000000001e-05,1.98,-0.0006640000000000001,1.98,-0.00664,1.7,-0.00664,3.86,-0.664,0.02
-6.624000000000002e-05,1.98,-0.0006624000000000002,1.98,-0.006624000000000001,1.7,-0.006624000000000001,3.86,-0.6624,0.02
-6.608000000000002e-05,1.98,-0.0006608000000000001,1.98,-0.006608000000000001,1.74,-0.006608000000000001,3.86,-0.6608,0.02
-6.592e-05,1.94,-0.0006592000000000001,1.98,-0.006592000000000001,1.7,-0.006592000000000001,3.86,-0.6592,0.02
-6.576000000000001e-05,1.94,-0.0006576000000000002,1.98,-0.006576,1.7,-0.006576,3.86,-0.6576000000000001,0.02
-6.560000000000001e-05,1.98,-0.0006560000000000001,1.98,-0.006560000000000002,1.7,-0.006560000000000002,3.86,-0.656,0.02
-6.544000000000001e-05,1.94,-0.0006544000000000001,1.98,-0.006544000000000001,1.74,-0.006544000000000001,3.86,-0.6544000000000001,-0.02
-6.528000000000001e-05,1.98,-0.0006528000000000001,1.98,-0.006528000000000001,1.74,-0.006528000000000001,3.86,-0.6528,0.02
-6.512000000000001e-05,1.98,-0.0006512000000000001,1.98,-0.006512,1.74,-0.006512,3.86,-0.6512,0.02
-6.496000000000002e-05,1.98,-0.0006496000000000001,2.02,-0.006496,1.74,-0.006496,3.86,-0.6496000000000001,0.02
-6.480000000000002e-05,1.94,-0.0006480000000000001,1.98,-0.006480000000000001,1.78,-0.006480000000000001,3.86,-0.648,0.02
-6.464e-05,1.98,-0.0006464000000000001,1.98,-0.006464000000000001,1.78,-0.006464000000000001,3.86,-0.6464000000000001,0.02
-6.448e-05,1.94,-0.0006448000000000002,1.98,-0.006448000000000001,1.74,-0.006448000000000001,3.8200000000000003,-0.6448,0.02
-6.432000000000001e-05,1.94,-0.0006432000000000001,1.98,-0.006432,1.78,-0.006432,3.86,-0.6432,0.02
-6.416000000000001e-05,1.98,-0.0006416000000000001,1.98,-0.0064160000000000016,1.78,-0.0064160000000000016,3.86,-0.6416000000000001,-0.02
-6.400000000000001e-05,1.98,-0.0006400000000000002,1.98,-0.006400000000000001,1.78,-0.006400000000000001,3.86,-0.64,0.02
-6.384000000000001e-05,1.98,-0.0006384000000000001,1.98,-0.006384000000000001,1.74,-0.006384000000000001,3.86,-0.6384000000000001,0.02
-6.368000000000001e-05,1.98,-0.0006368000000000001,1.98,-0.006368,1.78,-0.006368,3.86,-0.6368,0.02
-6.352000000000002e-05,1.98,-0.0006352000000000002,1.98,-0.006352,1.78,-0.006352,3.86,-0.6352000000000001,0.02
-6.336000000000002e-05,1.98,-0.0006336000000000001,1.98,-0.006336000000000001,1.78,-0.006336000000000001,3.8200000000000003,-0.6336,0.02
-6.32e-05,1.98,-0.0006320000000000001,2.02,-0.006320000000000001,1.82,-0.006320000000000001,3.86,-0.632,-0.02
-6.304e-05,1.98,-0.0006304000000000001,1.98,-0.006304000000000001,1.78,-0.006304000000000001,3.8200000000000003,-0.6304000000000001,-0.02
-6.288000000000001e-05,1.94,-0.0006288000000000001,1.98,-0.006288,1.82,-0.006288,3.86,-0.6288,0.02
-6.272000000000001e-05,1.98,-0.0006272000000000001,1.98,-0.0062720000000000015,1.82,-0.0062720000000000015,3.8200000000000003,-0.6272000000000001,0.02
-6.256000000000001e-05,1.98,-0.0006256000000000001,1.98,-0.006256000000000001,1.78,-0.006256000000000001,3.86,-0.6256,0.02
-6.240000000000001e-05,1.98,-0.0006240000000000001,1.98,-0.006240000000000001,1.78,-0.006240000000000001,3.8200000000000003,-0.624,0.02
-6.224000000000001e-05,1.94,-0.0006224000000000002,1.98,-0.006224,1.82,-0.006224,3.86,-0.6224000000000001,0.02
-6.208000000000002e-05,1.94,-0.0006208000000000001,1.98,-0.006208,1.82,-0.006208,3.86,-0.6208,0.02
-6.192000000000002e-05,1.94,-0.0006192000000000001,1.98,-0.006192000000000001,1.82,-0.006192000000000001,3.8200000000000003,-0.6192000000000001,0.06
-6.176e-05,1.94,-0.0006176,1.98,-0.006176000000000001,1.78,-0.006176000000000001,3.86,-0.6176,-0.02
-6.16e-05,1.94,-0.0006160000000000002,2.02,-0.0061600000000000005,1.82,-0.0061600000000000005,3.86,-0.616,0.02
-6.144000000000001e-05,1.98,-0.0006144000000000002,1.98,-0.006144,1.82,-0.006144,3.86,-0.6144000000000001,0.02
-6.128000000000001e-05,1.98,-0.0006128000000000002,1.98,-0.0061280000000000015,1.82,-0.0061280000000000015,3.86,-0.6128,-0.02
-6.112000000000001e-05,1.98,-0.0006112000000000001,2.02,-0.006112000000000001,1.82,-0.006112000000000001,3.86,-0.6112000000000001,0.02
-6.096000000000001e-05,1.98,-0.0006096000000000001,1.98,-0.006096000000000001,1.86,-0.006096000000000001,3.86,-0.6096,0.02
-6.0800000000000014e-05,1.98,-0.000608,2.02,-0.00608,1.86,-0.00608,3.86,-0.6080000000000001,0.02
-6.0640000000000016e-05,1.94,-0.0006064000000000002,1.98,-0.006064,1.86,-0.006064,3.86,-0.6064,-0.02
-6.048000000000002e-05,1.98,-0.0006048000000000002,1.98,-0.006048000000000001,1.82,-0.006048000000000001,3.86,-0.6048,-0.02
-6.0320000000000005e-05,1.98,-0.0006032000000000001,1.98,-0.006032000000000001,1.82,-0.006032000000000001,3.86,-0.6032000000000001,0.02
-6.016000000000001e-05,1.98,-0.0006016000000000001,1.98,-0.0060160000000000005,1.86,-0.0060160000000000005,3.8200000000000003,-0.6016,0.02
-6.000000000000001e-05,1.98,-0.0006000000000000001,1.98,-0.006,1.86,-0.006,3.86,-0.6000000000000001,-0.02
-5.984000000000001e-05,1.98,-0.0005984,1.98,-0.0059840000000000015,1.9000000000000001,-0.0059840000000000015,3.86,-0.5984,0.02
-5.968000000000001e-05,1.98,-0.0005968000000000002,1.98,-0.005968000000000001,1.82,-0.005968000000000001,3.86,-0.5968,0.02
-5.952000000000001e-05,2.02,-0.0005952000000000002,1.98,-0.005952000000000001,1.86,-0.005952000000000001,3.86,-0.5952,0.06
-5.9360000000000014e-05,1.94,-0.0005936000000000001,2.02,-0.005936,1.86,-0.005936,3.86,-0.5936000000000001,-0.02
-5.9200000000000016e-05,1.94,-0.0005920000000000001,1.98,-0.005920000000000002,1.86,-0.005920000000000002,3.86,-0.5920000000000001,0.02
-5.904000000000002e-05,1.98,-0.0005904,1.98,-0.005904000000000001,1.9000000000000001,-0.005904000000000001,3.86,-0.5904,0.02
-5.8880000000000005e-05,1.98,-0.0005888000000000002,2.02,-0.005888000000000001,1.86,-0.005888000000000001,3.9,-0.5888,0.02
-5.872000000000001e-05,1.98,-0.0005872000000000002,1.98,-0.0058720000000000005,1.86,-0.0058720000000000005,3.86,-0.5871999999999999,0.02
-5.856000000000001e-05,1.98,-0.0005856000000000001,2.02,-0.005856,1.9000000000000001,-0.005856,3.86,-0.5856000000000001,-0.02
-5.840000000000001e-05,1.98,-0.0005840000000000001,1.98,-0.0058400000000000014,1.9000000000000001,-0.0058400000000000014,3.86,-0.5840000000000001,-0.02
-5.824000000000001e-05,1.98,-0.0005824000000000001,2.02,-0.005824000000000001,1.86,-0.005824000000000001,3.86,-0.5824,0.02
-5.808000000000001e-05,1.98,-0.0005808,1.98,-0.005808000000000001,1.9000000000000001,-0.005808000000000001,3.8200000000000003,-0.5808,0.02
-5.7920000000000015e-05,1.98,-0.0005792000000000002,2.02,-0.005792,1.86,-0.005792,3.86,-0.5791999999999999,-0.02
-5.7760000000000016e-05,1.98,-0.0005776000000000002,1.98,-0.005776000000000002,1.94,-0.005776000000000002,3.86,-0.5776000000000001,-0.02
-5.760000000000002e-05,1.94,-0.0005760000000000001,1.98,-0.005760000000000001,1.94,-0.005760000000000001,3.86,-0.5760000000000001,0.02
-5.7440000000000006e-05,1.94,-0.0005744000000000001,1.98,-0.005744000000000001,1.94,-0.005744000000000001,3.86,-0.5744,0.02
-5.728000000000001e-05,1.98,-0.0005728,2.02,-0.0057280000000000005,1.94,-0.0057280000000000005,3.86,-0.5728,0.02
-5.712000000000001e-05,1.94,-0.0005712000000000002,2.02,-0.005712,1.9000000000000001,-0.005712,3.86,-0.5711999999999999,-0.02
-5.696000000000001e-05,1.98,-0.0005696000000000002,1.98,-0.005696000000000001,1.94,-0.005696000000000001,3.86,-0.5696000000000001,0.02
-5.680000000000001e-05,1.94,-0.0005680000000000001,1.98,-0.005680000000000001,1.94,-0.005680000000000001,3.86,-0.5680000000000001,0.02
-5.664000000000001e-05,1.94,-0.0005664000000000001,2.02,-0.005664000000000001,1.94,-0.005664000000000001,3.86,-0.5664,0.02
-5.6480000000000015e-05,1.98,-0.0005648000000000001,2.02,-0.005648,1.94,-0.005648,3.86,-0.5648,0.02
-5.6320000000000016e-05,1.98,-0.0005632,1.98,-0.005632000000000002,1.9000000000000001,-0.005632000000000002,3.9,-0.5632000000000001,-0.02
-5.6160000000000004e-05,1.94,-0.0005616000000000002,1.98,-0.005616000000000001,1.94,-0.005616000000000001,3.86,-0.5616000000000001,-0.02
-5.6000000000000006e-05,1.98,-0.0005600000000000002,1.98,-0.005600000000000001,1.94,-0.005600000000000001,3.86,-0.56,0.02
-5.584000000000001e-05,1.98,-0.0005584000000000001,1.98,-0.005584,1.94,-0.005584,3.86,-0.5584,-0.02
-5.568000000000001e-05,1.98,-0.0005568000000000001,2.02,-0.005568,1.94,-0.005568,3.86,-0.5568,0.02
-5.552000000000001e-05,1.94,-0.0005552,1.98,-0.005552000000000001,1.98,-0.005552000000000001,3.8200000000000003,-0.5552000000000001,0.02
-5.536000000000001e-05,1.94,-0.0005536000000000002,2.02,-0.005536000000000001,1.94,-0.005536000000000001,3.86,-0.5536000000000001,0.02
-5.5200000000000014e-05,1.94,-0.0005520000000000002,2.02,-0.005520000000000001,1.98,-0.005520000000000001,3.86,-0.552,0.02
-5.5040000000000015e-05,1.98,-0.0005504000000000002,1.98,-0.005504,1.98,-0.005504,3.8200000000000003,-0.5504,0.02
-5.488000000000002e-05,1.98,-0.0005488000000000001,2.02,-0.0054880000000000016,1.98,-0.0054880000000000016,3.86,-0.5488,0.02
-5.4720000000000005e-05,1.94,-0.0005472000000000001,2.02,-0.005472000000000001,1.98,-0.005472000000000001,3.9,-0.5472000000000001,-0.02
-5.4560000000000006e-05,1.94,-0.0005456,1.98,-0.005456000000000001,1.94,-0.005456000000000001,3.86,-0.5456000000000001,0.02
-5.440000000000001e-05,1.94,-0.0005440000000000002,1.98,-0.00544,1.98,-0.00544,3.86,-0.544,0.02
-5.424000000000001e-05,1.94,-0.0005424000000000002,2.02,-0.005424,1.98,-0.005424,3.86,-0.5424,0.02
-5.408000000000001e-05,1.98,-0.0005408000000000001,2.02,-0.005408000000000001,1.94,-0.005408000000000001,3.86,-0.5408,-0.02
-5.392000000000001e-05,1.94,-0.0005392000000000001,2.02,-0.005392000000000001,1.94,-0.005392000000000001,3.9,-0.5392000000000001,0.02
-5.3760000000000014e-05,1.98,-0.0005376000000000001,1.98,-0.005376000000000001,1.98,-0.005376000000000001,3.8200000000000003,-0.5376000000000001,0.02
-5.3600000000000015e-05,1.98,-0.000536,1.98,-0.00536,1.98,-0.00536,3.86,-0.536,-0.02
-5.344000000000002e-05,1.98,-0.0005344000000000002,2.02,-0.0053440000000000015,1.98,-0.0053440000000000015,3.86,-0.5344,0.02
-5.3280000000000005e-05,1.94,-0.0005328000000000002,2.02,-0.005328000000000001,2.02,-0.005328000000000001,3.86,-0.5327999999999999,0.02
-5.3120000000000006e-05,1.98,-0.0005312000000000001,2.02,-0.005312000000000001,2.02,-0.005312000000000001,3.86,-0.5312000000000001,0.02
-5.296000000000001e-05,1.94,-0.0005296000000000001,2.02,-0.005296,1.98,-0.005296,3.86,-0.5296000000000001,-0.02
-5.280000000000001e-05,1.98,-0.000528,1.98,-0.00528,1.98,-0.00528,3.86,-0.528,0.02
-5.264000000000001e-05,1.94,-0.0005264000000000002,2.02,-0.005264000000000001,2.02,-0.005264000000000001,3.9,-0.5264,0.02
-5.248000000000001e-05,1.98,-0.0005248000000000002,2.02,-0.005248000000000001,2.02,-0.005248000000000001,3.86,-0.5247999999999999,0.02
-5.2320000000000014e-05,1.94,-0.0005232000000000001,2.02,-0.0052320000000000005,2.02,-0.0052320000000000005,3.86,-0.5232000000000001,0.02
-5.2160000000000016e-05,1.98,-0.0005216000000000001,2.02,-0.005216,2.02,-0.005216,3.86,-0.5216000000000001,0.02
-5.200000000000002e-05,1.98,-0.0005200000000000001,2.02,-0.0052000000000000015,2.02,-0.0052000000000000015,3.86,-0.52,0.02
-5.1840000000000005e-05,1.98,-0.0005184,2.02,-0.005184000000000001,2.02,-0.005184000000000001,3.86,-0.5184,-0.02
-5.168000000000001e-05,1.94,-0.0005168000000000002,2.02,-0.005168000000000001,2.06,-0.005168000000000001,3.86,-0.5167999999999999,0.02
-5.152000000000001e-05,1.94,-0.0005152000000000002,2.02,-0.005152,2.02,-0.005152,3.9,-0.5152000000000001,0.02
-5.136000000000001e-05,1.94,-0.0005136000000000001,2.02,-0.005136000000000002,2.02,-0.005136000000000002,3.86,-0.5136000000000001,0.02
-5.120000000000001e-05,1.98,-0.0005120000000000001,2.02,-0.005120000000000001,2.06,-0.005120000000000001,3.86,-0.512,0.02
-5.104000000000001e-05,1.94,-0.0005104,2.02,-0.005104000000000001,2.06,-0.005104000000000001,3.86,-0.5104,0.02
-5.0880000000000014e-05,1.94,-0.0005088000000000002,2.02,-0.0050880000000000005,2.06,-0.0050880000000000005,3.86,-0.5088000000000001,0.02
-5.0720000000000016e-05,1.94,-0.0005072000000000002,2.02,-0.005072,2.06,-0.005072,3.86,-0.5072000000000001,0.02
-5.056000000000002e-05,1.94,-0.0005056000000000001,2.02,-0.0050560000000000015,2.06,-0.0050560000000000015,3.8200000000000003,-0.5056,0.02
-5.0400000000000005e-05,1.94,-0.0005040000000000001,2.02,-0.005040000000000001,2.06,-0.005040000000000001,3.86,-0.504,0.02
-5.024000000000001e-05,1.98,-0.0005024000000000001,2.06,-0.005024000000000001,2.06,-0.005024000000000001,3.9,-0.5024,0.02
-5.008000000000001e-05,1.94,-0.0005008,2.02,-0.005008,2.06,-0.005008,3.86,-0.5008000000000001,0.02
-4.992000000000001e-05,1.98,-0.0004992000000000002,2.02,-0.004992000000000002,2.06,-0.004992000000000002,3.86,-0.4992000000000001,0.02
-4.976000000000001e-05,1.94,-0.0004976000000000002,1.98,-0.004976000000000001,2.06,-0.004976000000000001,3.86,-0.49760000000000004,0.02
-4.960000000000001e-05,1.98,-0.0004960000000000001,2.02,-0.004960000000000001,2.06,-0.004960000000000001,3.86,-0.496,0.02
-4.9440000000000015e-05,1.98,-0.0004944000000000001,1.98,-0.0049440000000000005,2.1,-0.0049440000000000005,3.86,-0.49439999999999995,0.02
-4.9280000000000016e-05,1.94,-0.0004928,2.02,-0.004928,2.1,-0.004928,3.86,-0.4928000000000001,0.02
-4.9120000000000004e-05,1.94,-0.0004912000000000002,2.02,-0.0049120000000000014,2.1,-0.0049120000000000014,3.86,-0.4912000000000001,0.02
-4.8960000000000006e-05,1.94,-0.0004896000000000002,2.02,-0.004896000000000001,2.1,-0.004896000000000001,3.86,-0.48960000000000004,-0.02
-4.880000000000001e-05,1.94,-0.00048800000000000015,2.02,-0.004880000000000001,2.06,-0.004880000000000001,3.86,-0.488,0.02
-4.864000000000001e-05,1.94,-0.0004864000000000001,2.02,-0.004864,2.1,-0.004864,3.86,-0.48639999999999994,0.02
-4.848000000000001e-05,1.98,-0.0004848000000000001,2.02,-0.004848000000000002,2.1,-0.004848000000000002,3.86,-0.4848000000000001,0.02
-4.832000000000001e-05,1.98,-0.00048320000000000004,2.02,-0.004832000000000001,2.1,-0.004832000000000001,3.9,-0.4832000000000001,0.02
-4.816000000000001e-05,1.94,-0.0004816000000000002,1.98,-0.004816000000000001,2.1,-0.004816000000000001,3.86,-0.48160000000000003,0.02
-4.8000000000000015e-05,1.94,-0.0004800000000000002,2.02,-0.0048000000000000004,2.1,-0.0048000000000000004,3.9,-0.48,0.02
-4.7840000000000016e-05,1.94,-0.00047840000000000014,2.02,-0.004784,2.1,-0.004784,3.86,-0.47839999999999994,0.02
-4.7680000000000004e-05,1.98,-0.0004768000000000001,2.02,-0.004768000000000001,2.1,-0.004768000000000001,3.86,-0.4768000000000001,0.02
-4.7520000000000006e-05,1.98,-0.00047520000000000006,2.02,-0.004752000000000001,2.1,-0.004752000000000001,3.86,-0.47520000000000007,-0.02
-4.736000000000001e-05,1.98,-0.0004736,2.02,-0.004736000000000001,2.1,-0.004736000000000001,3.86,-0.4736,0.02
-4.720000000000001e-05,1.98,-0.0004720000000000002,2.06,-0.00472,2.14,-0.00472,3.86,-0.472,0.02
-4.704000000000001e-05,1.94,-0.00047040000000000016,2.02,-0.004704000000000002,2.14,-0.004704000000000002,3.9,-0.47039999999999993,0.02
-4.688000000000001e-05,1.94,-0.0004688000000000001,2.02,-0.004688000000000001,2.14,-0.004688000000000001,3.86,-0.4688000000000001,0.02
-4.6720000000000013e-05,1.98,-0.0004672000000000001,2.02,-0.004672000000000001,2.1,-0.004672000000000001,3.9,-0.46720000000000006,0.02
-4.6560000000000015e-05,1.94,-0.00046560000000000004,2.06,-0.004656,2.1,-0.004656,3.86,-0.4656,0.02
-4.6400000000000017e-05,1.98,-0.0004640000000000002,2.02,-0.00464,2.14,-0.00464,3.86,-0.46399999999999997,0.02
-4.6240000000000005e-05,1.98,-0.0004624000000000002,2.02,-0.004624000000000001,2.14,-0.004624000000000001,3.86,-0.46240000000000014,0.02
-4.6080000000000006e-05,1.94,-0.00046080000000000014,2.02,-0.004608000000000001,2.14,-0.004608000000000001,3.86,-0.4608000000000001,0.02
-4.592000000000001e-05,1.94,-0.0004592000000000001,2.02,-0.004592000000000001,2.14,-0.004592000000000001,3.9,-0.45920000000000005,0.02
-4.576000000000001e-05,1.94,-0.00045760000000000006,2.06,-0.004576,2.14,-0.004576,3.86,-0.4576,0.02
-4.560000000000001e-05,1.94,-0.000456,2.02,-0.0045600000000000016,2.14,-0.0045600000000000016,3.86,-0.45599999999999996,0.02
-4.544000000000001e-05,1.94,-0.0004544000000000002,2.02,-0.004544000000000001,2.14,-0.004544000000000001,3.86,-0.45440000000000014,0.02
-4.5280000000000014e-05,1.98,-0.00045280000000000016,2.02,-0.004528000000000001,2.14,-0.004528000000000001,3.86,-0.4528000000000001,0.02
-4.5120000000000015e-05,1.98,-0.0004512000000000001,2.06,-0.004512,2.14,-0.004512,3.86,-0.45120000000000005,0.02
-4.496000000000002e-05,1.98,-0.0004496000000000001,2.02,-0.004496,2.14,-0.004496,3.86,-0.4496,-0.02
-4.4800000000000005e-05,1.94,-0.00044800000000000005,2.02,-0.004480000000000001,2.18,-0.004480000000000001,3.86,-0.44799999999999995,0.02
-4.4640000000000006e-05,1.98,-0.0004464000000000002,1.98,-0.004464000000000001,2.18,-0.004464000000000001,3.9,-0.44640000000000013,0.06
-4.448000000000001e-05,1.94,-0.0004448000000000002,2.02,-0.0044480000000000006,2.18,-0.0044480000000000006,3.9,-0.4448000000000001,0.02
-4.432000000000001e-05,1.98,-0.00044320000000000015,2.02,-0.004432,2.18,-0.004432,3.86,-0.44320000000000004,0.02
-4.416000000000001e-05,1.98,-0.0004416000000000001,2.02,-0.0044160000000000015,2.18,-0.0044160000000000015,3.86,-0.4416,-0.02
-4.400000000000001e-05,1.98,-0.00044000000000000007,2.02,-0.004400000000000001,2.22,-0.004400000000000001,3.86,-0.43999999999999995,0.02
-4.3840000000000014e-05,1.98,-0.00043840000000000003,2.06,-0.004384000000000001,2.18,-0.004384000000000001,3.86,-0.4384000000000001,0.06
-4.3680000000000015e-05,1.98,-0.0004368000000000002,2.06,-0.004368,2.18,-0.004368,3.9,-0.4368000000000001,-0.02
-4.352000000000002e-05,1.94,-0.00043520000000000017,2.02,-0.004352000000000002,2.18,-0.004352000000000002,3.86,-0.43520000000000003,0.02
-4.3360000000000005e-05,1.94,-0.00043360000000000013,2.06,-0.004336000000000001,2.18,-0.004336000000000001,3.86,-0.4336,0.06
-4.3200000000000007e-05,1.98,-0.0004320000000000001,2.02,-0.004320000000000001,2.18,-0.004320000000000001,3.9,-0.43199999999999994,0.02
-4.304000000000001e-05,1.98,-0.00043040000000000005,2.02,-0.0043040000000000005,2.18,-0.0043040000000000005,3.86,-0.4304000000000001,0.02
-4.288000000000001e-05,1.94,-0.00042880000000000023,2.02,-0.004288,2.22,-0.004288,3.9,-0.42880000000000007,-0.02
-4.272000000000001e-05,1.98,-0.0004272000000000002,2.06,-0.0042720000000000015,2.22,-0.0042720000000000015,3.86,-0.4272,0.02
-4.256000000000001e-05,1.98,-0.00042560000000000015,2.06,-0.004256000000000001,2.22,-0.004256000000000001,3.86,-0.4256,0.02
-4.2400000000000014e-05,1.94,-0.0004240000000000001,2.02,-0.004240000000000001,2.18,-0.004240000000000001,3.9,-0.42399999999999993,0.02
-4.2240000000000016e-05,1.98,-0.0004224000000000001,2.02,-0.004224,2.22,-0.004224,3.9,-0.4224000000000001,0.02
-4.208000000000002e-05,1.94,-0.00042080000000000004,2.02,-0.004208000000000002,2.2600000000000002,-0.004208000000000002,3.9,-0.42080000000000006,0.02
-4.1920000000000005e-05,1.94,-0.0004192000000000002,2.02,-0.004192000000000001,2.22,-0.004192000000000001,3.86,-0.4192,0.02
-4.176000000000001e-05,1.98,-0.0004176000000000002,2.06,-0.004176000000000001,2.22,-0.004176000000000001,3.86,-0.41759999999999997,0.02
-4.160000000000001e-05,1.94,-0.00041600000000000014,2.06,-0.0041600000000000005,2.22,-0.0041600000000000005,3.86,-0.4159999999999999,0.02
-4.144000000000001e-05,1.94,-0.0004144000000000001,2.06,-0.004144,2.22,-0.004144,3.86,-0.4144000000000001,0.02
-4.128000000000001e-05,1.94,-0.00041280000000000006,2.06,-0.0041280000000000015,2.2600000000000002,-0.0041280000000000015,3.9,-0.41280000000000006,0.02
-4.112000000000001e-05,1.98,-0.00041120000000000024,2.02,-0.004112000000000001,2.22,-0.004112000000000001,3.86,-0.4112,0.02
-4.0960000000000014e-05,1.94,-0.0004096000000000002,2.06,-0.004096000000000001,2.22,-0.004096000000000001,3.86,-0.40959999999999996,0.02
-4.0800000000000016e-05,1.98,-0.00040800000000000016,2.02,-0.00408,2.2600000000000002,-0.00408,3.86,-0.40800000000000014,0.02
-4.0640000000000004e-05,1.98,-0.0004064000000000001,2.02,-0.004064000000000002,2.2600000000000002,-0.004064000000000002,3.9,-0.4064000000000001,-0.02
-4.0480000000000005e-05,1.94,-0.0004048000000000001,2.02,-0.004048000000000001,2.2600000000000002,-0.004048000000000001,3.86,-0.40480000000000005,0.02
-4.032000000000001e-05,1.98,-0.00040320000000000004,2.02,-0.004032000000000001,2.22,-0.004032000000000001,3.9,-0.4032,0.02
-4.016000000000001e-05,1.98,-0.0004016000000000002,2.02,-0.0040160000000000005,2.2600000000000002,-0.0040160000000000005,3.9,-0.40159999999999996,0.02
-4.000000000000001e-05,1.98,-0.0004000000000000002,2.02,-0.004,2.2600000000000002,-0.004,3.86,-0.40000000000000013,0.02
-3.984000000000001e-05,1.98,-0.00039840000000000014,2.06,-0.003984000000000001,2.2600000000000002,-0.003984000000000001,3.86,-0.3984000000000001,0.02
-3.968000000000001e-05,1.94,-0.0003968000000000001,2.02,-0.003968000000000001,2.2600000000000002,-0.003968000000000001,3.86,-0.39680000000000004,0.02
-3.9520000000000015e-05,1.94,-0.00039520000000000007,2.06,-0.003952000000000001,2.2600000000000002,-0.003952000000000001,3.86,-0.3952,0.02
-3.9360000000000016e-05,1.94,-0.0003936,2.02,-0.003936,2.2600000000000002,-0.003936,3.86,-0.39359999999999995,0.02
-3.9200000000000004e-05,1.94,-0.0003920000000000002,2.06,-0.003920000000000002,2.2600000000000002,-0.003920000000000002,3.86,-0.3920000000000001,0.02
-3.9040000000000006e-05,1.94,-0.00039040000000000017,2.02,-0.0039040000000000012,2.2600000000000002,-0.0039040000000000012,3.86,-0.3904000000000001,0.02
-3.888000000000001e-05,1.98,-0.0003888000000000001,2.02,-0.003888000000000001,2.2600000000000002,-0.003888000000000001,3.9,-0.38880000000000003,-0.02
-3.872000000000001e-05,1.94,-0.0003872000000000001,2.02,-0.0038720000000000004,2.2600000000000002,-0.0038720000000000004,3.86,-0.3872,0.02
-3.856000000000001e-05,1.98,-0.00038560000000000005,2.02,-0.003856,2.3000000000000003,-0.003856,3.86,-0.38559999999999994,0.06
-3.840000000000001e-05,1.94,-0.0003840000000000002,2.02,-0.0038400000000000014,2.3000000000000003,-0.0038400000000000014,3.86,-0.3840000000000001,0.06
-3.824000000000001e-05,1.98,-0.0003824000000000002,2.06,-0.003824000000000001,2.3000000000000003,-0.003824000000000001,3.9,-0.3824000000000001,0.02
-3.8080000000000015e-05,1.94,-0.00038080000000000015,2.06,-0.0038080000000000006,2.3000000000000003,-0.0038080000000000006,3.9,-0.3808,0.02
-3.7920000000000016e-05,1.94,-0.0003792000000000001,2.06,-0.0037920000000000002,2.2600000000000002,-0.0037920000000000002,3.9,-0.3792,0.02
-3.776000000000002e-05,1.94,-0.00037760000000000007,2.02,-0.0037760000000000016,2.2600000000000002,-0.0037760000000000016,3.86,-0.37759999999999994,0.02
-3.760000000000002e-05,1.98,-0.00037600000000000003,2.06,-0.003760000000000001,2.3000000000000003,-0.003760000000000001,3.86,-0.3760000000000001,0.02
-3.744000000000002e-05,2.02,-0.0003744000000000002,2.02,-0.003744000000000001,2.3000000000000003,-0.003744000000000001,3.9,-0.37440000000000007,0.02
-3.728000000000002e-05,2.02,-0.00037280000000000017,2.06,-0.0037280000000000004,2.3000000000000003,-0.0037280000000000004,3.9,-0.3728,0.02
-3.712e-05,2.02,-0.00037120000000000013,2.02,-0.003712,2.3000000000000003,-0.003712,3.9,-0.3712,0.02
-3.696e-05,1.98,-0.0003696000000000001,2.06,-0.0036960000000000014,2.3000000000000003,-0.0036960000000000014,3.8200000000000003,-0.36959999999999993,0.02
-3.68e-05,2.02,-0.00036800000000000005,2.06,-0.003680000000000001,2.3000000000000003,-0.003680000000000001,3.9,-0.3680000000000001,0.02
-3.664e-05,2.02,-0.00036640000000000023,2.06,-0.0036640000000000006,2.3000000000000003,-0.0036640000000000006,3.9,-0.36640000000000006,0.02
-3.648e-05,2.02,-0.0003648000000000002,2.06,-0.003648,2.3000000000000003,-0.003648,3.86,-0.3648,0.02
-3.6320000000000005e-05,2.02,-0.00036320000000000015,2.06,-0.0036320000000000015,2.3000000000000003,-0.0036320000000000015,3.9,-0.36319999999999997,0.02
-3.6160000000000006e-05,2.02,-0.0003616000000000001,2.02,-0.003616000000000001,2.3000000000000003,-0.003616000000000001,3.86,-0.3615999999999999,0.02
-3.600000000000001e-05,2.02,-0.0003600000000000001,2.06,-0.0036000000000000008,2.34,-0.0036000000000000008,3.86,-0.3600000000000001,0.02
-3.584000000000001e-05,2.02,-0.00035840000000000004,2.06,-0.0035840000000000004,2.34,-0.0035840000000000004,3.9,-0.35840000000000005,0.02
-3.568000000000001e-05,2.02,-0.0003568000000000002,2.06,-0.0035680000000000017,2.34,-0.0035680000000000017,3.9,-0.3568,0.02
-3.552000000000001e-05,1.98,-0.0003552000000000002,2.06,-0.0035520000000000013,2.34,-0.0035520000000000013,3.86,-0.35519999999999996,0.02
-3.5360000000000014e-05,1.98,-0.00035360000000000014,2.06,-0.003536000000000001,2.34,-0.003536000000000001,3.9,-0.35360000000000014,0.02
-3.5200000000000015e-05,1.98,-0.0003520000000000001,2.06,-0.0035200000000000006,2.34,-0.0035200000000000006,3.9,-0.3520000000000001,0.02
-3.504000000000002e-05,2.02,-0.00035040000000000006,2.06,-0.003504,2.38,-0.003504,3.9,-0.35040000000000004,0.02
-3.488000000000002e-05,1.98,-0.00034880000000000024,2.02,-0.0034880000000000015,2.34,-0.0034880000000000015,3.86,-0.3488,0.02
-3.472000000000002e-05,2.02,-0.0003472000000000002,2.06,-0.003472000000000001,2.3000000000000003,-0.003472000000000001,3.86,-0.34719999999999995,0.02
-3.456000000000002e-05,2.02,-0.00034560000000000016,2.02,-0.0034560000000000007,2.34,-0.0034560000000000007,3.9,-0.34560000000000013,0.02
-3.440000000000002e-05,2.02,-0.0003440000000000001,2.06,-0.0034400000000000003,2.34,-0.0034400000000000003,3.9,-0.3440000000000001,0.02
-3.424e-05,2.02,-0.0003424000000000001,2.1,-0.0034240000000000017,2.34,-0.0034240000000000017,3.86,-0.34240000000000004,-0.02
-3.408e-05,1.98,-0.00034080000000000004,2.06,-0.0034080000000000013,2.34,-0.0034080000000000013,3.86,-0.3408,0.02
-3.392e-05,1.98,-0.0003392000000000002,2.02,-0.003392000000000001,2.34,-0.003392000000000001,3.9,-0.33919999999999995,0.02
-3.376e-05,2.02,-0.0003376000000000002,2.02,-0.0033760000000000005,2.34,-0.0033760000000000005,3.9,-0.3376000000000001,0.02
-3.3600000000000004e-05,2.02,-0.00033600000000000014,2.02,-0.00336,2.34,-0.00336,3.86,-0.3360000000000001,0.02
-3.3440000000000005e-05,2.02,-0.0003344000000000001,2.06,-0.0033440000000000015,2.34,-0.0033440000000000015,3.9,-0.33440000000000003,0.02
-3.328000000000001e-05,2.02,-0.00033280000000000007,2.06,-0.003328000000000001,2.38,-0.003328000000000001,3.94,-0.3328,0.02
-3.312000000000001e-05,2.02,-0.00033120000000000003,2.1,-0.0033120000000000007,2.38,-0.0033120000000000007,3.86,-0.33119999999999994,-0.02
-3.296000000000001e-05,1.98,-0.0003296000000000002,2.1,-0.0032960000000000003,2.38,-0.0032960000000000003,3.86,-0.3296000000000001,0.02
-3.280000000000001e-05,1.98,-0.00032800000000000017,2.02,-0.0032800000000000017,2.38,-0.0032800000000000017,3.9,-0.32800000000000007,-0.02
-3.264000000000001e-05,1.98,-0.00032640000000000013,2.06,-0.0032640000000000013,2.38,-0.0032640000000000013,3.9,-0.3264,0.02
-3.2480000000000014e-05,2.02,-0.0003248000000000001,2.06,-0.003248000000000001,2.34,-0.003248000000000001,3.9,-0.3248,-0.02
-3.2320000000000016e-05,1.98,-0.00032320000000000005,2.06,-0.0032320000000000005,2.38,-0.0032320000000000005,3.86,-0.32319999999999993,-0.02
-3.216000000000002e-05,2.02,-0.00032160000000000023,2.02,-0.003216,2.38,-0.003216,3.9,-0.3216000000000001,0.02
-3.200000000000002e-05,2.06,-0.0003200000000000002,2.06,-0.0032000000000000015,2.38,-0.0032000000000000015,3.9,-0.32000000000000006,-0.02
-3.184000000000002e-05,2.02,-0.00031840000000000015,2.06,-0.003184000000000001,2.38,-0.003184000000000001,3.86,-0.3184,0.02
-3.168000000000002e-05,1.98,-0.0003168000000000001,2.06,-0.0031680000000000007,2.38,-0.0031680000000000007,3.9,-0.31679999999999997,0.02
-3.1520000000000023e-05,2.02,-0.00031520000000000007,2.1,-0.0031520000000000003,2.38,-0.0031520000000000003,3.86,-0.3151999999999999,0.02
-3.136e-05,1.98,-0.00031360000000000003,2.06,-0.0031360000000000016,2.42,-0.0031360000000000016,3.9,-0.3136000000000001,0.02
-3.12e-05,2.02,-0.0003120000000000002,2.06,-0.0031200000000000012,2.42,-0.0031200000000000012,3.9,-0.31200000000000006,0.02
-3.104e-05,2.02,-0.00031040000000000017,2.06,-0.003104000000000001,2.38,-0.003104000000000001,3.9,-0.3104,-0.02
-3.088e-05,2.02,-0.00030880000000000013,2.06,-0.0030880000000000005,2.42,-0.0030880000000000005,3.9,-0.30879999999999996,-0.02
-3.0720000000000004e-05,2.02,-0.0003072000000000001,2.06,-0.003072,2.38,-0.003072,3.9,-0.3071999999999999,0.02
-3.0560000000000006e-05,2.02,-0.00030560000000000006,2.06,-0.0030560000000000014,2.38,-0.0030560000000000014,3.86,-0.3056000000000001,-0.02
-3.0400000000000007e-05,2.02,-0.00030400000000000023,2.06,-0.003040000000000001,2.42,-0.003040000000000001,3.9,-0.30400000000000005,-0.02
-3.024000000000001e-05,1.98,-0.0003024000000000002,2.06,-0.0030240000000000006,2.42,-0.0030240000000000006,3.86,-0.3024,-0.02
-3.008000000000001e-05,2.02,-0.00030080000000000016,2.06,-0.0030080000000000003,2.42,-0.0030080000000000003,3.86,-0.30079999999999996,0.02
-2.992000000000001e-05,2.02,-0.0002992000000000001,2.06,-0.0029920000000000016,2.38,-0.0029920000000000016,3.9,-0.29920000000000013,0.02
-2.9760000000000013e-05,1.98,-0.0002976000000000001,2.06,-0.002976000000000001,2.42,-0.002976000000000001,3.86,-0.2976000000000001,0.02
-2.9600000000000015e-05,2.02,-0.00029600000000000004,2.06,-0.002960000000000001,2.42,-0.002960000000000001,3.86,-0.29600000000000004,0.02
-2.9440000000000016e-05,2.02,-0.0002944000000000002,2.06,-0.0029440000000000004,2.42,-0.0029440000000000004,3.86,-0.2944,-0.02
-2.9280000000000018e-05,2.02,-0.0002928000000000002,2.06,-0.0029280000000000018,2.42,-0.0029280000000000018,3.9,-0.29279999999999995,-0.02
-2.912000000000002e-05,2.02,-0.00029120000000000014,2.06,-0.0029120000000000014,2.42,-0.0029120000000000014,3.9,-0.2912000000000001,-0.02
-2.896000000000002e-05,2.02,-0.0002896000000000001,2.06,-0.002896000000000001,2.42,-0.002896000000000001,3.9,-0.2896000000000001,-0.02
-2.8800000000000022e-05,1.98,-0.00028800000000000006,2.06,-0.0028800000000000006,2.42,-0.0028800000000000006,3.9,-0.28800000000000003,0.02
-2.8639999999999997e-05,2.02,-0.00028640000000000024,2.06,-0.0028640000000000002,2.42,-0.0028640000000000002,3.9,-0.2864,0.02
-2.848e-05,1.98,-0.0002848000000000002,2.06,-0.0028480000000000016,2.46,-0.0028480000000000016,3.9,-0.28479999999999994,0.62
-2.832e-05,1.98,-0.00028320000000000016,2.06,-0.002832000000000001,2.46,-0.002832000000000001,3.9,-0.2832000000000001,1.1400000000000001
-2.816e-05,2.02,-0.0002816000000000001,2.06,-0.002816000000000001,2.46,-0.002816000000000001,3.9,-0.2816000000000001,1.54
-2.8000000000000003e-05,2.02,-0.0002800000000000001,2.06,-0.0028000000000000004,2.42,-0.0028000000000000004,3.86,-0.28,1.94
-2.7840000000000005e-05,2.02,-0.00027840000000000005,2.06,-0.0027840000000000018,2.46,-0.0027840000000000018,3.86,-0.2784,2.18
-2.7680000000000006e-05,2.06,-0.0002768000000000002,2.06,-0.0027680000000000014,2.46,-0.0027680000000000014,3.9,-0.27679999999999993,2.46
-2.7520000000000008e-05,2.02,-0.0002752000000000002,2.06,-0.002752000000000001,2.46,-0.002752000000000001,3.9,-0.2752000000000001,2.66
-2.736000000000001e-05,2.02,-0.00027360000000000015,2.06,-0.0027360000000000006,2.46,-0.0027360000000000006,3.86,-0.27360000000000007,2.9
-2.720000000000001e-05,2.02,-0.0002720000000000001,2.06,-0.00272,2.46,-0.00272,3.9,-0.272,3.02
-2.7040000000000012e-05,1.98,-0.00027040000000000007,2.06,-0.0027040000000000015,2.46,-0.0027040000000000015,3.9,-0.2704,3.18
-2.6880000000000014e-05,2.02,-0.00026880000000000025,2.06,-0.002688000000000001,2.46,-0.002688000000000001,3.9,-0.26879999999999993,3.3000000000000003
-2.6720000000000015e-05,2.02,-0.0002672000000000002,2.06,-0.0026720000000000008,2.46,-0.0026720000000000008,3.9,-0.2672000000000001,3.38
-2.6560000000000017e-05,2.02,-0.00026560000000000017,2.06,-0.0026560000000000004,2.46,-0.0026560000000000004,3.9,-0.26560000000000006,3.46
-2.6400000000000018e-05,2.02,-0.00026400000000000013,2.06,-0.0026400000000000017,2.5,-0.0026400000000000017,3.9,-0.264,3.54
-2.624000000000002e-05,2.02,-0.0002624000000000001,2.06,-0.0026240000000000013,2.46,-0.0026240000000000013,3.9,-0.26239999999999997,3.58
-2.608000000000002e-05,2.02,-0.00026080000000000005,2.06,-0.002608000000000001,2.46,-0.002608000000000001,3.9,-0.2607999999999999,3.62
-2.5920000000000023e-05,2.02,-0.00025920000000000023,2.02,-0.0025920000000000006,2.5,-0.0025920000000000006,3.9,-0.2592000000000001,3.7
-2.5759999999999997e-05,2.02,-0.0002576000000000002,2.02,-0.002576,2.5,-0.002576,3.9,-0.25760000000000005,3.74
-2.56e-05,1.98,-0.00025600000000000015,2.02,-0.0025600000000000015,2.46,-0.0025600000000000015,3.9,-0.256,3.74
-2.544e-05,2.02,-0.0002544000000000001,2.02,-0.002544000000000001,2.46,-0.002544000000000001,3.9,-0.25439999999999996,3.7800000000000002
-2.5280000000000002e-05,2.02,-0.0002528000000000001,2.02,-0.0025280000000000007,2.5,-0.0025280000000000007,3.9,-0.2527999999999999,3.7800000000000002
-2.5120000000000003e-05,1.98,-0.00025120000000000003,2.02,-0.0025120000000000003,2.5,-0.0025120000000000003,3.9,-0.2512000000000001,3.8200000000000003
-2.4960000000000005e-05,2.02,-0.0002496000000000002,2.02,-0.0024960000000000017,2.5,-0.0024960000000000017,3.86,-0.24960000000000004,3.86
-2.4800000000000007e-05,2.02,-0.0002480000000000002,2.02,-0.0024800000000000013,2.5,-0.0024800000000000013,3.9,-0.248,3.86
-2.4640000000000008e-05,2.02,-0.00024640000000000013,2.02,-0.002464000000000001,2.5,-0.002464000000000001,3.9,-0.24639999999999995,3.94
-2.448000000000001e-05,2.02,-0.0002448000000000001,2.02,-0.0024480000000000005,2.5,-0.0024480000000000005,3.9,-0.24480000000000013,3.9
-2.432000000000001e-05,2.02,-0.00024320000000000006,2.02,-0.002432,2.5,-0.002432,3.9,-0.24320000000000008,3.9
-2.4160000000000013e-05,1.98,-0.00024160000000000023,2.02,-0.0024160000000000015,2.5,-0.0024160000000000015,3.86,-0.24160000000000004,3.9
-2.4000000000000014e-05,2.02,-0.0002400000000000002,2.02,-0.002400000000000001,2.5,-0.002400000000000001,3.9,-0.24,3.9
-2.3840000000000016e-05,1.98,-0.00023840000000000016,2.02,-0.0023840000000000007,2.46,-0.0023840000000000007,3.9,-0.23839999999999995,3.94
-2.3680000000000017e-05,2.02,-0.00023680000000000012,2.02,-0.0023680000000000003,2.46,-0.0023680000000000003,3.9,-0.23680000000000012,3.94
-2.352000000000002e-05,2.02,-0.00023520000000000008,2.02,-0.0023520000000000017,2.46,-0.0023520000000000017,3.9,-0.23520000000000008,3.94
-2.336000000000002e-05,2.02,-0.00023360000000000004,2.02,-0.0023360000000000013,2.46,-0.0023360000000000013,3.86,-0.23360000000000003,3.94
-2.3200000000000022e-05,2.02,-0.00023200000000000022,1.98,-0.002320000000000001,2.46,-0.002320000000000001,3.94,-0.23199999999999998,3.94
-2.3040000000000023e-05,2.02,-0.00023040000000000018,2.02,-0.0023040000000000005,2.46,-0.0023040000000000005,3.9,-0.23039999999999994,3.94
-2.2879999999999998e-05,2.02,-0.00022880000000000014,2.02,-0.002288,2.42,-0.002288,3.9,-0.22880000000000011,3.98
-2.272e-05,2.02,-0.0002272000000000001,2.02,-0.0022720000000000014,2.46,-0.0022720000000000014,3.9,-0.22720000000000007,3.94
-2.256e-05,1.98,-0.00022560000000000006,2.02,-0.002256000000000001,2.42,-0.002256000000000001,3.94,-0.22560000000000002,3.94
-2.2400000000000002e-05,2.02,-0.00022400000000000024,1.98,-0.0022400000000000007,2.42,-0.0022400000000000007,3.9,-0.22399999999999998,3.94
-2.2240000000000004e-05,2.02,-0.0002224000000000002,1.98,-0.0022240000000000003,2.42,-0.0022240000000000003,3.9,-0.22239999999999993,3.94
-2.2080000000000005e-05,1.98,-0.00022080000000000016,2.02,-0.0022080000000000016,2.42,-0.0022080000000000016,3.9,-0.2208000000000001,3.98
-2.1920000000000007e-05,2.02,-0.00021920000000000012,2.02,-0.0021920000000000012,2.42,-0.0021920000000000012,3.9,-0.21920000000000006,3.94
-2.176000000000001e-05,2.02,-0.00021760000000000009,2.02,-0.002176000000000001,2.38,-0.002176000000000001,3.9,-0.21760000000000002,3.94
-2.160000000000001e-05,1.98,-0.00021600000000000005,2.02,-0.0021600000000000005,2.38,-0.0021600000000000005,3.9,-0.21599999999999997,3.94
-2.144000000000001e-05,2.02,-0.00021440000000000022,2.02,-0.002144000000000002,2.42,-0.002144000000000002,3.9,-0.21439999999999992,3.94
-2.1280000000000013e-05,2.02,-0.00021280000000000019,2.02,-0.0021280000000000014,2.38,-0.0021280000000000014,3.86,-0.2128000000000001,3.98
-2.1120000000000015e-05,2.02,-0.00021120000000000015,1.98,-0.002112000000000001,2.42,-0.002112000000000001,3.9,-0.21120000000000005,3.98
-2.0960000000000016e-05,2.02,-0.0002096000000000001,2.02,-0.0020960000000000006,2.38,-0.0020960000000000006,3.86,-0.2096,3.94
-2.0800000000000018e-05,2.02,-0.00020800000000000007,2.02,-0.0020800000000000003,2.38,-0.0020800000000000003,3.9,-0.20799999999999996,3.94
-2.064000000000002e-05,2.02,-0.00020640000000000025,2.02,-0.0020640000000000016,2.38,-0.0020640000000000016,3.9,-0.20639999999999992,3.98
-2.048000000000002e-05,2.02,-0.0002048000000000002,2.02,-0.002048000000000001,2.38,-0.002048000000000001,3.9,-0.2048000000000001,3.98
-2.0320000000000022e-05,2.02,-0.00020320000000000017,2.02,-0.002032000000000001,2.38,-0.002032000000000001,3.9,-0.20320000000000005,3.98
-2.0159999999999997e-05,2.02,-0.00020160000000000013,2.02,-0.0020160000000000004,2.38,-0.0020160000000000004,3.86,-0.2016,3.94
-1.9999999999999998e-05,1.98,-0.0002000000000000001,2.02,-0.0020000000000000018,2.38,-0.0020000000000000018,3.86,-0.19999999999999996,3.94
-1.984e-05,2.02,-0.00019840000000000005,1.98,-0.0019840000000000014,2.34,-0.0019840000000000014,3.9,-0.19840000000000013,3.94
-1.968e-05,2.02,-0.00019680000000000023,2.02,-0.001968000000000001,2.34,-0.001968000000000001,3.9,-0.19680000000000009,3.98
-1.9520000000000003e-05,1.98,-0.0001952000000000002,1.98,-0.0019520000000000006,2.34,-0.0019520000000000006,3.9,-0.19520000000000004,3.98
-1.9360000000000004e-05,2.02,-0.00019360000000000015,1.98,-0.0019360000000000002,2.38,-0.0019360000000000002,3.86,-0.1936,3.98
-1.9200000000000006e-05,2.02,-0.0001920000000000001,2.02,-0.0019200000000000016,2.34,-0.0019200000000000016,3.9,-0.19199999999999995,3.98
-1.9040000000000007e-05,2.02,-0.00019040000000000007,2.02,-0.0019040000000000012,2.34,-0.0019040000000000012,3.9,-0.19040000000000012,3.94
-1.888000000000001e-05,2.02,-0.00018880000000000004,2.02,-0.0018880000000000008,2.34,-0.0018880000000000008,3.9,-0.18880000000000008,3.94
-1.872000000000001e-05,2.02,-0.0001872000000000002,1.98,-0.0018720000000000004,2.34,-0.0018720000000000004,3.9,-0.18720000000000003,3.98
-1.8560000000000012e-05,2.02,-0.00018560000000000017,1.98,-0.0018560000000000017,2.34,-0.0018560000000000017,3.9,-0.1856,3.98
-1.8400000000000014e-05,1.98,-0.00018400000000000014,2.02,-0.0018400000000000014,2.34,-0.0018400000000000014,3.9,-0.18399999999999994,3.98
-1.8240000000000015e-05,2.02,-0.0001824000000000001,2.02,-0.001824000000000001,2.34,-0.001824000000000001,3.94,-0.18240000000000012,3.98
-1.8080000000000017e-05,1.98,-0.00018080000000000006,1.98,-0.0018080000000000006,2.34,-0.0018080000000000006,3.9,-0.18080000000000007,3.98
-1.7920000000000018e-05,1.98,-0.00017920000000000024,1.98,-0.0017920000000000002,2.3000000000000003,-0.0017920000000000002,3.9,-0.17920000000000003,3.94
-1.776000000000002e-05,1.98,-0.0001776000000000002,2.02,-0.0017760000000000015,2.34,-0.0017760000000000015,3.9,-0.17759999999999998,3.98
-1.760000000000002e-05,2.02,-0.00017600000000000016,1.98,-0.0017600000000000011,2.3000000000000003,-0.0017600000000000011,3.86,-0.17599999999999993,3.94
-1.7440000000000023e-05,1.98,-0.00017440000000000012,1.98,-0.0017440000000000008,2.34,-0.0017440000000000008,3.9,-0.1744000000000001,3.98
-1.7279999999999997e-05,2.02,-0.00017280000000000008,2.02,-0.0017280000000000004,2.3000000000000003,-0.0017280000000000004,3.9,-0.17280000000000006,3.98
-1.712e-05,2.02,-0.00017120000000000004,2.02,-0.0017120000000000017,2.3000000000000003,-0.0017120000000000017,3.9,-0.17120000000000002,3.98
-1.696e-05,2.02,-0.00016960000000000022,2.02,-0.0016960000000000013,2.3000000000000003,-0.0016960000000000013,3.9,-0.16959999999999997,3.94
-1.6800000000000002e-05,1.98,-0.00016800000000000018,1.98,-0.001680000000000001,2.3000000000000003,-0.001680000000000001,3.9,-0.16799999999999993,3.98
-1.6640000000000003e-05,2.02,-0.00016640000000000014,1.98,-0.0016640000000000005,2.3000000000000003,-0.0016640000000000005,3.9,-0.1664000000000001,3.98
-1.6480000000000005e-05,1.98,-0.0001648000000000001,1.98,-0.0016480000000000002,2.2600000000000002,-0.0016480000000000002,3.9,-0.16480000000000006,3.98
-1.6320000000000006e-05,2.02,-0.00016320000000000006,2.02,-0.0016320000000000015,2.3000000000000003,-0.0016320000000000015,3.9,-0.1632,3.98
-1.6160000000000008e-05,2.02,-0.00016160000000000024,2.02,-0.0016160000000000011,2.2600000000000002,-0.0016160000000000011,3.9,-0.16159999999999997,3.98
-1.600000000000001e-05,2.02,-0.0001600000000000002,1.98,-0.0016000000000000007,2.2600000000000002,-0.0016000000000000007,3.9,-0.15999999999999992,3.94
-1.584000000000001e-05,1.98,-0.00015840000000000016,1.98,-0.0015840000000000003,2.2600000000000002,-0.0015840000000000003,3.9,-0.1584000000000001,3.98
-1.5680000000000013e-05,2.06,-0.00015680000000000013,1.98,-0.0015680000000000017,2.2600000000000002,-0.0015680000000000017,3.9,-0.15680000000000005,3.94
-1.5520000000000014e-05,1.98,-0.00015520000000000009,2.02,-0.0015520000000000013,2.2600000000000002,-0.0015520000000000013,3.9,-0.1552,3.98
-1.5360000000000016e-05,2.02,-0.00015360000000000005,1.98,-0.001536000000000001,2.2600000000000002,-0.001536000000000001,3.9,-0.15359999999999996,3.98
-1.5200000000000017e-05,2.02,-0.00015200000000000023,1.98,-0.0015200000000000005,2.2600000000000002,-0.0015200000000000005,3.9,-0.1519999999999999,3.98
-1.5040000000000019e-05,1.98,-0.00015040000000000019,2.02,-0.0015040000000000001,2.2600000000000002,-0.0015040000000000001,3.9,-0.1504000000000001,3.94
-1.488000000000002e-05,1.98,-0.00014880000000000015,1.98,-0.0014880000000000015,2.2600000000000002,-0.0014880000000000015,3.86,-0.14880000000000004,3.94
-1.4720000000000022e-05,2.02,-0.0001472000000000001,2.02,-0.001472000000000001,2.2600000000000002,-0.001472000000000001,3.9,-0.1472,3.94
-1.4560000000000023e-05,2.02,-0.00014560000000000007,1.98,-0.0014560000000000007,2.2600000000000002,-0.0014560000000000007,3.9,-0.14559999999999995,3.98
-1.4399999999999998e-05,2.02,-0.00014400000000000025,1.98,-0.0014400000000000003,2.22,-0.0014400000000000003,3.9,-0.14400000000000013,3.98
-1.424e-05,2.02,-0.0001424000000000002,1.98,-0.0014240000000000017,2.22,-0.0014240000000000017,3.9,-0.14240000000000008,3.98
-1.408e-05,2.02,-0.00014080000000000017,2.02,-0.0014080000000000013,2.22,-0.0014080000000000013,3.9,-0.14080000000000004,3.98
-1.3920000000000002e-05,2.02,-0.00013920000000000013,2.02,-0.0013920000000000009,2.2600000000000002,-0.0013920000000000009,3.9,-0.1392,3.94
-1.3760000000000004e-05,1.98,-0.0001376000000000001,2.02,-0.0013760000000000005,2.22,-0.0013760000000000005,3.9,-0.13759999999999994,3.98
-1.3600000000000005e-05,2.02,-0.00013600000000000005,1.98,-0.0013600000000000018,2.22,-0.0013600000000000018,3.9,-0.13600000000000012,3.94
-1.3440000000000007e-05,2.02,-0.00013440000000000023,1.98,-0.0013440000000000014,2.22,-0.0013440000000000014,3.94,-0.13440000000000007,3.94
-1.3280000000000008e-05,1.98,-0.0001328000000000002,1.98,-0.001328000000000001,2.22,-0.001328000000000001,3.9,-0.13280000000000003,3.94
-1.312000000000001e-05,2.02,-0.00013120000000000015,1.98,-0.0013120000000000007,2.22,-0.0013120000000000007,3.9,-0.13119999999999998,3.94
-1.2960000000000011e-05,2.02,-0.00012960000000000011,2.02,-0.0012960000000000003,2.18,-0.0012960000000000003,3.9,-0.12959999999999994,3.98
-1.2800000000000013e-05,2.02,-0.00012800000000000008,2.02,-0.0012800000000000016,2.18,-0.0012800000000000016,3.9,-0.1280000000000001,3.98
-1.2640000000000015e-05,1.98,-0.00012640000000000004,1.98,-0.0012640000000000012,2.14,-0.0012640000000000012,3.9,-0.12640000000000007,3.94
-1.2480000000000016e-05,2.02,-0.00012480000000000021,1.98,-0.0012480000000000008,2.18,-0.0012480000000000008,3.9,-0.12480000000000002,3.98
-1.2320000000000018e-05,1.98,-0.00012320000000000018,2.02,-0.0012320000000000005,2.22,-0.0012320000000000005,3.9,-0.12319999999999998,3.98
-1.2160000000000019e-05,2.02,-0.00012160000000000014,2.02,-0.0012160000000000018,2.18,-0.0012160000000000018,3.9,-0.12159999999999993,3.98
-1.200000000000002e-05,2.02,-0.0001200000000000001,2.02,-0.0012000000000000014,2.14,-0.0012000000000000014,3.94,-0.1200000000000001,3.98
-1.1840000000000022e-05,2.02,-0.00011840000000000006,2.02,-0.001184000000000001,2.18,-0.001184000000000001,3.86,-0.11840000000000006,3.98
-1.1679999999999997e-05,2.02,-0.00011680000000000024,1.98,-0.0011680000000000006,2.18,-0.0011680000000000006,3.94,-0.11680000000000001,3.98
-1.1519999999999998e-05,2.02,-0.0001152000000000002,1.98,-0.0011520000000000002,2.18,-0.0011520000000000002,3.9,-0.11519999999999997,3.98
-1.136e-05,2.02,-0.00011360000000000016,1.98,-0.0011360000000000016,2.18,-0.0011360000000000016,3.94,-0.11359999999999992,3.98
-1.1200000000000001e-05,2.02,-0.00011200000000000012,1.98,-0.0011200000000000012,2.18,-0.0011200000000000012,3.9,-0.1120000000000001,3.98
-1.1040000000000003e-05,2.02,-0.00011040000000000008,1.98,-0.0011040000000000008,2.14,-0.0011040000000000008,3.9,-0.11040000000000005,3.98
-1.0880000000000004e-05,2.02,-0.00010880000000000004,1.98,-0.0010880000000000004,2.14,-0.0010880000000000004,3.94,-0.10880000000000001,3.98
-1.0720000000000006e-05,1.98,-0.00010720000000000022,1.98,-0.0010720000000000018,2.14,-0.0010720000000000018,3.9,-0.10719999999999996,3.98
-1.0560000000000007e-05,2.02,-0.00010560000000000018,1.98,-0.0010560000000000014,2.14,-0.0010560000000000014,3.9,-0.10559999999999992,3.94
-1.0400000000000009e-05,2.02,-0.00010400000000000014,1.98,-0.001040000000000001,2.14,-0.001040000000000001,3.9,-0.10400000000000009,3.98
-1.024000000000001e-05,2.02,-0.0001024000000000001,1.98,-0.0010240000000000006,2.18,-0.0010240000000000006,3.9,-0.10240000000000005,3.94
-1.0080000000000012e-05,2.02,-0.00010080000000000006,1.98,-0.0010080000000000002,2.14,-0.0010080000000000002,3.9,-0.1008,3.94
-9.920000000000013e-06,2.02,-9.920000000000024e-05,2.02,-0.0009920000000000016,2.1,-0.0009920000000000016,3.9,-0.09919999999999995,3.98
-9.760000000000015e-06,1.98,-9.76000000000002e-05,1.98,-0.0009760000000000012,2.1,-0.0009760000000000012,3.9,-0.09759999999999991,3.98
-9.600000000000017e-06,2.02,-9.600000000000017e-05,1.98,-0.0009600000000000008,2.14,-0.0009600000000000008,3.9,-0.09600000000000009,3.98
-9.440000000000018e-06,2.02,-9.440000000000013e-05,1.98,-0.0009440000000000004,2.1,-0.0009440000000000004,3.86,-0.09440000000000004,3.98
-9.28000000000002e-06,2.02,-9.280000000000009e-05,1.98,-0.0009280000000000017,2.14,-0.0009280000000000017,3.86,-0.0928,3.98
-9.120000000000021e-06,2.02,-9.120000000000005e-05,1.98,-0.0009120000000000014,2.1,-0.0009120000000000014,3.9,-0.09119999999999995,3.94
-8.960000000000023e-06,2.02,-8.960000000000023e-05,2.02,-0.000896000000000001,2.1,-0.000896000000000001,3.9,-0.08960000000000012,3.94
-8.799999999999997e-06,2.02,-8.800000000000019e-05,1.98,-0.0008800000000000006,2.14,-0.0008800000000000006,3.9,-0.08800000000000008,3.98
-8.639999999999999e-06,2.02,-8.640000000000015e-05,1.98,-0.0008640000000000002,2.1,-0.0008640000000000002,3.9,-0.08640000000000003,3.98
-8.48e-06,2.02,-8.480000000000011e-05,1.98,-0.0008480000000000015,2.06,-0.0008480000000000015,3.9,-0.08479999999999999,3.98
-8.320000000000002e-06,2.02,-8.320000000000007e-05,1.98,-0.0008320000000000011,2.06,-0.0008320000000000011,3.86,-0.08319999999999994,3.98
-8.160000000000003e-06,2.02,-8.160000000000025e-05,2.02,-0.0008160000000000008,2.1,-0.0008160000000000008,3.9,-0.08160000000000012,3.98
-8.000000000000005e-06,2.02,-8.000000000000021e-05,1.98,-0.0008000000000000004,2.1,-0.0008000000000000004,3.94,-0.08000000000000007,3.94
-7.840000000000006e-06,2.06,-7.840000000000017e-05,1.98,-0.0007840000000000017,2.1,-0.0007840000000000017,3.9,-0.07840000000000003,3.98
-7.680000000000008e-06,2.02,-7.680000000000013e-05,1.98,-0.0007680000000000013,2.06,-0.0007680000000000013,3.9,-0.07679999999999998,3.98
-7.520000000000009e-06,2.06,-7.520000000000009e-05,1.98,-0.0007520000000000009,2.06,-0.0007520000000000009,3.9,-0.07519999999999993,3.98
-7.360000000000011e-06,2.02,-7.360000000000005e-05,1.98,-0.0007360000000000005,2.1,-0.0007360000000000005,3.9,-0.07360000000000011,3.98
-7.200000000000012e-06,1.98,-7.200000000000023e-05,1.98,-0.0007200000000000019,2.06,-0.0007200000000000019,3.9,-0.07200000000000006,3.98
-7.040000000000014e-06,2.02,-7.04000000000002e-05,1.98,-0.0007040000000000015,2.1,-0.0007040000000000015,3.9,-0.07040000000000002,3.98
-6.8800000000000154e-06,2.02,-6.880000000000015e-05,1.94,-0.0006880000000000011,2.06,-0.0006880000000000011,3.9,-0.06879999999999997,3.94
-6.720000000000017e-06,2.02,-6.720000000000012e-05,1.98,-0.0006720000000000007,2.06,-0.0006720000000000007,3.9,-0.06719999999999993,3.94
-6.5600000000000185e-06,2.02,-6.560000000000008e-05,2.02,-0.0006560000000000003,2.02,-0.0006560000000000003,3.9,-0.0656000000000001,3.98
-6.40000000000002e-06,2.02,-6.400000000000004e-05,1.98,-0.0006400000000000017,2.06,-0.0006400000000000017,3.94,-0.06400000000000006,3.98
-6.2400000000000216e-06,1.98,-6.240000000000022e-05,1.98,-0.0006240000000000013,2.06,-0.0006240000000000013,3.9,-0.06240000000000001,3.98
-6.080000000000023e-06,2.02,-6.080000000000018e-05,1.98,-0.0006080000000000009,2.02,-0.0006080000000000009,3.9,-0.060799999999999965,3.98
-5.9199999999999975e-06,1.98,-5.920000000000014e-05,1.98,-0.0005920000000000005,2.06,-0.0005920000000000005,3.9,-0.05919999999999992,3.98
-5.759999999999999e-06,1.98,-5.76000000000001e-05,1.94,-0.0005760000000000019,2.06,-0.0005760000000000019,3.9,-0.057600000000000096,3.98
-5.600000000000001e-06,2.02,-5.600000000000006e-05,1.98,-0.0005600000000000015,2.02,-0.0005600000000000015,3.9,-0.05600000000000005,3.94
-5.440000000000002e-06,2.02,-5.440000000000024e-05,1.98,-0.0005440000000000011,2.06,-0.0005440000000000011,3.9,-0.054400000000000004,3.94
-5.280000000000004e-06,2.02,-5.28000000000002e-05,1.98,-0.0005280000000000007,2.02,-0.0005280000000000007,3.9,-0.05279999999999996,3.94
-5.120000000000005e-06,2.02,-5.120000000000016e-05,1.98,-0.0005120000000000003,2.06,-0.0005120000000000003,3.9,-0.05119999999999991,3.98
-4.960000000000007e-06,2.02,-4.960000000000012e-05,1.98,-0.0004960000000000016,2.06,-0.0004960000000000016,3.9,-0.04960000000000009,3.98
-4.800000000000008e-06,2.02,-4.800000000000008e-05,1.98,-0.00048000000000000126,2.02,-0.00048000000000000126,3.9,-0.04800000000000004,3.98
-4.64000000000001e-06,2.02,-4.6400000000000044e-05,1.98,-0.00046400000000000087,2.02,-0.00046400000000000087,3.86,-0.0464,3.98
-4.480000000000011e-06,2.02,-4.480000000000022e-05,1.98,-0.0004480000000000005,2.06,-0.0004480000000000005,3.9,-0.04479999999999995,3.98
-4.320000000000013e-06,2.02,-4.320000000000018e-05,1.98,-0.0004320000000000018,1.98,-0.0004320000000000018,3.9,-0.043199999999999905,3.98
-4.160000000000014e-06,1.98,-4.1600000000000144e-05,1.98,-0.00041600000000000144,2.02,-0.00041600000000000144,3.9,-0.04160000000000008,3.98
-4.000000000000016e-06,1.98,-4.0000000000000105e-05,1.98,-0.00040000000000000105,2.02,-0.00040000000000000105,3.9,-0.040000000000000036,3.98
-3.8400000000000174e-06,2.02,-3.8400000000000066e-05,1.98,-0.00038400000000000066,2.02,-0.00038400000000000066,3.9,-0.03839999999999999,3.98
-3.680000000000019e-06,2.02,-3.6800000000000244e-05,1.94,-0.00036800000000000027,2.02,-0.00036800000000000027,3.9,-0.036799999999999944,3.98
-3.5200000000000205e-06,2.02,-3.5200000000000205e-05,1.94,-0.0003520000000000016,1.98,-0.0003520000000000016,3.9,-0.03520000000000012,3.98
-3.360000000000022e-06,2.02,-3.3600000000000166e-05,1.98,-0.0003359999999999995,2.02,-0.0003359999999999995,3.9,-0.033600000000000074,3.98
-3.1999999999999965e-06,2.02,-3.200000000000013e-05,1.98,-0.00032000000000000084,1.98,-0.00032000000000000084,3.9,-0.03200000000000003,3.94
-3.039999999999998e-06,2.02,-3.040000000000009e-05,1.98,-0.0003040000000000022,2.02,-0.0003040000000000022,3.94,-0.030399999999999983,3.98
-2.8799999999999995e-06,2.06,-2.880000000000005e-05,1.98,-0.00028800000000000006,1.98,-0.00028800000000000006,3.9,-0.028799999999999937,3.98
-2.720000000000001e-06,2.02,-2.7200000000000227e-05,1.98,-0.0002720000000000014,2.02,-0.0002720000000000014,3.9,-0.027200000000000113,3.94
-2.5600000000000026e-06,2.02,-2.560000000000019e-05,1.94,-0.00025600000000000275,1.98,-0.00025600000000000275,3.94,-0.025600000000000067,3.94
-2.400000000000004e-06,2.02,-2.400000000000015e-05,1.98,-0.00024000000000000063,1.98,-0.00024000000000000063,3.9,-0.02400000000000002,3.98
-2.2400000000000057e-06,2.02,-2.240000000000011e-05,1.98,-0.00022400000000000198,1.98,-0.00022400000000000198,3.9,-0.022399999999999975,3.94
-2.080000000000007e-06,2.02,-2.0800000000000072e-05,1.98,-0.00020799999999999985,1.98,-0.00020799999999999985,3.9,-0.02079999999999993,3.98
-1.9200000000000087e-06,2.02,-1.920000000000025e-05,1.94,-0.0001920000000000012,1.98,-0.0001920000000000012,3.9,-0.019200000000000106,3.98
-1.7600000000000103e-06,2.02,-1.760000000000021e-05,1.94,-0.00017600000000000254,1.98,-0.00017600000000000254,3.9,-0.01760000000000006,3.98
-1.6000000000000118e-06,2.02,-1.6000000000000172e-05,1.94,-0.00016000000000000042,1.98,-0.00016000000000000042,3.9,-0.016000000000000014,3.98
-1.4400000000000133e-06,2.02,-1.4400000000000133e-05,1.98,-0.00014400000000000177,1.94,-0.00014400000000000177,3.9,-0.014399999999999968,3.94
-1.2800000000000148e-06,2.02,-1.2800000000000094e-05,1.98,-0.00012799999999999964,1.94,-0.00012799999999999964,3.9,-0.012799999999999923,3.98
-1.1200000000000164e-06,2.02,-1.1200000000000055e-05,1.98,-0.00011200000000000099,1.94,-0.00011200000000000099,3.94,-0.011200000000000099,3.94
-9.60000000000018e-07,1.98,-9.600000000000233e-06,1.98,-9.600000000000233e-05,1.98,-9.600000000000233e-05,3.9,-0.009600000000000053,3.98
-8.000000000000194e-07,2.02,-8.000000000000194e-06,1.94,-8.000000000000021e-05,1.94,-8.000000000000021e-05,3.9,-0.008000000000000007,3.98
-6.40000000000021e-07,2.02,-6.4000000000001556e-06,1.94,-6.400000000000156e-05,1.94,-6.400000000000156e-05,3.9,-0.006399999999999961,3.98
-4.800000000000225e-07,2.02,-4.800000000000117e-06,1.94,-4.799999999999943e-05,1.94,-4.799999999999943e-05,3.9,-0.0047999999999999154,3.94
-3.1999999999999694e-07,2.02,-3.2000000000000778e-06,1.94,-3.200000000000078e-05,1.94,-3.200000000000078e-05,3.9,-0.0032000000000000917,3.98
-1.5999999999999847e-07,2.02,-1.6000000000002557e-06,1.98,-1.6000000000002124e-05,1.9000000000000001,-1.6000000000002124e-05,3.9,-0.0016000000000000458,3.98
0.0,1.98,-2.168404344971009e-19,1.94,0.0,1.94,0.0,3.9,0.0,3.94
1.5999999999999847e-07,2.06,1.599999999999822e-06,1.98,1.5999999999998654e-05,1.94,1.5999999999998654e-05,3.94,0.0016000000000000458,3.98
3.1999999999999694e-07,2.02,3.199999999999861e-06,1.94,3.199999999999731e-05,1.94,3.199999999999731e-05,3.9,0.0032000000000000917,3.98
4.799999999999954e-07,2.02,4.7999999999999e-06,1.98,4.799999999999943e-05,1.9000000000000001,4.799999999999943e-05,3.9,0.0047999999999999154,3.98
6.399999999999939e-07,2.06,6.399999999999939e-06,1.98,6.399999999999809e-05,1.9000000000000001,6.399999999999809e-05,3.9,0.006399999999999961,3.98
7.999999999999923e-07,2.02,7.99999999999976e-06,1.98,8.000000000000021e-05,1.9000000000000001,8.000000000000021e-05,3.94,0.008000000000000007,3.98
9.599999999999908e-07,2.02,9.5999999999998e-06,1.94,9.599999999999886e-05,1.9000000000000001,9.599999999999886e-05,3.9,0.009600000000000053,3.94
1.1199999999999893e-06,2.02,1.1199999999999839e-05,1.98,0.00011199999999999752,1.9000000000000001,0.00011199999999999752,3.9,0.011200000000000099,3.94
1.2799999999999877e-06,2.02,1.2799999999999877e-05,1.94,0.00012799999999999964,1.9000000000000001,0.00012799999999999964,3.9,0.012799999999999923,3.98
1.4399999999999862e-06,2.02,1.4399999999999916e-05,1.94,0.0001439999999999983,1.9000000000000001,0.0001439999999999983,3.9,0.014399999999999968,3.94
1.5999999999999847e-06,2.02,1.5999999999999955e-05,1.94,0.00016000000000000042,1.94,0.00016000000000000042,3.9,0.016000000000000014,3.98
1.7599999999999831e-06,2.02,1.7599999999999777e-05,1.98,0.00017599999999999907,1.9000000000000001,0.00017599999999999907,3.94,0.01760000000000006,3.98
1.9199999999999816e-06,2.02,1.9199999999999816e-05,1.94,0.00019199999999999773,1.9000000000000001,0.00019199999999999773,3.9,0.019199999999999884,3.94
2.07999999999998e-06,2.02,2.0799999999999855e-05,1.98,0.00020799999999999985,1.86,0.00020799999999999985,3.9,0.02079999999999993,3.98
2.2399999999999786e-06,2.02,2.2399999999999894e-05,1.98,0.0002239999999999985,1.86,0.0002239999999999985,3.9,0.022399999999999975,3.94
2.399999999999977e-06,2.02,2.3999999999999933e-05,1.98,0.00024000000000000063,1.9000000000000001,0.00024000000000000063,3.9,0.02400000000000002,3.94
2.5600000000000026e-06,1.98,2.5599999999999755e-05,1.94,0.0002559999999999993,1.86,0.0002559999999999993,3.9,0.025600000000000067,3.98
2.720000000000001e-06,2.02,2.7199999999999794e-05,1.94,0.00027199999999999794,1.9000000000000001,0.00027199999999999794,3.9,0.02719999999999989,3.98
2.8799999999999995e-06,1.98,2.8799999999999833e-05,1.94,0.00028800000000000006,1.9000000000000001,0.00028800000000000006,3.94,0.028799999999999937,3.98
3.039999999999998e-06,2.02,3.039999999999987e-05,1.98,0.0003039999999999987,1.86,0.0003039999999999987,3.9,0.030399999999999983,3.98
3.1999999999999965e-06,2.02,3.199999999999991e-05,1.94,0.00031999999999999737,1.86,0.00031999999999999737,3.9,0.03200000000000003,3.94
3.359999999999995e-06,2.02,3.359999999999995e-05,1.94,0.0003359999999999995,1.86,0.0003359999999999995,3.9,0.033600000000000074,3.94
3.5199999999999934e-06,2.02,3.519999999999977e-05,1.94,0.00035199999999999815,1.86,0.00035199999999999815,3.9,0.0351999999999999,3.94
3.679999999999992e-06,2.02,3.679999999999981e-05,1.98,0.00036800000000000027,1.82,0.00036800000000000027,3.9,0.036799999999999944,3.98
3.83999999999999e-06,1.98,3.839999999999985e-05,1.94,0.0003839999999999989,1.86,0.0003839999999999989,3.9,0.03839999999999999,3.98
3.999999999999989e-06,2.02,3.999999999999989e-05,1.94,0.0003999999999999976,1.86,0.0003999999999999976,3.9,0.040000000000000036,3.98
4.159999999999987e-06,2.02,4.159999999999993e-05,1.94,0.0004159999999999997,1.82,0.0004159999999999997,3.9,0.04160000000000008,3.98
4.319999999999986e-06,2.02,4.319999999999975e-05,1.94,0.00043199999999999836,1.86,0.00043199999999999836,3.9,0.043199999999999905,3.98
4.479999999999984e-06,2.02,4.479999999999979e-05,1.94,0.0004480000000000005,1.86,0.0004480000000000005,3.9,0.04479999999999995,3.98
4.639999999999983e-06,2.02,4.639999999999983e-05,1.98,0.00046399999999999914,1.86,0.00046399999999999914,3.9,0.0464,3.98
4.799999999999981e-06,2.02,4.7999999999999866e-05,1.94,0.0004799999999999978,1.82,0.0004799999999999978,3.9,0.04800000000000004,3.94
4.95999999999998e-06,2.02,4.9599999999999905e-05,1.94,0.0004959999999999999,1.82,0.0004959999999999999,3.9,0.04960000000000009,3.98
5.119999999999978e-06,1.98,5.1199999999999943e-05,1.98,0.0005119999999999986,1.82,0.0005119999999999986,3.9,0.05119999999999991,3.98
5.280000000000004e-06,2.02,5.2799999999999766e-05,1.94,0.0005279999999999972,1.82,0.0005279999999999972,3.9,0.05279999999999996,3.98
5.440000000000002e-06,2.02,5.4399999999999804e-05,1.94,0.0005439999999999993,1.82,0.0005439999999999993,3.9,0.054400000000000004,3.98
5.600000000000001e-06,2.02,5.599999999999984e-05,1.94,0.000559999999999998,1.82,0.000559999999999998,3.9,0.05600000000000005,3.98
5.759999999999999e-06,2.02,5.759999999999988e-05,1.98,0.0005760000000000001,1.82,0.0005760000000000001,3.9,0.057600000000000096,3.98
5.9199999999999975e-06,2.02,5.919999999999992e-05,1.94,0.0005919999999999988,1.78,0.0005919999999999988,3.9,0.05919999999999992,3.98
6.079999999999996e-06,2.02,6.079999999999974e-05,1.94,0.0006079999999999974,1.82,0.0006079999999999974,3.9,0.060799999999999965,3.94
6.2399999999999945e-06,2.06,6.239999999999978e-05,1.94,0.0006239999999999996,1.82,0.0006239999999999996,3.9,0.06240000000000001,3.98
6.399999999999993e-06,2.02,6.399999999999982e-05,1.94,0.0006399999999999982,1.82,0.0006399999999999982,3.9,0.06400000000000006,3.94
6.559999999999991e-06,1.98,6.559999999999986e-05,1.94,0.0006560000000000003,1.78,0.0006560000000000003,3.9,0.06559999999999988,3.98
6.71999999999999e-06,2.02,6.71999999999999e-05,1.94,0.000671999999999999,1.82,0.000671999999999999,3.9,0.06719999999999993,3.98
6.879999999999988e-06,1.98,6.879999999999994e-05,1.94,0.0006879999999999976,1.78,0.0006879999999999976,3.9,0.06879999999999997,3.94
7.039999999999987e-06,1.98,7.039999999999976e-05,1.94,0.0007039999999999998,1.78,0.0007039999999999998,3.94,0.07040000000000002,3.98
7.199999999999985e-06,2.02,7.19999999999998e-05,1.9000000000000001,0.0007199999999999984,1.78,0.0007199999999999984,3.94,0.07200000000000006,3.94
7.359999999999984e-06,2.02,7.359999999999984e-05,1.94,0.0007360000000000005,1.82,0.0007360000000000005,3.94,0.07359999999999989,3.98
7.519999999999982e-06,2.02,7.519999999999988e-05,1.94,0.0007519999999999992,1.78,0.0007519999999999992,3.9,0.07519999999999993,3.98
7.67999999999998e-06,2.02,7.679999999999992e-05,1.94,0.0007679999999999979,1.78,0.0007679999999999979,3.94,0.07679999999999998,3.98
7.839999999999979e-06,2.02,7.839999999999995e-05,1.94,0.000784,1.78,0.000784,3.9,0.07840000000000003,3.98
7.999999999999978e-06,2.02,7.999999999999978e-05,1.94,0.0007999999999999986,1.74,0.0007999999999999986,3.9,0.08000000000000007,3.98
8.160000000000003e-06,2.02,8.159999999999982e-05,1.94,0.0008159999999999973,1.78,0.0008159999999999973,3.94,0.0815999999999999,3.94
8.320000000000002e-06,1.98,8.319999999999985e-05,1.94,0.0008319999999999994,1.74,0.0008319999999999994,3.94,0.08319999999999994,3.98
8.48e-06,2.02,8.479999999999989e-05,1.94,0.0008479999999999981,1.78,0.0008479999999999981,3.9,0.08479999999999999,3.98
8.639999999999999e-06,2.02,8.639999999999993e-05,1.94,0.0008640000000000002,1.78,0.0008640000000000002,3.9,0.08640000000000003,3.98
8.799999999999997e-06,2.02,8.799999999999975e-05,1.94,0.0008799999999999988,1.74,0.0008799999999999988,3.9,0.08800000000000008,3.98
8.959999999999996e-06,2.02,8.959999999999979e-05,1.9000000000000001,0.0008959999999999975,1.78,0.0008959999999999975,3.9,0.0895999999999999,3.98
9.119999999999994e-06,2.02,9.119999999999983e-05,1.94,0.0009119999999999996,1.74,0.0009119999999999996,3.9,0.09119999999999995,3.98
9.279999999999992e-06,1.98,9.279999999999987e-05,1.94,0.0009279999999999983,1.74,0.0009279999999999983,3.9,0.0928,3.94
9.439999999999991e-06,2.02,9.439999999999991e-05,1.94,0.0009440000000000004,1.74,0.0009440000000000004,3.9,0.09440000000000004,3.98
9.59999999999999e-06,1.98,9.599999999999995e-05,1.94,0.000959999999999999,1.74,0.000959999999999999,3.9,0.09600000000000009,3.98
9.759999999999988e-06,2.02,9.759999999999977e-05,1.94,0.0009759999999999977,1.74,0.0009759999999999977,3.9,0.09759999999999991,3.98
9.919999999999986e-06,2.02,9.919999999999981e-05,1.94,0.0009919999999999998,1.7,0.0009919999999999998,3.94,0.09919999999999995,3.98
1.0079999999999985e-05,2.02,0.00010079999999999985,1.94,0.0010079999999999985,1.74,0.0010079999999999985,3.9,0.1008,3.98
1.0239999999999983e-05,2.02,0.00010239999999999989,1.98,0.0010240000000000006,1.74,0.0010240000000000006,3.9,0.10240000000000005,3.94
1.0399999999999982e-05,2.02,0.00010399999999999993,1.94,0.0010399999999999993,1.74,0.0010399999999999993,3.9,0.10400000000000009,3.98
1.055999999999998e-05,2.02,0.00010559999999999975,1.94,0.001055999999999998,1.7,0.001055999999999998,3.94,0.10559999999999992,3.98
1.0719999999999979e-05,2.02,0.00010719999999999979,1.94,0.001072,1.7,0.001072,3.9,0.10719999999999996,3.94
1.0879999999999977e-05,2.02,0.00010879999999999983,1.94,0.0010879999999999987,1.7,0.0010879999999999987,3.9,0.10880000000000001,3.98
1.1040000000000003e-05,2.02,0.00011039999999999986,1.94,0.0011039999999999973,1.74,0.0011039999999999973,3.9,0.11040000000000005,3.94
1.1200000000000001e-05,2.02,0.0001119999999999999,1.94,0.0011199999999999995,1.74,0.0011199999999999995,3.9,0.1120000000000001,3.98
1.136e-05,2.02,0.00011359999999999994,1.94,0.0011359999999999981,1.74,0.0011359999999999981,3.9,0.11359999999999992,3.98
1.1519999999999998e-05,2.02,0.00011519999999999976,1.9000000000000001,0.0011520000000000002,1.74,0.0011520000000000002,3.94,0.11519999999999997,3.98
1.1679999999999997e-05,2.02,0.0001167999999999998,1.9000000000000001,0.001167999999999999,1.6600000000000001,0.001167999999999999,3.9,0.11680000000000001,3.98
1.1839999999999995e-05,2.02,0.00011839999999999984,1.94,0.0011839999999999976,1.6600000000000001,0.0011839999999999976,3.9,0.11840000000000006,3.98
1.1999999999999994e-05,2.02,0.00011999999999999988,1.94,0.0011999999999999997,1.7,0.0011999999999999997,3.9,0.11999999999999988,3.98
1.2159999999999992e-05,2.02,0.00012159999999999992,1.94,0.0012159999999999983,1.7,0.0012159999999999983,3.9,0.12159999999999993,3.98
1.231999999999999e-05,2.02,0.00012319999999999974,1.94,0.0012320000000000005,1.7,0.0012320000000000005,3.94,0.12319999999999998,3.98
1.2479999999999989e-05,2.02,0.00012479999999999978,1.94,0.0012479999999999991,1.6600000000000001,0.0012479999999999991,3.9,0.12480000000000002,3.98
1.2639999999999987e-05,2.02,0.00012639999999999982,1.94,0.0012639999999999978,1.7,0.0012639999999999978,3.94,0.12640000000000007,3.94
1.2799999999999986e-05,2.02,0.00012799999999999986,1.9000000000000001,0.0012799999999999999,1.7,0.0012799999999999999,3.9,0.1279999999999999,3.94
1.2959999999999984e-05,2.02,0.0001295999999999999,1.94,0.0012959999999999985,1.6600000000000001,0.0012959999999999985,3.9,0.12959999999999994,3.98
1.3119999999999983e-05,1.98,0.00013119999999999994,1.94,0.0013119999999999972,1.7,0.0013119999999999972,3.9,0.13119999999999998,3.98
1.3279999999999981e-05,1.98,0.00013279999999999976,1.94,0.0013279999999999993,1.7,0.0013279999999999993,3.9,0.13280000000000003,3.98
1.343999999999998e-05,1.94,0.0001343999999999998,1.94,0.001343999999999998,1.7,0.001343999999999998,3.9,0.13440000000000007,3.98
1.3599999999999978e-05,1.94,0.00013599999999999984,1.94,0.00136,1.7,0.00136,3.94,0.1359999999999999,3.94
1.3760000000000004e-05,1.94,0.00013759999999999988,1.9000000000000001,0.0013759999999999988,1.6600000000000001,0.0013759999999999988,3.9,0.13759999999999994,3.98
1.3920000000000002e-05,1.98,0.00013919999999999991,1.94,0.0013919999999999974,1.62,0.0013919999999999974,3.9,0.1392,3.98
1.408e-05,1.98,0.00014079999999999974,1.94,0.0014079999999999995,1.7,0.0014079999999999995,3.9,0.14080000000000004,3.94
1.424e-05,1.98,0.00014239999999999978,1.94,0.0014239999999999982,1.6600000000000001,0.0014239999999999982,3.9,0.14240000000000008,3.98
1.4399999999999998e-05,1.98,0.00014399999999999981,1.94,0.0014400000000000003,1.6600000000000001,0.0014400000000000003,3.9,0.1439999999999999,3.98
1.4559999999999996e-05,1.98,0.00014559999999999985,1.94,0.001455999999999999,1.6600000000000001,0.001455999999999999,3.9,0.14559999999999995,3.98
1.4719999999999995e-05,1.98,0.0001471999999999999,1.94,0.0014719999999999976,1.6600000000000001,0.0014719999999999976,3.9,0.1472,3.98
1.4879999999999993e-05,1.98,0.00014879999999999993,1.94,0.0014879999999999997,1.6600000000000001,0.0014879999999999997,3.94,0.14880000000000004,3.98
1.5039999999999992e-05,1.98,0.00015039999999999975,1.94,0.0015039999999999984,1.6600000000000001,0.0015039999999999984,3.9,0.1504000000000001,3.98
1.519999999999999e-05,1.98,0.0001519999999999998,1.94,0.0015200000000000005,1.62,0.0015200000000000005,3.86,0.1519999999999999,3.98
1.535999999999999e-05,1.98,0.00015359999999999983,1.94,0.0015359999999999992,1.62,0.0015359999999999992,3.9,0.15359999999999996,3.98
1.5519999999999987e-05,1.98,0.00015519999999999987,1.94,0.0015519999999999978,1.62,0.0015519999999999978,3.94,0.1552,3.98
1.5679999999999985e-05,1.98,0.0001567999999999999,1.94,0.001568,1.62,0.001568,3.9,0.15680000000000005,3.94
1.5839999999999984e-05,1.98,0.00015839999999999995,1.94,0.0015839999999999986,1.62,0.0015839999999999986,3.9,0.1584000000000001,3.98
1.5999999999999982e-05,1.98,0.00015999999999999977,1.94,0.0015999999999999973,1.62,0.0015999999999999973,3.94,0.15999999999999992,3.98
1.615999999999998e-05,1.94,0.0001615999999999998,1.9000000000000001,0.0016159999999999994,1.62,0.0016159999999999994,3.9,0.16159999999999997,3.94
1.631999999999998e-05,1.98,0.00016319999999999985,1.9000000000000001,0.001631999999999998,1.62,0.001631999999999998,3.9,0.1632,3.98
1.6479999999999978e-05,1.94,0.00016479999999999989,1.94,0.0016480000000000002,1.62,0.0016480000000000002,3.9,0.16480000000000006,3.94
1.6640000000000003e-05,1.98,0.00016639999999999992,1.94,0.0016639999999999988,1.62,0.0016639999999999988,3.94,0.1664000000000001,3.94
1.6800000000000002e-05,1.98,0.00016799999999999975,1.94,0.0016799999999999975,1.6600000000000001,0.0016799999999999975,3.94,0.16799999999999993,3.98
1.696e-05,1.98,0.00016959999999999979,1.94,0.0016959999999999996,1.6600000000000001,0.0016959999999999996,3.9,0.16959999999999997,3.94
1.712e-05,1.98,0.00017119999999999982,1.9000000000000001,0.0017119999999999982,1.58,0.0017119999999999982,3.9,0.17120000000000002,3.98
1.7279999999999997e-05,2.02,0.00017279999999999986,1.9000000000000001,0.0017280000000000004,1.62,0.0017280000000000004,3.94,0.17280000000000006,3.98
1.7439999999999996e-05,1.98,0.0001743999999999999,1.9000000000000001,0.001743999999999999,1.62,0.001743999999999999,3.9,0.1743999999999999,3.98
1.7599999999999994e-05,1.98,0.00017599999999999994,1.94,0.0017599999999999977,1.62,0.0017599999999999977,3.9,0.17599999999999993,3.98
1.7759999999999993e-05,1.98,0.00017759999999999976,1.9000000000000001,0.0017759999999999998,1.58,0.0017759999999999998,3.9,0.17759999999999998,3.98
1.791999999999999e-05,1.98,0.0001791999999999998,1.94,0.0017919999999999985,1.62,0.0017919999999999985,3.9,0.17920000000000003,3.94
1.807999999999999e-05,1.94,0.00018079999999999984,1.94,0.0018080000000000006,1.62,0.0018080000000000006,3.9,0.18080000000000007,3.94
1.8239999999999988e-05,1.98,0.00018239999999999988,1.94,0.0018239999999999992,1.62,0.0018239999999999992,3.94,0.1823999999999999,3.94
1.8399999999999986e-05,1.94,0.00018399999999999992,1.94,0.0018399999999999979,1.58,0.0018399999999999979,3.94,0.18399999999999994,3.94
1.8559999999999985e-05,1.94,0.00018559999999999974,1.9000000000000001,0.001856,1.58,0.001856,3.94,0.1856,3.98
1.8719999999999983e-05,1.94,0.00018719999999999978,1.94,0.0018719999999999987,1.54,0.0018719999999999987,3.9,0.18720000000000003,3.98
1.8879999999999982e-05,1.94,0.00018879999999999982,1.94,0.0018879999999999973,1.58,0.0018879999999999973,3.9,0.18880000000000008,3.94
1.903999999999998e-05,1.98,0.00019039999999999986,1.94,0.0019039999999999994,1.58,0.0019039999999999994,3.94,0.1903999999999999,3.94
1.919999999999998e-05,1.98,0.0001919999999999999,1.94,0.001919999999999998,1.58,0.001919999999999998,3.94,0.19199999999999995,3.94
1.9359999999999977e-05,1.98,0.00019359999999999994,1.94,0.0019360000000000002,1.58,0.0019360000000000002,3.94,0.1936,3.98
1.9520000000000003e-05,1.98,0.00019519999999999976,1.94,0.0019519999999999989,1.58,0.0019519999999999989,3.9,0.19520000000000004,3.98
1.968e-05,1.98,0.0001967999999999998,1.9000000000000001,0.0019679999999999975,1.58,0.0019679999999999975,3.94,0.19680000000000009,3.94
1.984e-05,1.98,0.00019839999999999984,1.9000000000000001,0.0019839999999999997,1.54,0.0019839999999999997,3.9,0.1983999999999999,3.98
1.9999999999999998e-05,1.98,0.00019999999999999987,1.9000000000000001,0.0019999999999999983,1.58,0.0019999999999999983,3.9,0.19999999999999996,3.98
2.0159999999999997e-05,1.94,0.0002015999999999999,1.9000000000000001,0.0020160000000000004,1.54,0.0020160000000000004,3.94,0.2016,3.98
2.0319999999999995e-05,1.94,0.00020319999999999974,1.9000000000000001,0.002031999999999999,1.54,0.002031999999999999,3.9,0.20320000000000005,3.98
2.0479999999999994e-05,1.94,0.00020479999999999977,1.9000000000000001,0.0020479999999999977,1.58,0.0020479999999999977,3.9,0.2048000000000001,3.94
2.0639999999999992e-05,1.94,0.0002063999999999998,1.9000000000000001,0.002064,1.54,0.002064,3.94,0.20639999999999992,3.98
2.079999999999999e-05,1.98,0.00020799999999999985,1.9000000000000001,0.0020799999999999985,1.54,0.0020799999999999985,3.9,0.20799999999999996,3.98
2.095999999999999e-05,1.98,0.0002095999999999999,1.94,0.002095999999999997,1.54,0.002095999999999997,3.9,0.2096,3.94
2.1119999999999988e-05,1.98,0.00021119999999999993,1.9000000000000001,0.0021119999999999993,1.54,0.0021119999999999993,3.94,0.21120000000000005,3.98
2.1279999999999986e-05,1.98,0.00021279999999999975,1.9000000000000001,0.002127999999999998,1.58,0.002127999999999998,3.9,0.2128000000000001,3.94
2.1439999999999984e-05,1.98,0.0002143999999999998,1.94,0.002144,1.54,0.002144,3.9,0.21439999999999992,3.98
2.1599999999999983e-05,1.98,0.00021599999999999983,1.9000000000000001,0.0021599999999999987,1.58,0.0021599999999999987,3.94,0.21599999999999997,3.98
2.175999999999998e-05,1.98,0.00021759999999999987,1.9000000000000001,0.0021759999999999974,1.5,0.0021759999999999974,3.9,0.21760000000000002,3.94
2.191999999999998e-05,1.94,0.0002191999999999999,1.9000000000000001,0.0021919999999999995,1.54,0.0021919999999999995,3.9,0.21920000000000006,3.7
2.207999999999998e-05,1.98,0.00022079999999999995,1.9000000000000001,0.002207999999999998,1.54,0.002207999999999998,3.94,0.2208000000000001,3.14
2.2240000000000004e-05,1.98,0.00022239999999999977,1.9000000000000001,0.0022240000000000003,1.54,0.0022240000000000003,3.94,0.22239999999999993,2.7
2.2400000000000002e-05,1.98,0.0002239999999999998,1.94,0.002239999999999999,1.54,0.002239999999999999,3.9,0.22399999999999998,2.2600000000000002
2.256e-05,1.98,0.00022559999999999985,1.94,0.0022559999999999976,1.54,0.0022559999999999976,3.94,0.22560000000000002,1.9000000000000001
2.272e-05,1.98,0.00022719999999999988,1.94,0.0022719999999999997,1.5,0.0022719999999999997,3.9,0.22720000000000007,1.6600000000000001
2.2879999999999998e-05,1.94,0.00022879999999999992,1.9000000000000001,0.0022879999999999984,1.5,0.0022879999999999984,3.9,0.2287999999999999,1.42
2.3039999999999996e-05,1.98,0.00023039999999999975,1.9000000000000001,0.0023040000000000005,1.54,0.0023040000000000005,3.94,0.23039999999999994,1.18
2.3199999999999995e-05,1.94,0.00023199999999999978,1.94,0.002319999999999999,1.5,0.002319999999999999,3.9,0.23199999999999998,1.02
2.3359999999999993e-05,1.94,0.00023359999999999982,1.94,0.002335999999999998,1.5,0.002335999999999998,3.9,0.23360000000000003,0.9
2.351999999999999e-05,1.94,0.00023519999999999986,1.9000000000000001,0.002352,1.5,0.002352,3.9,0.23520000000000008,0.78
2.367999999999999e-05,1.98,0.0002367999999999999,1.9000000000000001,0.0023679999999999986,1.54,0.0023679999999999986,3.94,0.2367999999999999,0.62
2.383999999999999e-05,1.98,0.00023839999999999994,1.9000000000000001,0.0023839999999999972,1.5,0.0023839999999999972,3.9,0.23839999999999995,0.54
2.3999999999999987e-05,1.98,0.00023999999999999976,1.9000000000000001,0.0023999999999999994,1.5,0.0023999999999999994,3.9,0.24,0.5
2.4159999999999986e-05,1.98,0.0002415999999999998,1.9000000000000001,0.002415999999999998,1.5,0.002415999999999998,3.9,0.24160000000000004,0.38
2.4319999999999984e-05,1.94,0.00024319999999999984,1.9000000000000001,0.002432,1.5,0.002432,3.9,0.24320000000000008,0.34
2.4479999999999982e-05,1.94,0.0002447999999999999,1.86,0.002447999999999999,1.5,0.002447999999999999,3.9,0.2447999999999999,0.34
2.463999999999998e-05,1.98,0.0002463999999999999,1.94,0.0024639999999999974,1.5,0.0024639999999999974,3.9,0.24639999999999995,0.26
2.479999999999998e-05,1.94,0.00024799999999999974,1.94,0.0024799999999999996,1.5,0.0024799999999999996,3.9,0.248,0.22
2.4959999999999978e-05,1.98,0.0002495999999999998,1.94,0.0024959999999999982,1.5,0.0024959999999999982,3.94,0.24960000000000004,0.18
2.5120000000000003e-05,1.98,0.0002511999999999998,1.94,0.0025120000000000003,1.5,0.0025120000000000003,3.9,0.2512000000000001,0.18
2.5280000000000002e-05,1.98,0.00025279999999999986,1.94,0.002527999999999999,1.5,0.002527999999999999,3.9,0.2527999999999999,0.14
2.544e-05,1.98,0.0002543999999999999,1.98,0.0025439999999999977,1.46,0.0025439999999999977,3.9,0.25439999999999996,0.14
2.56e-05,1.98,0.00025599999999999993,1.98,0.0025599999999999998,1.46,0.0025599999999999998,3.9,0.256,0.1
2.5759999999999997e-05,1.94,0.00025759999999999976,1.94,0.0025759999999999984,1.46,0.0025759999999999984,3.94,0.25760000000000005,0.1
2.5919999999999996e-05,1.98,0.0002591999999999998,1.98,0.0025920000000000006,1.46,0.0025920000000000006,3.9,0.2592000000000001,0.1
2.6079999999999994e-05,1.98,0.00026079999999999983,1.98,0.002607999999999999,1.46,0.002607999999999999,3.94,0.2607999999999999,0.06
2.6239999999999993e-05,1.98,0.0002623999999999999,1.98,0.002623999999999998,1.46,0.002623999999999998,3.9,0.26239999999999997,0.06
2.639999999999999e-05,1.94,0.0002639999999999999,1.94,0.00264,1.46,0.00264,3.94,0.264,0.02
2.655999999999999e-05,1.98,0.00026559999999999973,1.98,0.0026559999999999986,1.46,0.0026559999999999986,3.94,0.26560000000000006,0.1
2.6719999999999988e-05,1.98,0.00026719999999999977,1.94,0.0026719999999999973,1.54,0.0026719999999999973,3.94,0.2672000000000001,0.06
2.6879999999999987e-05,1.98,0.0002687999999999998,1.94,0.0026879999999999994,1.54,0.0026879999999999994,3.9,0.26879999999999993,0.06
2.7039999999999985e-05,1.94,0.00027039999999999985,1.98,0.002703999999999998,1.5,0.002703999999999998,3.9,0.2704,0.06
2.7199999999999984e-05,1.98,0.0002719999999999999,1.94,0.00272,1.5,0.00272,3.9,0.272,-0.02
2.7359999999999982e-05,1.94,0.00027359999999999993,1.94,0.002735999999999999,1.54,0.002735999999999999,3.9,0.27360000000000007,0.06
2.751999999999998e-05,1.94,0.00027519999999999975,1.94,0.0027519999999999975,1.5,0.0027519999999999975,3.9,0.2752000000000001,0.06
2.767999999999998e-05,1.94,0.0002767999999999998,1.98,0.0027679999999999996,1.5,0.0027679999999999996,3.94,0.27679999999999993,0.06
2.7839999999999977e-05,1.98,0.00027839999999999983,1.98,0.0027839999999999983,1.54,0.0027839999999999983,3.9,0.2784,0.02
2.8000000000000003e-05,1.98,0.00027999999999999987,1.94,0.0028000000000000004,1.54,0.0028000000000000004,3.94,0.28,0.02
2.816e-05,1.98,0.0002815999999999999,1.94,0.002815999999999999,1.54,0.002815999999999999,3.94,0.2816000000000001,0.02
2.832e-05,1.98,0.00028319999999999994,1.98,0.0028319999999999977,1.54,0.0028319999999999977,3.94,0.2831999999999999,0.02
2.848e-05,1.98,0.00028479999999999977,1.94,0.002848,1.54,0.002848,3.94,0.28479999999999994,0.02
2.8639999999999997e-05,1.94,0.0002863999999999998,1.98,0.0028639999999999985,1.54,0.0028639999999999985,3.9,0.2864,0.02
2.8799999999999995e-05,1.98,0.00028799999999999984,1.98,0.002879999999999997,1.54,0.002879999999999997,3.9,0.28800000000000003,0.02
2.8959999999999994e-05,1.94,0.0002895999999999999,1.98,0.0028959999999999993,1.58,0.0028959999999999993,3.9,0.2896000000000001,-0.02
2.9119999999999992e-05,1.98,0.0002911999999999999,1.98,0.002911999999999998,1.54,0.002911999999999998,3.9,0.2911999999999999,0.02
2.927999999999999e-05,1.98,0.00029279999999999974,1.98,0.002928,1.54,0.002928,3.9,0.29279999999999995,0.02
2.943999999999999e-05,1.94,0.0002943999999999998,1.98,0.0029439999999999987,1.58,0.0029439999999999987,3.94,0.2944,-0.02
2.9599999999999988e-05,1.94,0.0002959999999999998,1.94,0.0029599999999999974,1.58,0.0029599999999999974,3.94,0.29600000000000004,0.02
2.9759999999999986e-05,1.98,0.00029759999999999986,1.94,0.0029759999999999995,1.62,0.0029759999999999995,3.9,0.2976000000000001,0.02
2.9919999999999985e-05,1.94,0.0002991999999999999,1.98,0.002991999999999998,1.58,0.002991999999999998,3.9,0.2991999999999999,0.06
3.0079999999999983e-05,1.98,0.00030079999999999994,1.98,0.0030080000000000003,1.58,0.0030080000000000003,3.9,0.30079999999999996,-0.02
3.023999999999998e-05,1.94,0.00030239999999999976,1.98,0.003023999999999999,1.62,0.003023999999999999,3.94,0.3024,0.02
3.039999999999998e-05,1.98,0.0003039999999999998,1.98,0.0030399999999999976,1.62,0.0030399999999999976,3.9,0.30400000000000005,0.02
3.055999999999998e-05,1.94,0.00030559999999999984,1.98,0.0030559999999999997,1.58,0.0030559999999999997,3.94,0.3056000000000001,0.02
3.0720000000000004e-05,1.98,0.0003071999999999999,1.98,0.0030719999999999983,1.58,0.0030719999999999983,3.9,0.3071999999999999,0.02
3.088e-05,1.98,0.0003087999999999999,1.98,0.0030880000000000005,1.62,0.0030880000000000005,3.94,0.30879999999999996,0.02
3.104e-05,1.94,0.00031039999999999974,1.98,0.003103999999999999,1.62,0.003103999999999999,3.94,0.3104,0.02
3.12e-05,1.94,0.0003119999999999998,1.98,0.0031199999999999978,1.62,0.0031199999999999978,3.9,0.31200000000000006,0.02
3.136e-05,1.94,0.0003135999999999998,1.98,0.003136,1.6600000000000001,0.003136,3.94,0.3136000000000001,-0.02
3.1519999999999996e-05,1.94,0.00031519999999999986,1.94,0.0031519999999999986,1.62,0.0031519999999999986,3.94,0.3151999999999999,0.02
3.1679999999999995e-05,1.94,0.0003167999999999999,1.94,0.003167999999999997,1.6600000000000001,0.003167999999999997,3.94,0.31679999999999997,0.02
3.183999999999999e-05,1.94,0.00031839999999999993,1.94,0.0031839999999999993,1.6600000000000001,0.0031839999999999993,3.9,0.3184,-0.02
3.199999999999999e-05,1.98,0.00031999999999999976,1.98,0.003199999999999998,1.62,0.003199999999999998,3.94,0.32000000000000006,0.02
3.215999999999999e-05,1.98,0.0003215999999999998,1.98,0.003216,1.7,0.003216,3.9,0.3216000000000001,0.02
3.231999999999999e-05,1.98,0.00032319999999999983,1.94,0.0032319999999999988,1.6600000000000001,0.0032319999999999988,3.9,0.32319999999999993,0.02
3.247999999999999e-05,1.94,0.00032479999999999987,1.94,0.0032479999999999974,1.6600000000000001,0.0032479999999999974,3.94,0.3248,0.02
3.2639999999999986e-05,1.98,0.0003263999999999999,1.98,0.0032639999999999995,1.6600000000000001,0.0032639999999999995,3.9,0.3264,-0.02
3.2799999999999984e-05,1.98,0.00032799999999999973,1.98,0.003279999999999998,1.6600000000000001,0.003279999999999998,3.9,0.32800000000000007,0.02
3.295999999999998e-05,1.94,0.00032959999999999977,1.98,0.0032960000000000003,1.6600000000000001,0.0032960000000000003,3.9,0.3295999999999999,0.02
3.311999999999998e-05,1.98,0.0003311999999999998,1.94,0.003311999999999999,1.6600000000000001,0.003311999999999999,3.9,0.33119999999999994,0.02
3.327999999999998e-05,1.98,0.00033279999999999985,1.98,0.0033279999999999976,1.6600000000000001,0.0033279999999999976,3.94,0.3328,0.02
3.343999999999998e-05,1.94,0.0003343999999999999,1.98,0.0033439999999999998,1.6600000000000001,0.0033439999999999998,3.9,0.33440000000000003,0.02
3.3600000000000004e-05,1.94,0.00033599999999999993,1.98,0.0033599999999999984,1.7,0.0033599999999999984,3.94,0.3360000000000001,-0.02
3.376e-05,1.98,0.00033759999999999975,1.98,0.003375999999999997,1.7,0.003375999999999997,3.94,0.3375999999999999,0.02
3.392e-05,1.98,0.0003391999999999998,1.98,0.003391999999999999,1.7,0.003391999999999999,3.9,0.33919999999999995,0.02
3.408e-05,1.94,0.0003407999999999998,1.94,0.003407999999999998,1.7,0.003407999999999998,3.94,0.3408,0.02
3.424e-05,1.98,0.00034239999999999987,1.98,0.003424,1.7,0.003424,3.9,0.34240000000000004,0.02
3.4399999999999996e-05,1.98,0.0003439999999999999,1.98,0.0034399999999999986,1.7,0.0034399999999999986,3.9,0.3440000000000001,0.02
3.4559999999999994e-05,1.94,0.00034559999999999994,1.98,0.0034559999999999973,1.7,0.0034559999999999973,3.9,0.3455999999999999,0.02
3.471999999999999e-05,1.98,0.00034719999999999977,1.98,0.0034719999999999994,1.7,0.0034719999999999994,3.9,0.34719999999999995,0.02
3.487999999999999e-05,1.98,0.0003487999999999998,1.98,0.003487999999999998,1.7,0.003487999999999998,3.9,0.3488,0.02
3.503999999999999e-05,1.94,0.00035039999999999984,1.98,0.003504,1.7,0.003504,3.94,0.35040000000000004,0.02
3.519999999999999e-05,1.98,0.0003519999999999999,1.94,0.003519999999999999,1.7,0.003519999999999999,3.94,0.3520000000000001,0.02
3.535999999999999e-05,1.94,0.0003535999999999997,1.98,0.0035359999999999975,1.74,0.0035359999999999975,3.94,0.3535999999999999,0.02
3.5519999999999985e-05,1.94,0.00035519999999999974,1.98,0.0035519999999999996,1.74,0.0035519999999999996,3.9,0.35519999999999996,0.02
3.5679999999999984e-05,1.98,0.0003567999999999998,2.02,0.0035679999999999983,1.74,0.0035679999999999983,3.9,0.3568,0.02
3.583999999999998e-05,1.98,0.0003583999999999998,1.98,0.0035840000000000004,1.7,0.0035840000000000004,3.94,0.35840000000000005,0.02
3.599999999999998e-05,1.94,0.00035999999999999986,1.98,0.003599999999999999,1.74,0.003599999999999999,3.94,0.3600000000000001,0.02
3.615999999999998e-05,1.98,0.0003615999999999999,1.98,0.0036159999999999977,1.74,0.0036159999999999977,3.94,0.3615999999999999,0.02
3.631999999999998e-05,1.98,0.00036319999999999994,1.98,0.003632,1.78,0.003632,3.94,0.36319999999999997,0.02
3.648e-05,1.98,0.0003648,1.98,0.0036479999999999985,1.74,0.0036479999999999985,3.94,0.3648,0.02
3.664e-05,1.98,0.0003664,1.98,0.003663999999999997,1.74,0.003663999999999997,3.9,0.36640000000000006,0.02
3.68e-05,1.94,0.0003679999999999996,1.98,0.0036799999999999992,1.74,0.0036799999999999992,3.9,0.3680000000000001,0.02
3.696e-05,1.94,0.00036959999999999966,1.98,0.003695999999999998,1.74,0.003695999999999998,3.9,0.36959999999999993,0.02
3.712e-05,1.94,0.0003711999999999997,1.98,0.003712,1.78,0.003712,3.94,0.3712,0.02
3.7279999999999995e-05,1.94,0.00037279999999999974,1.98,0.0037279999999999987,1.74,0.0037279999999999987,3.94,0.3728,-0.02
3.7439999999999994e-05,1.98,0.0003743999999999998,1.98,0.0037439999999999973,1.78,0.0037439999999999973,3.9,0.37440000000000007,0.06
3.759999999999999e-05,1.94,0.0003759999999999998,1.94,0.0037599999999999995,1.78,0.0037599999999999995,3.94,0.3760000000000001,0.02
3.775999999999999e-05,1.94,0.00037759999999999985,1.98,0.003775999999999998,1.78,0.003775999999999998,3.9,0.37759999999999994,0.02
3.791999999999999e-05,1.98,0.0003791999999999999,1.98,0.0037920000000000002,1.78,0.0037920000000000002,3.94,0.3792,0.02
3.807999999999999e-05,1.94,0.00038079999999999993,2.02,0.003807999999999999,1.74,0.003807999999999999,3.9,0.3808,0.02
3.8239999999999986e-05,1.94,0.00038239999999999997,1.98,0.0038239999999999975,1.78,0.0038239999999999975,3.94,0.3824000000000001,-0.02
3.8399999999999985e-05,1.94,0.000384,2.02,0.0038399999999999997,1.78,0.0038399999999999997,3.9,0.3839999999999999,0.02
3.855999999999998e-05,1.94,0.00038560000000000005,1.98,0.0038559999999999983,1.82,0.0038559999999999983,3.9,0.38559999999999994,0.02
3.871999999999998e-05,1.94,0.00038719999999999965,1.98,0.0038720000000000004,1.82,0.0038720000000000004,3.94,0.3872,0.02
3.887999999999998e-05,1.98,0.0003887999999999997,1.98,0.003887999999999999,1.78,0.003887999999999999,3.94,0.38880000000000003,0.02
3.903999999999998e-05,1.98,0.00039039999999999973,2.02,0.0039039999999999977,1.82,0.0039039999999999977,3.9,0.3904000000000001,0.06
3.9200000000000004e-05,1.94,0.00039199999999999977,1.98,0.00392,1.82,0.00392,3.9,0.3919999999999999,0.02
3.936e-05,1.98,0.0003935999999999998,1.98,0.0039359999999999985,1.82,0.0039359999999999985,3.9,0.39359999999999995,0.02
3.952e-05,1.94,0.00039519999999999985,1.98,0.003951999999999997,1.82,0.003951999999999997,3.94,0.3952,0.02
3.968e-05,1.94,0.0003967999999999999,1.98,0.003967999999999999,1.82,0.003967999999999999,3.9,0.39680000000000004,0.02
3.984e-05,1.94,0.0003983999999999999,2.02,0.003983999999999998,1.82,0.003983999999999998,3.9,0.3984000000000001,0.02
3.9999999999999996e-05,1.94,0.00039999999999999996,1.98,0.004,1.86,0.004,3.9,0.3999999999999999,-0.02
4.0159999999999995e-05,1.94,0.0004016,1.98,0.004015999999999999,1.86,0.004015999999999999,3.94,0.4016000000000002,0.02
4.0319999999999993e-05,1.94,0.00040320000000000004,1.98,0.004031999999999997,1.82,0.004031999999999997,3.9,0.4032,0.02
4.047999999999999e-05,1.98,0.00040479999999999965,1.98,0.0040479999999999995,1.86,0.0040479999999999995,3.94,0.4047999999999998,0.02
4.063999999999999e-05,1.94,0.0004063999999999997,2.02,0.004063999999999998,1.82,0.004063999999999998,3.9,0.4064000000000001,0.02
4.079999999999999e-05,1.98,0.0004079999999999997,1.98,0.00408,1.86,0.00408,3.9,0.4079999999999999,-0.02
4.095999999999999e-05,1.98,0.00040959999999999976,1.98,0.004095999999999999,1.86,0.004095999999999999,3.94,0.4096000000000002,0.02
4.1119999999999986e-05,1.94,0.0004111999999999998,1.98,0.004111999999999998,1.86,0.004111999999999998,3.9,0.4112,0.02
4.1279999999999984e-05,1.98,0.00041279999999999984,1.98,0.004128,1.9000000000000001,0.004128,3.94,0.41279999999999983,0.02
4.143999999999998e-05,1.94,0.0004143999999999999,1.98,0.004143999999999998,1.86,0.004143999999999998,3.94,0.4144000000000001,0.02
4.159999999999998e-05,1.94,0.0004159999999999999,1.98,0.004159999999999997,1.9000000000000001,0.004159999999999997,3.94,0.4159999999999999,0.02
4.175999999999998e-05,1.94,0.00041759999999999996,1.94,0.004175999999999999,1.86,0.004175999999999999,3.94,0.4176000000000002,0.02
4.191999999999998e-05,1.98,0.0004192,1.98,0.004191999999999998,1.86,0.004191999999999998,3.94,0.4192,0.02
4.2080000000000004e-05,1.98,0.00042080000000000004,2.02,0.004208,1.86,0.004208,3.94,0.42079999999999984,0.02
4.224e-05,1.94,0.00042239999999999964,1.98,0.004223999999999999,1.9000000000000001,0.004223999999999999,3.9,0.4224000000000001,0.02
4.24e-05,1.94,0.0004239999999999997,2.02,0.004239999999999997,1.9000000000000001,0.004239999999999997,3.94,0.42399999999999993,0.02
4.256e-05,1.94,0.0004255999999999997,1.98,0.004255999999999999,1.9000000000000001,0.004255999999999999,3.94,0.4256000000000002,0.02
4.272e-05,1.94,0.00042719999999999976,1.98,0.004271999999999998,1.9000000000000001,0.004271999999999998,3.94,0.4272,0.02
4.2879999999999996e-05,1.98,0.0004287999999999998,1.98,0.004288,1.9000000000000001,0.004288,3.9,0.42879999999999985,0.02
4.3039999999999994e-05,1.98,0.00043039999999999984,2.02,0.004303999999999999,1.9000000000000001,0.004303999999999999,3.9,0.4304000000000001,0.02
4.319999999999999e-05,1.94,0.0004319999999999999,1.98,0.0043199999999999975,1.94,0.0043199999999999975,3.98,0.43199999999999994,-0.02
4.335999999999999e-05,1.98,0.0004335999999999999,1.98,0.004336,1.9000000000000001,0.004336,3.94,0.4336000000000002,0.02
4.351999999999999e-05,1.98,0.00043519999999999995,1.98,0.004351999999999998,1.9000000000000001,0.004351999999999998,3.9,0.43520000000000003,0.02
4.367999999999999e-05,1.94,0.0004368,1.98,0.004368,1.94,0.004368,3.9,0.43679999999999986,0.02
4.383999999999999e-05,1.94,0.00043840000000000003,2.02,0.004383999999999999,1.94,0.004383999999999999,3.94,0.4384000000000001,-0.02
4.3999999999999985e-05,1.98,0.00043999999999999964,2.02,0.004399999999999998,1.9000000000000001,0.004399999999999998,3.94,0.43999999999999995,0.02
4.4159999999999984e-05,1.94,0.0004415999999999997,2.02,0.004416,1.94,0.004416,3.9,0.4416000000000002,0.02
4.431999999999998e-05,1.98,0.0004431999999999997,1.98,0.0044319999999999984,1.94,0.0044319999999999984,3.9,0.44320000000000004,0.02
4.447999999999998e-05,1.98,0.00044479999999999975,1.98,0.004447999999999997,1.9000000000000001,0.004447999999999997,3.9,0.44479999999999986,0.02
4.463999999999998e-05,1.94,0.0004463999999999998,2.02,0.004463999999999999,1.94,0.004463999999999999,3.94,0.44640000000000013,0.02
4.479999999999998e-05,1.94,0.00044799999999999983,2.02,0.004479999999999998,1.94,0.004479999999999998,3.94,0.44799999999999995,0.06
4.496e-05,1.94,0.00044959999999999987,1.98,0.004496,1.94,0.004496,3.9,0.4496000000000002,0.02
4.512e-05,1.94,0.0004511999999999999,2.02,0.004511999999999999,1.94,0.004511999999999999,3.9,0.45120000000000005,0.02
4.528e-05,1.94,0.00045279999999999995,1.98,0.004527999999999997,1.94,0.004527999999999997,3.94,0.45279999999999987,0.02
4.544e-05,1.94,0.0004544,1.98,0.004543999999999999,1.94,0.004543999999999999,3.9,0.45440000000000014,-0.02
4.56e-05,1.94,0.000456,2.02,0.004559999999999998,1.98,0.004559999999999998,3.94,0.45599999999999996,0.02
4.5759999999999996e-05,1.94,0.00045759999999999963,2.02,0.004576,1.94,0.004576,3.9,0.45760000000000023,0.02
4.5919999999999994e-05,2.02,0.00045919999999999967,2.02,0.004591999999999999,1.94,0.004591999999999999,3.94,0.45920000000000005,0.02
4.607999999999999e-05,1.94,0.0004607999999999997,1.98,0.0046079999999999975,1.98,0.0046079999999999975,3.9,0.4607999999999999,0.02
4.623999999999999e-05,1.94,0.00046239999999999975,2.02,0.004624,1.94,0.004624,3.94,0.46240000000000014,0.02
4.639999999999999e-05,1.98,0.0004639999999999998,2.02,0.004639999999999998,1.98,0.004639999999999998,3.94,0.46399999999999997,0.02
4.655999999999999e-05,1.98,0.0004655999999999998,2.02,0.004656,1.98,0.004656,3.94,0.4655999999999998,0.02
4.6719999999999986e-05,1.94,0.00046719999999999986,1.98,0.004671999999999999,1.98,0.004671999999999999,3.9,0.46720000000000006,0.02
4.6879999999999985e-05,1.94,0.0004687999999999999,2.02,0.004687999999999998,2.02,0.004687999999999998,3.9,0.4687999999999999,0.06
4.703999999999998e-05,1.94,0.00047039999999999994,1.98,0.004704,1.98,0.004704,3.94,0.47040000000000015,0.02
4.719999999999998e-05,1.94,0.000472,2.02,0.0047199999999999985,1.98,0.0047199999999999985,3.94,0.472,0.02
4.735999999999998e-05,1.94,0.0004736,2.02,0.004735999999999997,1.98,0.004735999999999997,3.94,0.4735999999999998,-0.02
4.751999999999998e-05,1.98,0.0004751999999999996,2.02,0.004751999999999999,1.98,0.004751999999999999,3.94,0.47520000000000007,0.02
4.7680000000000004e-05,1.98,0.00047679999999999966,2.02,0.004767999999999998,1.98,0.004767999999999998,3.94,0.4767999999999999,0.02
4.784e-05,1.94,0.0004783999999999997,2.02,0.004784,1.98,0.004784,3.9,0.47840000000000016,0.06
4.8e-05,1.94,0.00047999999999999974,2.02,0.004799999999999999,2.02,0.004799999999999999,3.94,0.48,0.06
4.816e-05,1.98,0.0004815999999999998,2.02,0.004815999999999997,2.02,0.004815999999999997,3.94,0.4815999999999998,0.02
4.832e-05,1.94,0.0004831999999999998,1.98,0.0048319999999999995,2.06,0.0048319999999999995,3.94,0.4832000000000001,0.02
4.848e-05,1.94,0.00048479999999999986,2.02,0.004847999999999998,2.02,0.004847999999999998,3.94,0.4847999999999999,0.02
4.8639999999999995e-05,1.94,0.0004863999999999999,2.02,0.004864,2.02,0.004864,3.9,0.48640000000000017,0.02
4.8799999999999994e-05,1.98,0.00048799999999999994,2.02,0.004879999999999999,2.02,0.004879999999999999,3.94,0.488,0.02
4.895999999999999e-05,1.94,0.0004896,2.02,0.004895999999999998,2.02,0.004895999999999998,3.94,0.4895999999999998,-0.02
4.911999999999999e-05,1.98,0.0004912,2.02,0.004912,2.02,0.004912,3.9,0.4912000000000001,0.02
4.927999999999999e-05,1.94,0.0004927999999999996,2.02,0.004927999999999998,2.02,0.004927999999999998,3.94,0.4927999999999999,-0.02
4.943999999999999e-05,1.94,0.0004943999999999997,2.02,0.004943999999999997,2.06,0.004943999999999997,3.9,0.4944000000000002,-0.02
4.9599999999999986e-05,1.94,0.0004959999999999997,2.02,0.004959999999999999,2.06,0.004959999999999999,3.94,0.496,0.02
4.9759999999999984e-05,1.98,0.0004975999999999997,2.02,0.004975999999999998,2.06,0.004975999999999998,3.9,0.4975999999999998,0.02
4.991999999999998e-05,1.94,0.0004991999999999998,2.02,0.004992,2.02,0.004992,3.9,0.4992000000000001,-0.02
5.007999999999998e-05,1.98,0.0005007999999999998,2.02,0.0050079999999999986,2.06,0.0050079999999999986,3.94,0.5007999999999999,0.02
5.023999999999998e-05,1.94,0.0005023999999999999,2.02,0.005023999999999997,2.06,0.005023999999999997,3.94,0.5024000000000002,0.02
5.039999999999998e-05,1.94,0.0005039999999999999,2.02,0.005039999999999999,2.06,0.005039999999999999,3.9,0.504,-0.02
5.0560000000000004e-05,1.94,0.0005055999999999999,2.02,0.005055999999999998,2.06,0.005055999999999998,3.94,0.5055999999999998,0.02
5.072e-05,1.94,0.0005072,2.02,0.005072,2.06,0.005072,3.94,0.5072000000000001,0.02
5.088e-05,1.94,0.0005088,2.02,0.005087999999999999,2.06,0.005087999999999999,3.9,0.5087999999999999,0.02
5.104e-05,1.98,0.0005103999999999996,1.98,0.005103999999999997,2.06,0.005103999999999997,3.94,0.5104000000000002,0.02
5.12e-05,1.98,0.0005119999999999997,1.98,0.0051199999999999996,2.06,0.0051199999999999996,3.94,0.512,0.02
5.1359999999999996e-05,1.94,0.0005135999999999997,2.02,0.005135999999999998,2.1,0.005135999999999998,3.9,0.5135999999999998,0.02
5.1519999999999995e-05,1.98,0.0005151999999999997,2.02,0.005152,2.1,0.005152,3.9,0.5152000000000001,0.02
5.167999999999999e-05,1.98,0.0005167999999999998,2.02,0.005167999999999999,2.06,0.005167999999999999,3.98,0.5167999999999999,0.02
5.183999999999999e-05,1.94,0.0005183999999999998,2.02,0.005183999999999998,2.1,0.005183999999999998,3.94,0.5184000000000002,-0.02
5.199999999999999e-05,1.98,0.0005199999999999998,2.02,0.0052,2.06,0.0052,3.9,0.52,0.02
5.215999999999999e-05,1.94,0.0005215999999999999,2.02,0.005215999999999998,2.06,0.005215999999999998,3.94,0.5215999999999998,0.02
5.231999999999999e-05,1.98,0.0005231999999999999,2.02,0.005231999999999997,2.1,0.005231999999999997,3.94,0.5232000000000001,0.02
5.2479999999999985e-05,1.98,0.0005248,2.02,0.005247999999999999,2.06,0.005247999999999999,3.94,0.5247999999999999,0.02
5.2639999999999984e-05,1.98,0.0005264,2.06,0.005263999999999998,2.1,0.005263999999999998,3.94,0.5264000000000002,0.02
5.279999999999998e-05,1.98,0.000528,2.02,0.00528,2.1,0.00528,3.94,0.528,-0.02
5.295999999999998e-05,1.98,0.0005295999999999996,2.02,0.005295999999999999,2.1,0.005295999999999999,3.94,0.5295999999999998,0.02
5.311999999999998e-05,1.94,0.0005311999999999997,2.02,0.005311999999999997,2.1,0.005311999999999997,3.9,0.5312000000000001,0.02
5.3280000000000005e-05,1.94,0.0005327999999999997,2.02,0.005327999999999999,2.1,0.005327999999999999,3.94,0.5327999999999999,-0.02
5.344e-05,1.94,0.0005343999999999998,2.02,0.005343999999999998,2.1,0.005343999999999998,3.94,0.5344000000000002,0.02
5.36e-05,1.94,0.0005359999999999998,2.02,0.00536,2.1,0.00536,3.94,0.536,0.02
5.376e-05,1.94,0.0005375999999999998,2.02,0.005375999999999999,2.14,0.005375999999999999,3.94,0.5375999999999999,-0.02
5.392e-05,1.94,0.0005391999999999999,2.02,0.0053919999999999975,2.1,0.0053919999999999975,3.94,0.5392000000000001,0.06
5.408e-05,1.98,0.0005407999999999999,2.02,0.005408,2.1,0.005408,3.94,0.5408,0.02
5.4239999999999996e-05,1.98,0.0005424,2.02,0.005423999999999998,2.1,0.005423999999999998,3.94,0.5424000000000002,-0.02
5.4399999999999994e-05,1.94,0.000544,2.02,0.00544,2.14,0.00544,3.94,0.544,0.02
5.455999999999999e-05,1.94,0.0005456,2.02,0.005455999999999999,2.14,0.005455999999999999,3.9,0.5455999999999999,0.02
5.471999999999999e-05,1.98,0.0005471999999999996,2.02,0.005471999999999998,2.14,0.005471999999999998,3.94,0.5472000000000001,0.02
5.487999999999999e-05,1.98,0.0005487999999999997,2.02,0.005488,2.14,0.005488,3.94,0.5488,0.06
5.503999999999999e-05,1.98,0.0005503999999999997,2.02,0.0055039999999999985,2.14,0.0055039999999999985,3.94,0.5504000000000002,0.02
5.5199999999999986e-05,1.98,0.0005519999999999998,2.02,0.005519999999999997,2.14,0.005519999999999997,3.9,0.552,0.02
5.5359999999999985e-05,1.98,0.0005535999999999998,2.02,0.005535999999999999,2.14,0.005535999999999999,3.94,0.5535999999999999,0.02
5.5519999999999983e-05,1.94,0.0005551999999999998,2.02,0.005551999999999998,2.14,0.005551999999999998,3.94,0.5552000000000001,0.02
5.567999999999998e-05,1.94,0.0005567999999999999,2.02,0.005568,2.14,0.005568,3.9,0.5568,0.02
5.583999999999998e-05,1.94,0.0005583999999999999,2.02,0.005583999999999999,2.14,0.005583999999999999,3.94,0.5584000000000002,0.02
5.599999999999998e-05,1.94,0.00056,2.06,0.005599999999999997,2.18,0.005599999999999997,3.94,0.56,0.02
5.6160000000000004e-05,1.98,0.0005616,2.02,0.0056159999999999995,2.14,0.0056159999999999995,3.94,0.5615999999999999,0.02
5.632e-05,1.94,0.0005632,2.02,0.005631999999999998,2.18,0.005631999999999998,3.94,0.5632000000000001,0.02
5.648e-05,1.94,0.0005647999999999996,2.06,0.005648,2.18,0.005648,3.94,0.5648,0.02
5.664e-05,1.98,0.0005663999999999997,2.02,0.005663999999999999,2.18,0.005663999999999999,3.9,0.5664000000000002,0.02
5.68e-05,1.94,0.0005679999999999997,2.06,0.0056799999999999976,2.18,0.0056799999999999976,3.94,0.5680000000000001,0.02
5.696e-05,1.94,0.0005695999999999998,2.02,0.005696,2.18,0.005696,3.94,0.5695999999999999,0.02
5.7119999999999995e-05,1.94,0.0005711999999999998,2.02,0.005711999999999998,2.18,0.005711999999999998,3.94,0.5712000000000002,0.02
5.7279999999999994e-05,1.94,0.0005727999999999998,2.02,0.005727999999999997,2.18,0.005727999999999997,3.94,0.5728,-0.02
5.743999999999999e-05,1.94,0.0005743999999999999,2.02,0.005743999999999999,2.18,0.005743999999999999,3.94,0.5743999999999998,0.02
5.759999999999999e-05,1.98,0.0005759999999999999,2.02,0.005759999999999998,2.18,0.005759999999999998,3.94,0.5760000000000001,0.02
5.775999999999999e-05,1.98,0.0005775999999999999,2.02,0.005776,2.18,0.005776,3.94,0.5775999999999999,0.02
5.791999999999999e-05,1.94,0.0005792,2.02,0.0057919999999999985,2.22,0.0057919999999999985,3.94,0.5792000000000002,0.02
5.8079999999999986e-05,1.94,0.0005808,2.02,0.005807999999999997,2.22,0.005807999999999997,3.94,0.5808,0.02
5.8239999999999984e-05,1.94,0.0005823999999999996,2.02,0.005823999999999999,2.18,0.005823999999999999,3.9,0.5823999999999998,-0.02
5.839999999999998e-05,1.94,0.0005839999999999997,2.06,0.005839999999999998,2.22,0.005839999999999998,3.9,0.5840000000000001,-0.02
5.855999999999998e-05,1.94,0.0005855999999999997,2.06,0.005856,2.22,0.005856,3.94,0.5855999999999999,0.02
5.871999999999998e-05,1.98,0.0005871999999999997,2.06,0.005871999999999999,2.18,0.005871999999999999,3.9,0.5872000000000002,0.02
5.887999999999998e-05,1.98,0.0005887999999999998,2.02,0.005887999999999997,2.22,0.005887999999999997,3.94,0.5888,0.02
5.9040000000000004e-05,1.94,0.0005903999999999998,2.02,0.0059039999999999995,2.22,0.0059039999999999995,3.94,0.5903999999999998,0.02
5.92e-05,1.98,0.0005919999999999999,2.02,0.005919999999999998,2.22,0.005919999999999998,3.94,0.5920000000000001,0.02
5.936e-05,1.94,0.0005935999999999999,2.02,0.005936,2.22,0.005936,3.94,0.5935999999999999,0.06
5.952e-05,1.94,0.0005951999999999999,2.06,0.005951999999999999,2.22,0.005951999999999999,3.94,0.5952000000000002,0.02
5.968e-05,1.94,0.0005968,2.02,0.005967999999999998,2.22,0.005967999999999998,3.94,0.5968,0.02
5.9839999999999996e-05,1.98,0.0005984,2.02,0.005984,2.22,0.005984,3.94,0.5983999999999998,0.02
5.9999999999999995e-05,1.94,0.0005999999999999996,2.02,0.005999999999999998,2.22,0.005999999999999998,3.94,0.6000000000000001,0.02
6.015999999999999e-05,1.98,0.0006015999999999997,2.02,0.006015999999999997,2.22,0.006015999999999997,3.9,0.6015999999999999,0.02
6.031999999999999e-05,1.94,0.0006031999999999997,2.02,0.006031999999999999,2.2600000000000002,0.006031999999999999,3.94,0.6032000000000002,0.02
6.047999999999999e-05,1.94,0.0006047999999999997,2.02,0.006047999999999998,2.2600000000000002,0.006047999999999998,3.9,0.6048,0.02
6.063999999999999e-05,1.94,0.0006063999999999998,2.02,0.006064,2.2600000000000002,0.006064,3.94,0.6063999999999998,-0.02
6.079999999999999e-05,1.94,0.0006079999999999998,2.02,0.006079999999999999,2.2600000000000002,0.006079999999999999,3.94,0.6080000000000001,0.02
6.0959999999999986e-05,1.94,0.0006095999999999999,2.02,0.006095999999999997,2.2600000000000002,0.006095999999999997,3.94,0.6095999999999999,0.02
6.111999999999998e-05,1.94,0.0006111999999999999,2.06,0.006111999999999999,2.2600000000000002,0.006111999999999999,3.94,0.6112000000000002,-0.02
6.127999999999998e-05,1.98,0.0006127999999999999,2.02,0.006127999999999998,2.2600000000000002,0.006127999999999998,3.94,0.6128,0.06
6.143999999999998e-05,1.94,0.0006144,2.06,0.006144,2.2600000000000002,0.006144,3.9,0.6143999999999998,0.02
6.159999999999998e-05,1.98,0.000616,2.06,0.006159999999999999,2.2600000000000002,0.006159999999999999,3.94,0.6160000000000001,0.02
6.176e-05,1.98,0.0006175999999999996,2.02,0.0061759999999999975,2.2600000000000002,0.0061759999999999975,3.9,0.6175999999999999,0.02
6.192e-05,1.94,0.0006191999999999997,2.06,0.006192,2.2600000000000002,0.006192,3.9,0.6192000000000002,0.02
6.208e-05,1.98,0.0006207999999999997,2.06,0.006207999999999998,2.2600000000000002,0.006207999999999998,3.94,0.6208,0.02
6.224e-05,1.94,0.0006223999999999997,2.06,0.006224,2.3000000000000003,0.006224,3.94,0.6223999999999998,0.02
6.24e-05,1.94,0.0006239999999999998,2.02,0.006239999999999999,2.2600000000000002,0.006239999999999999,3.94,0.6240000000000001,0.02
6.256e-05,1.98,0.0006255999999999998,2.02,0.006255999999999998,2.3000000000000003,0.006255999999999998,3.94,0.6255999999999999,0.02
6.272e-05,1.98,0.0006271999999999998,2.02,0.006272,2.2600000000000002,0.006272,3.94,0.6272000000000002,0.02
6.288e-05,1.98,0.0006287999999999999,2.06,0.0062879999999999985,2.2600000000000002,0.0062879999999999985,3.9,0.6288,0.02
6.303999999999999e-05,1.98,0.0006303999999999999,2.06,0.006303999999999997,2.2600000000000002,0.006303999999999997,3.94,0.6303999999999998,0.02
6.319999999999999e-05,1.98,0.000632,2.06,0.006319999999999999,2.3000000000000003,0.006319999999999999,3.94,0.6320000000000001,0.06
6.335999999999999e-05,2.02,0.0006336,2.02,0.006335999999999998,2.2600000000000002,0.006335999999999998,3.9,0.6335999999999999,0.02
6.351999999999999e-05,2.02,0.0006351999999999996,2.02,0.006352,2.3000000000000003,0.006352,3.94,0.6352000000000002,0.02
6.367999999999999e-05,1.98,0.0006367999999999996,2.02,0.006367999999999999,2.34,0.006367999999999999,3.94,0.6368,0.02
6.383999999999999e-05,2.02,0.0006383999999999997,2.02,0.006383999999999997,2.3000000000000003,0.006383999999999997,3.94,0.6383999999999999,0.02
6.399999999999998e-05,1.98,0.0006399999999999997,2.06,0.0063999999999999994,2.3000000000000003,0.0063999999999999994,3.9,0.6400000000000001,0.02
6.415999999999998e-05,2.02,0.0006415999999999998,2.02,0.006415999999999998,2.3000000000000003,0.006415999999999998,3.9,0.6416,0.02
6.431999999999998e-05,2.06,0.0006431999999999998,2.02,0.006432,2.34,0.006432,3.94,0.6432000000000002,0.02
6.447999999999998e-05,1.98,0.0006447999999999998,2.02,0.006447999999999999,2.3000000000000003,0.006447999999999999,3.94,0.6448,0.02
6.464e-05,2.02,0.0006463999999999999,2.06,0.0064639999999999975,2.3000000000000003,0.0064639999999999975,3.94,0.6463999999999999,0.02
6.48e-05,1.98,0.0006479999999999999,2.06,0.00648,2.3000000000000003,0.00648,3.94,0.6480000000000001,-0.02
6.496e-05,1.98,0.0006496,2.06,0.006495999999999998,2.34,0.006495999999999998,3.94,0.6496,0.02
6.512e-05,1.98,0.0006512,2.02,0.006511999999999997,2.3000000000000003,0.006511999999999997,3.94,0.6512000000000002,0.02
6.528e-05,2.02,0.0006528,2.06,0.006527999999999999,2.34,0.006527999999999999,3.94,0.6528,0.02
6.544e-05,2.02,0.0006543999999999996,2.06,0.006543999999999998,2.3000000000000003,0.006543999999999998,3.94,0.6543999999999999,0.02
6.56e-05,2.02,0.0006559999999999997,2.06,0.00656,2.34,0.00656,3.9,0.6560000000000001,0.02
6.576e-05,2.06,0.0006575999999999997,2.06,0.0065759999999999985,2.34,0.0065759999999999985,3.94,0.6576,0.02
6.591999999999999e-05,2.02,0.0006591999999999998,2.06,0.006591999999999997,2.34,0.006591999999999997,3.94,0.6592000000000002,0.02
6.607999999999999e-05,1.98,0.0006607999999999998,2.06,0.006607999999999999,2.34,0.006607999999999999,3.94,0.6608,0.02
6.623999999999999e-05,1.98,0.0006623999999999998,2.06,0.006623999999999998,2.34,0.006623999999999998,3.9,0.6623999999999999,0.02
6.639999999999999e-05,2.02,0.0006639999999999999,2.06,0.00664,2.34,0.00664,3.94,0.6640000000000001,0.02
6.655999999999999e-05,2.02,0.0006655999999999999,2.06,0.006655999999999999,2.34,0.006655999999999999,3.94,0.6656,0.02
6.671999999999998e-05,2.02,0.0006672,2.06,0.006671999999999997,2.38,0.006671999999999997,3.94,0.6672000000000002,-0.02
6.687999999999998e-05,1.98,0.0006688,2.06,0.0066879999999999995,2.34,0.0066879999999999995,3.9,0.6688000000000001,0.02
6.703999999999998e-05,1.98,0.0006704,2.06,0.006703999999999998,2.34,0.006703999999999998,3.94,0.6703999999999999,0.02
6.719999999999998e-05,1.98,0.0006719999999999996,2.06,0.00672,2.34,0.00672,3.9,0.6720000000000002,0.02
6.735999999999998e-05,1.98,0.0006735999999999997,2.06,0.006735999999999999,2.38,0.006735999999999999,3.94,0.6736,0.02
6.752e-05,1.98,0.0006751999999999997,2.02,0.006751999999999998,2.34,0.006751999999999998,3.94,0.6751999999999998,0.02
6.768e-05,1.98,0.0006767999999999998,2.02,0.006768,2.34,0.006768,3.94,0.6768000000000001,0.02
6.784e-05,2.02,0.0006783999999999998,2.02,0.006783999999999998,2.34,0.006783999999999998,3.94,0.6783999999999999,0.02
6.8e-05,2.02,0.0006799999999999998,2.06,0.006799999999999997,2.38,0.006799999999999997,3.94,0.6800000000000002,0.02
6.816e-05,2.02,0.0006815999999999999,2.06,0.006815999999999999,2.38,0.006815999999999999,3.94,0.6816,0.02
6.832e-05,2.02,0.0006831999999999999,2.06,0.006831999999999998,2.38,0.006831999999999998,3.94,0.6831999999999998,0.02
6.848e-05,2.02,0.0006848,2.06,0.006848,2.34,0.006848,3.94,0.6848000000000001,0.02
6.864e-05,2.02,0.0006864,2.06,0.006863999999999999,2.38,0.006863999999999999,3.94,0.6863999999999999,-0.02
6.879999999999999e-05,1.98,0.000688,2.06,0.006879999999999997,2.38,0.006879999999999997,3.94,0.6880000000000002,0.02
6.895999999999999e-05,1.98,0.0006895999999999996,2.06,0.006895999999999999,2.38,0.006895999999999999,3.94,0.6896,0.02
6.911999999999999e-05,1.98,0.0006911999999999997,2.06,0.006911999999999998,2.38,0.006911999999999998,3.94,0.6911999999999998,0.02
6.927999999999999e-05,1.98,0.0006927999999999997,2.02,0.006928,2.38,0.006928,3.94,0.6928000000000001,0.02
6.943999999999999e-05,2.02,0.0006943999999999997,2.06,0.006943999999999999,2.38,0.006943999999999999,3.9,0.6943999999999999,0.02
6.959999999999998e-05,1.98,0.0006959999999999998,2.06,0.0069599999999999974,2.38,0.0069599999999999974,3.94,0.6960000000000002,0.02
6.975999999999998e-05,2.02,0.0006975999999999998,2.06,0.0069759999999999996,2.42,0.0069759999999999996,3.94,0.6976,0.02
6.991999999999998e-05,2.02,0.0006991999999999999,2.06,0.006991999999999998,2.42,0.006991999999999998,3.94,0.6991999999999998,0.02
7.007999999999998e-05,2.02,0.0007007999999999999,2.06,0.007008,2.42,0.007008,3.9,0.7008000000000001,0.02
7.024e-05,1.98,0.0007023999999999999,2.06,0.007023999999999999,2.38,0.007023999999999999,3.94,0.7023999999999999,0.02
7.04e-05,2.02,0.000704,2.06,0.007039999999999998,2.38,0.007039999999999998,3.94,0.7040000000000002,0.02
7.056e-05,2.02,0.0007056,2.06,0.007056,2.38,0.007056,3.9,0.7056,0.02
7.072e-05,1.98,0.0007071999999999996,2.06,0.007071999999999998,2.42,0.007071999999999998,3.94,0.7071999999999998,0.02
7.088e-05,2.02,0.0007087999999999997,2.06,0.007087999999999997,2.42,0.007087999999999997,3.94,0.7088000000000001,0.02
7.104e-05,1.98,0.0007103999999999997,2.06,0.007103999999999999,2.42,0.007103999999999999,3.9,0.7103999999999999,0.02
7.12e-05,2.02,0.0007119999999999997,2.06,0.007119999999999998,2.42,0.007119999999999998,3.94,0.7120000000000002,0.02
7.136e-05,2.02,0.0007135999999999998,2.06,0.007136,2.42,0.007136,3.94,0.7136,0.02
7.151999999999999e-05,2.02,0.0007151999999999998,2.06,0.007151999999999999,2.38,0.007151999999999999,3.94,0.7151999999999998,0.02
7.167999999999999e-05,1.98,0.0007167999999999999,2.06,0.007167999999999997,2.42,0.007167999999999997,3.94,0.7168000000000001,0.02
7.183999999999999e-05,2.02,0.0007183999999999999,2.06,0.007183999999999999,2.38,0.007183999999999999,3.94,0.7183999999999999,0.02
7.199999999999999e-05,2.02,0.0007199999999999999,2.06,0.007199999999999998,2.42,0.007199999999999998,3.9,0.7200000000000002,0.02
7.215999999999999e-05,1.98,0.0007216,2.02,0.007216,2.42,0.007216,3.94,0.7216,0.02
7.231999999999999e-05,2.02,0.0007232,2.06,0.007231999999999999,2.42,0.007231999999999999,3.94,0.7231999999999998,0.02
7.247999999999998e-05,2.02,0.0007247999999999996,2.06,0.0072479999999999975,2.46,0.0072479999999999975,3.9,0.7248000000000001,0.46
7.263999999999998e-05,2.02,0.0007263999999999997,2.06,0.007264,2.42,0.007264,3.94,0.7263999999999999,1.02
7.279999999999998e-05,2.02,0.0007279999999999997,2.02,0.007279999999999998,2.42,0.007279999999999998,3.94,0.7280000000000002,1.42
7.295999999999998e-05,2.02,0.0007295999999999997,2.06,0.007295999999999997,2.42,0.007295999999999997,3.94,0.7296,1.82
7.312e-05,2.02,0.0007311999999999998,2.06,0.007311999999999999,2.5,0.007311999999999999,3.94,0.7311999999999999,2.14
7.328e-05,1.98,0.0007327999999999998,2.06,0.007327999999999998,2.46,0.007327999999999998,3.94,0.7328000000000001,2.38
7.344e-05,1.98,0.0007343999999999999,2.06,0.007344,2.46,0.007344,3.94,0.7343999999999999,2.66
7.36e-05,2.02,0.0007359999999999999,2.06,0.0073599999999999985,2.46,0.0073599999999999985,3.94,0.7360000000000002,2.86
7.376e-05,2.02,0.0007375999999999999,2.06,0.007375999999999997,2.46,0.007375999999999997,3.9,0.7376,3.02
7.392e-05,2.02,0.0007392,2.06,0.007391999999999999,2.46,0.007391999999999999,3.94,0.7391999999999999,3.14
7.408e-05,2.02,0.0007408,2.1,0.007407999999999998,2.46,0.007407999999999998,3.94,0.7408000000000001,3.2600000000000002
7.424e-05,1.98,0.0007423999999999996,2.1,0.007424,2.46,0.007424,3.94,0.7424,3.38
7.439999999999999e-05,1.98,0.0007439999999999997,2.06,0.007439999999999999,2.46,0.007439999999999999,3.94,0.7440000000000002,3.46
7.455999999999999e-05,1.98,0.0007455999999999997,2.06,0.007455999999999997,2.46,0.007455999999999997,3.94,0.7456,3.5
7.471999999999999e-05,2.02,0.0007471999999999997,2.06,0.0074719999999999995,2.5,0.0074719999999999995,3.9,0.7471999999999999,3.58
7.487999999999999e-05,2.02,0.0007487999999999998,2.06,0.007487999999999998,2.46,0.007487999999999998,3.9,0.7488000000000001,3.62
7.503999999999999e-05,2.02,0.0007503999999999998,2.06,0.007504,2.5,0.007504,3.94,0.7504,3.7
7.519999999999998e-05,2.02,0.0007519999999999998,2.02,0.007519999999999999,2.46,0.007519999999999999,3.94,0.7520000000000002,3.7
7.535999999999998e-05,2.02,0.0007535999999999999,2.02,0.0075359999999999976,2.5,0.0075359999999999976,3.94,0.7536,3.7800000000000002
7.551999999999998e-05,1.98,0.0007551999999999999,2.02,0.007552,2.5,0.007552,3.94,0.7551999999999999,3.7800000000000002
7.567999999999998e-05,1.98,0.0007568,2.02,0.007567999999999998,2.5,0.007567999999999998,3.9,0.7568000000000001,3.86
7.583999999999998e-05,2.02,0.0007584,2.06,0.007583999999999997,2.5,0.007583999999999997,3.94,0.7584,3.8200000000000003
7.6e-05,1.98,0.0007599999999999996,2.02,0.007599999999999999,2.5,0.007599999999999999,3.98,0.7600000000000002,3.86
7.616e-05,2.02,0.0007615999999999996,2.02,0.007615999999999998,2.46,0.007615999999999998,3.94,0.7616,3.86
7.632e-05,2.02,0.0007631999999999997,2.02,0.007632,2.5,0.007632,3.94,0.7631999999999999,3.86
7.648e-05,2.02,0.0007647999999999997,2.02,0.0076479999999999985,2.5,0.0076479999999999985,3.94,0.7648000000000001,3.9
7.664e-05,2.02,0.0007663999999999998,2.02,0.007663999999999997,2.5,0.007663999999999997,3.94,0.7664,3.9
7.68e-05,1.98,0.0007679999999999998,2.02,0.007679999999999999,2.5,0.007679999999999999,3.94,0.7680000000000002,3.9
7.696e-05,2.02,0.0007695999999999998,2.02,0.007695999999999998,2.54,0.007695999999999998,3.94,0.7696000000000001,3.9
7.712e-05,2.02,0.0007711999999999999,2.02,0.007712,2.5,0.007712,3.94,0.7711999999999999,3.94
7.727999999999999e-05,2.02,0.0007727999999999999,1.98,0.007727999999999999,2.46,0.007727999999999999,3.94,0.7728000000000002,3.9
7.743999999999999e-05,2.02,0.0007744,2.02,0.007743999999999997,2.46,0.007743999999999997,3.9,0.7744,3.94
7.759999999999999e-05,1.98,0.000776,2.02,0.0077599999999999995,2.46,0.0077599999999999995,3.94,0.7760000000000002,3.94
7.775999999999999e-05,2.02,0.0007775999999999996,2.02,0.007775999999999998,2.42,0.007775999999999998,3.9,0.7776000000000001,3.94
7.791999999999999e-05,2.02,0.0007791999999999996,2.02,0.007792,2.46,0.007792,3.94,0.7791999999999999,3.9
7.807999999999998e-05,2.02,0.0007807999999999997,2.02,0.007807999999999999,2.42,0.007807999999999999,3.9,0.7808000000000002,3.98
7.823999999999998e-05,1.98,0.0007823999999999997,2.02,0.007823999999999998,2.46,0.007823999999999998,3.94,0.7824,3.94
7.839999999999998e-05,1.98,0.0007839999999999998,2.02,0.00784,2.42,0.00784,3.94,0.7839999999999998,3.94
7.855999999999998e-05,2.02,0.0007855999999999998,2.06,0.007855999999999998,2.42,0.007855999999999998,3.94,0.7856000000000001,3.98
7.872e-05,2.02,0.0007871999999999998,2.02,0.007871999999999997,2.42,0.007871999999999997,3.94,0.7871999999999999,3.98
7.888e-05,2.02,0.0007887999999999999,2.02,0.007888,2.42,0.007888,3.98,0.7888000000000002,3.94
7.904e-05,2.02,0.0007903999999999999,2.02,0.007903999999999998,2.42,0.007903999999999998,3.9,0.7904,3.98
7.92e-05,2.02,0.000792,2.06,0.00792,2.42,0.00792,3.94,0.7919999999999998,3.94
7.936e-05,2.02,0.0007936,2.02,0.007935999999999999,2.42,0.007935999999999999,3.94,0.7936000000000001,3.98
7.952e-05,2.02,0.0007952,2.02,0.007951999999999997,2.42,0.007951999999999997,3.94,0.7951999999999999,3.94
7.968e-05,2.02,0.0007967999999999996,2.02,0.007968,2.42,0.007968,3.9,0.7968000000000002,3.98
7.984e-05,1.98,0.0007983999999999997,1.98,0.007983999999999998,2.38,0.007983999999999998,3.94,0.7984,3.98
7.999999999999999e-05,2.02,0.0007999999999999997,2.02,0.008,2.42,0.008,3.94,0.7999999999999998,3.98
8.015999999999999e-05,2.02,0.0008015999999999998,1.98,0.008015999999999999,2.38,0.008015999999999999,3.94,0.8016000000000001,3.98
8.031999999999999e-05,2.02,0.0008031999999999998,2.02,0.008031999999999997,2.38,0.008031999999999997,3.9,0.8031999999999999,3.98
8.047999999999999e-05,2.02,0.0008047999999999998,1.98,0.008048,2.38,0.008048,3.94,0.8048000000000002,3.98
8.063999999999999e-05,2.02,0.0008063999999999999,1.98,0.008063999999999998,2.38,0.008063999999999998,3.94,0.8064,3.98
8.079999999999999e-05,2.02,0.0008079999999999999,2.02,0.008079999999999997,2.38,0.008079999999999997,3.94,0.8079999999999998,3.94
8.095999999999998e-05,2.02,0.0008096,2.02,0.008095999999999999,2.38,0.008095999999999999,3.94,0.8096000000000001,3.94
8.111999999999998e-05,2.02,0.0008112,1.98,0.008111999999999998,2.38,0.008111999999999998,3.94,0.8111999999999999,3.94
8.127999999999998e-05,1.98,0.0008128,1.98,0.008128,2.34,0.008128,3.94,0.8128000000000002,3.98
8.143999999999998e-05,2.02,0.0008143999999999996,1.98,0.008143999999999998,2.38,0.008143999999999998,3.98,0.8144,3.98
8.16e-05,2.02,0.0008159999999999997,1.98,0.008159999999999997,2.34,0.008159999999999997,3.94,0.8159999999999998,3.98
8.176e-05,2.02,0.0008175999999999997,2.02,0.008176,2.34,0.008176,3.94,0.8176000000000001,3.94
8.192e-05,2.02,0.0008191999999999997,2.02,0.008191999999999998,2.34,0.008191999999999998,3.94,0.8191999999999999,3.98
8.208e-05,1.98,0.0008207999999999998,2.02,0.008208,2.34,0.008208,3.98,0.8208000000000002,3.98
8.224e-05,1.98,0.0008223999999999998,1.98,0.008223999999999999,2.34,0.008223999999999999,3.94,0.8224,3.98
8.24e-05,1.98,0.0008239999999999999,2.02,0.008239999999999997,2.3000000000000003,0.008239999999999997,3.94,0.8239999999999998,3.98
8.256e-05,2.02,0.0008255999999999999,1.98,0.008256,2.3000000000000003,0.008256,3.94,0.8256000000000001,3.98
8.272e-05,2.02,0.0008271999999999999,2.02,0.008271999999999998,2.3000000000000003,0.008271999999999998,3.98,0.8271999999999999,3.98
8.287999999999999e-05,2.02,0.0008288,2.02,0.008288,2.3000000000000003,0.008288,3.94,0.8288000000000002,3.94
8.303999999999999e-05,2.02,0.0008304,2.02,0.008303999999999999,2.34,0.008303999999999999,3.94,0.8304,3.94
8.319999999999999e-05,2.06,0.0008319999999999996,2.02,0.008319999999999998,2.3000000000000003,0.008319999999999998,3.94,0.8319999999999999,3.98
8.335999999999999e-05,2.02,0.0008335999999999997,1.98,0.008336,2.3000000000000003,0.008336,3.9,0.8336000000000001,3.98
8.351999999999999e-05,2.02,0.0008351999999999997,1.98,0.008351999999999998,2.34,0.008351999999999998,3.94,0.8351999999999999,3.98
8.367999999999998e-05,2.02,0.0008367999999999997,2.02,0.008367999999999997,2.2600000000000002,0.008367999999999997,3.9,0.8368000000000002,3.94
8.383999999999998e-05,2.02,0.0008383999999999998,2.02,0.008383999999999999,2.3000000000000003,0.008383999999999999,3.9,0.8384,3.98
8.399999999999998e-05,2.02,0.0008399999999999998,1.98,0.008399999999999998,2.3000000000000003,0.008399999999999998,3.94,0.8399999999999999,3.98
8.415999999999998e-05,2.02,0.0008415999999999999,2.02,0.008416,2.3000000000000003,0.008416,3.98,0.8416000000000001,3.94
8.432e-05,2.02,0.0008431999999999999,2.02,0.008431999999999999,2.2600000000000002,0.008431999999999999,3.94,0.8432,3.98
8.447999999999998e-05,1.98,0.0008447999999999999,1.98,0.008447999999999997,2.3000000000000003,0.008447999999999997,3.94,0.8448000000000002,3.98
8.464e-05,2.02,0.0008464,1.98,0.008464,2.2600000000000002,0.008464,3.94,0.8464,3.98
8.479999999999997e-05,1.98,0.000848,2.02,0.008479999999999998,2.3000000000000003,0.008479999999999998,3.9,0.8479999999999999,3.98
8.496e-05,1.98,0.0008495999999999996,2.02,0.008496,2.2600000000000002,0.008496,3.9,0.8496000000000001,3.98
8.511999999999997e-05,2.02,0.0008511999999999997,1.98,0.008511999999999999,2.22,0.008511999999999999,3.9,0.8512,3.94
8.528e-05,2.02,0.0008527999999999997,1.98,0.008527999999999997,2.2600000000000002,0.008527999999999997,3.9,0.8528000000000002,3.98
8.543999999999997e-05,2.02,0.0008543999999999997,1.98,0.008544,2.2600000000000002,0.008544,3.94,0.8544,3.98
8.56e-05,2.06,0.0008559999999999998,1.98,0.008559999999999998,2.22,0.008559999999999998,3.94,0.8559999999999999,3.94
8.576000000000002e-05,2.02,0.0008575999999999998,1.98,0.008576,2.22,0.008576,3.94,0.8576000000000001,3.98
8.591999999999999e-05,2.02,0.0008591999999999999,2.02,0.008591999999999999,2.2600000000000002,0.008591999999999999,3.94,0.8592,3.98
8.608000000000002e-05,2.02,0.0008607999999999999,1.98,0.008607999999999998,2.2600000000000002,0.008607999999999998,3.9,0.8608000000000002,3.98
8.623999999999999e-05,2.02,0.0008623999999999999,2.02,0.008624,2.2600000000000002,0.008624,3.94,0.8624,3.98
8.640000000000001e-05,2.02,0.000864,1.98,0.008639999999999998,2.22,0.008639999999999998,3.94,0.8639999999999999,3.98
8.655999999999998e-05,2.02,0.0008656,2.02,0.008655999999999997,2.2600000000000002,0.008655999999999997,3.94,0.8656000000000001,3.98
8.672000000000001e-05,2.02,0.0008671999999999996,2.02,0.008672,2.22,0.008672,3.98,0.8672,3.98
8.687999999999998e-05,1.98,0.0008687999999999997,1.94,0.008687999999999998,2.22,0.008687999999999998,3.94,0.8688000000000002,3.94
8.704000000000001e-05,2.02,0.0008703999999999997,1.98,0.008704,2.2600000000000002,0.008704,3.94,0.8704000000000001,3.98
8.719999999999998e-05,2.02,0.0008719999999999997,1.98,0.008719999999999999,2.18,0.008719999999999999,3.94,0.8719999999999999,3.94
8.736e-05,2.02,0.0008735999999999998,2.02,0.008735999999999997,2.22,0.008735999999999997,3.94,0.8736000000000002,3.98
8.751999999999998e-05,2.02,0.0008751999999999998,2.02,0.008752,2.22,0.008752,3.94,0.8752,3.98
8.768e-05,2.02,0.0008767999999999998,2.02,0.008767999999999998,2.22,0.008767999999999998,3.94,0.8768000000000002,3.98
8.783999999999997e-05,2.02,0.0008783999999999999,1.98,0.008784,2.18,0.008784,3.94,0.8784000000000001,3.98
8.8e-05,1.98,0.0008799999999999999,1.98,0.008799999999999999,2.22,0.008799999999999999,3.98,0.8799999999999999,3.98
8.815999999999997e-05,2.02,0.0008816,1.94,0.008815999999999997,2.22,0.008815999999999997,3.98,0.8816000000000002,3.98
8.832e-05,2.02,0.0008832,1.98,0.008832,2.18,0.008832,3.94,0.8832,3.94
8.847999999999997e-05,2.02,0.0008847999999999996,1.98,0.008847999999999998,2.18,0.008847999999999998,3.94,0.8847999999999998,3.98
8.863999999999999e-05,2.02,0.0008863999999999996,1.98,0.008863999999999997,2.18,0.008863999999999997,3.94,0.8864000000000001,3.98
8.880000000000002e-05,2.02,0.0008879999999999997,1.98,0.008879999999999999,2.18,0.008879999999999999,3.94,0.8879999999999999,3.94
8.895999999999999e-05,2.02,0.0008895999999999997,1.98,0.008895999999999998,2.18,0.008895999999999998,3.94,0.8896000000000002,3.98
8.912000000000001e-05,1.98,0.0008911999999999998,1.98,0.008912,2.18,0.008912,3.94,0.8912,3.98
8.927999999999999e-05,2.02,0.0008927999999999998,1.98,0.008927999999999998,2.14,0.008927999999999998,3.94,0.8927999999999998,3.98
8.944000000000001e-05,2.02,0.0008943999999999998,1.98,0.008943999999999997,2.14,0.008943999999999997,3.94,0.8944000000000001,3.98
8.959999999999998e-05,2.02,0.0008959999999999999,1.98,0.00896,2.18,0.00896,3.94,0.8959999999999999,3.98
8.976000000000001e-05,2.02,0.0008975999999999999,1.98,0.008975999999999998,2.14,0.008975999999999998,3.94,0.8976000000000002,3.98
8.991999999999998e-05,2.02,0.0008992,1.98,0.008992,2.18,0.008992,3.94,0.8992,3.98
9.008e-05,2.02,0.0009008,1.98,0.009007999999999999,2.18,0.009007999999999999,3.94,0.9007999999999998,3.98
9.023999999999998e-05,2.02,0.0009023999999999996,1.98,0.009023999999999997,2.14,0.009023999999999997,3.94,0.9024000000000001,3.98
9.04e-05,2.06,0.0009039999999999996,1.98,0.00904,2.18,0.00904,3.94,0.9039999999999999,3.98
9.055999999999997e-05,1.98,0.0009055999999999997,1.98,0.009055999999999998,2.18,0.009055999999999998,3.98,0.9056000000000002,3.98
9.072e-05,2.02,0.0009071999999999997,1.98,0.009072,2.14,0.009072,3.94,0.9072,3.98
9.087999999999997e-05,2.02,0.0009087999999999998,1.98,0.009087999999999999,2.14,0.009087999999999999,3.9,0.9087999999999998,3.98
9.104e-05,2.02,0.0009103999999999998,1.98,0.009103999999999998,2.14,0.009103999999999998,3.9,0.9104000000000001,3.98
9.119999999999997e-05,2.02,0.0009119999999999998,1.98,0.00912,2.14,0.00912,3.9,0.9119999999999999,3.98
9.135999999999999e-05,2.06,0.0009135999999999999,2.02,0.009135999999999998,2.14,0.009135999999999998,3.9,0.9136000000000002,3.94
9.152000000000002e-05,2.02,0.0009151999999999999,1.98,0.009151999999999997,2.14,0.009151999999999997,3.86,0.9152,3.98
9.167999999999999e-05,2.02,0.0009168,1.98,0.009167999999999999,2.1,0.009167999999999999,3.86,0.9167999999999998,3.98
9.184000000000002e-05,2.02,0.0009184,1.98,0.009183999999999998,2.1,0.009183999999999998,3.86,0.9184000000000001,3.98
9.199999999999999e-05,2.02,0.0009199999999999996,1.98,0.0092,2.14,0.0092,3.86,0.9199999999999999,3.98
9.216000000000001e-05,2.02,0.0009215999999999996,1.98,0.009215999999999998,2.1,0.009215999999999998,3.86,0.9216000000000002,3.98
9.231999999999998e-05,2.06,0.0009231999999999997,1.98,0.009231999999999997,2.1,0.009231999999999997,3.86,0.9232,3.94
9.248000000000001e-05,2.02,0.0009247999999999997,1.98,0.009248,2.14,0.009248,3.86,0.9247999999999998,3.98
9.263999999999998e-05,2.02,0.0009263999999999997,1.98,0.009263999999999998,2.1,0.009263999999999998,3.86,0.9264000000000001,3.98
9.28e-05,2.02,0.0009279999999999998,1.98,0.00928,2.1,0.00928,3.8200000000000003,0.9279999999999999,3.98
9.295999999999998e-05,2.02,0.0009295999999999998,1.98,0.009295999999999999,2.1,0.009295999999999999,3.8200000000000003,0.9296000000000002,3.94
9.312e-05,2.02,0.0009311999999999999,1.98,0.009311999999999997,2.1,0.009311999999999997,3.8200000000000003,0.9312,3.98
9.327999999999997e-05,1.98,0.0009327999999999999,1.98,0.009328,2.06,0.009328,3.7800000000000002,0.9327999999999999,3.98
9.344e-05,2.02,0.0009343999999999999,1.98,0.009343999999999998,2.06,0.009343999999999998,3.8200000000000003,0.9344000000000001,3.98
9.359999999999997e-05,2.02,0.000936,1.94,0.009359999999999997,2.06,0.009359999999999997,3.7800000000000002,0.9359999999999999,3.98
9.376e-05,2.02,0.0009376,1.98,0.009375999999999999,2.06,0.009375999999999999,3.8200000000000003,0.9376000000000002,3.94
9.391999999999997e-05,2.02,0.0009391999999999996,1.98,0.009391999999999998,2.06,0.009391999999999998,3.7800000000000002,0.9392,3.94
9.408e-05,2.02,0.0009407999999999997,1.98,0.009408,2.06,0.009408,3.7800000000000002,0.9407999999999999,3.94
9.424000000000002e-05,2.02,0.0009423999999999997,1.98,0.009423999999999998,2.06,0.009423999999999998,3.7800000000000002,0.9424000000000001,3.98
9.439999999999999e-05,2.02,0.0009439999999999997,1.98,0.009439999999999997,2.06,0.009439999999999997,3.7800000000000002,0.944,3.98
9.456000000000002e-05,2.02,0.0009455999999999998,1.98,0.009455999999999999,2.06,0.009455999999999999,3.7800000000000002,0.9456000000000002,3.98
9.471999999999999e-05,1.98,0.0009471999999999998,1.98,0.009471999999999998,2.06,0.009471999999999998,3.74,0.9472,3.98
9.488000000000001e-05,2.02,0.0009487999999999999,1.98,0.009488,2.06,0.009488,3.74,0.9487999999999999,3.98
9.503999999999998e-05,2.02,0.0009503999999999999,1.98,0.009503999999999999,2.06,0.009503999999999999,3.74,0.9504000000000001,3.98
9.520000000000001e-05,2.02,0.0009519999999999999,1.98,0.009519999999999997,2.06,0.009519999999999997,3.74,0.952,3.98
9.535999999999998e-05,2.02,0.0009536,1.98,0.009536,2.02,0.009536,3.74,0.9536000000000002,3.98
9.552000000000001e-05,1.98,0.0009552,1.98,0.009551999999999998,2.02,0.009551999999999998,3.7,0.9552,3.98
9.567999999999998e-05,1.98,0.0009567999999999996,2.02,0.009568,2.02,0.009568,3.7,0.9567999999999999,3.94
9.584e-05,2.02,0.0009583999999999997,1.98,0.009583999999999999,2.06,0.009583999999999999,3.7,0.9584000000000001,3.94
9.599999999999998e-05,1.98,0.0009599999999999997,1.98,0.009599999999999997,2.06,0.009599999999999997,3.66,0.96,3.94
9.616e-05,1.98,0.0009615999999999997,1.98,0.009616,2.06,0.009616,3.7,0.9616000000000002,3.98
9.631999999999997e-05,2.02,0.0009631999999999998,1.94,0.009631999999999998,2.02,0.009631999999999998,3.7,0.9632000000000001,3.94
9.648e-05,2.02,0.0009647999999999998,1.94,0.009647999999999997,2.02,0.009647999999999997,3.7,0.9647999999999999,3.98
9.663999999999997e-05,2.02,0.0009663999999999999,1.98,0.009663999999999999,2.02,0.009663999999999999,3.7,0.9664000000000001,3.98
9.68e-05,2.06,0.0009679999999999999,1.98,0.009679999999999998,2.02,0.009679999999999998,3.66,0.968,3.98
9.695999999999997e-05,1.98,0.0009695999999999999,1.94,0.009696,1.98,0.009696,3.66,0.9696000000000002,3.98
9.711999999999999e-05,2.02,0.0009712,1.98,0.009711999999999998,1.98,0.009711999999999998,3.66,0.9712000000000001,3.94
9.728000000000002e-05,1.98,0.0009728,1.98,0.009727999999999997,1.98,0.009727999999999997,3.66,0.9727999999999999,3.98
9.743999999999999e-05,2.02,0.0009743999999999996,1.98,0.009744,2.02,0.009744,3.62,0.9744000000000002,3.94
9.760000000000001e-05,2.02,0.0009759999999999997,1.94,0.009759999999999998,2.02,0.009759999999999998,3.62,0.976,3.98
9.775999999999999e-05,2.02,0.0009775999999999997,1.98,0.009776,1.98,0.009776,3.62,0.9776000000000002,3.98
9.792000000000001e-05,2.02,0.0009791999999999997,1.94,0.009791999999999999,1.98,0.009791999999999999,3.58,0.9792000000000001,3.94
9.807999999999998e-05,2.02,0.0009807999999999998,1.98,0.009807999999999997,2.02,0.009807999999999997,3.62,0.9807999999999999,3.98
9.824000000000001e-05,2.02,0.0009823999999999998,1.98,0.009824,2.02,0.009824,3.62,0.9824000000000002,3.94
9.839999999999998e-05,2.02,0.0009839999999999998,1.98,0.009839999999999998,1.98,0.009839999999999998,3.58,0.984,3.94
9.856e-05,2.02,0.0009855999999999999,1.98,0.009856,1.98,0.009856,3.58,0.9856000000000003,3.98
9.871999999999998e-05,2.02,0.0009872,1.94,0.009871999999999999,1.98,0.009871999999999999,3.58,0.9872000000000001,3.98
9.888e-05,2.02,0.0009888,1.98,0.009887999999999997,1.94,0.009887999999999997,3.58,0.9887999999999999,3.98
9.903999999999997e-05,2.06,0.0009904,1.94,0.009904,1.98,0.009904,3.58,0.9904000000000002,3.98
9.92e-05,2.02,0.0009919999999999996,1.98,0.009919999999999998,1.98,0.009919999999999998,3.58,0.992,3.94
9.935999999999997e-05,2.02,0.0009935999999999996,1.94,0.009935999999999997,1.94,0.009935999999999997,3.58,0.9935999999999998,3.98
9.952e-05,2.02,0.0009951999999999997,1.98,0.009951999999999999,1.98,0.009951999999999999,3.54,0.9952000000000001,3.94
9.967999999999997e-05,1.98,0.0009967999999999997,1.94,0.009967999999999998,1.98,0.009967999999999998,3.54,0.9967999999999999,3.94
9.983999999999999e-05,1.98,0.0009983999999999998,1.94,0.009984,1.94,0.009984,3.54,0.9984000000000002,3.98
0.00010000000000000002,2.02,0.0009999999999999998,1.94,0.009999999999999998,1.94,0.009999999999999998,3.54,1.0,3.94
0.00010015999999999999,2.02,0.0010015999999999998,1.98,0.010015999999999997,1.94,0.010015999999999997,3.5,1.0015999999999998,3.98
0.00010032000000000002,2.02,0.0010031999999999999,1.98,0.010032,1.94,0.010032,3.54,1.0032,3.94
0.00010047999999999999,2.02,0.0010048,1.94,0.010047999999999998,1.94,0.010047999999999998,3.5,1.0048,3.98
0.00010064000000000001,2.02,0.0010064,1.98,0.010064,1.94,0.010064,3.5,1.0064000000000002,3.94
0.00010079999999999998,2.02,0.001008,1.94,0.010079999999999999,1.9000000000000001,0.010079999999999999,3.54,1.008,3.98
0.00010096000000000001,2.02,0.0010095999999999996,1.94,0.010095999999999997,1.94,0.010095999999999997,3.46,1.0095999999999998,3.98
0.00010111999999999998,2.02,0.0010111999999999996,1.98,0.010112,1.94,0.010112,3.5,1.0112,3.98
0.00010128,2.02,0.0010127999999999997,1.98,0.010127999999999998,1.9000000000000001,0.010127999999999998,3.5,1.0128,3.94
0.00010143999999999998,2.02,0.0010143999999999997,1.94,0.010143999999999997,1.94,0.010143999999999997,3.5,1.0144000000000002,3.98
0.0001016,2.02,0.0010159999999999998,1.98,0.010159999999999999,1.94,0.010159999999999999,3.5,1.016,3.98
0.00010175999999999997,2.02,0.0010175999999999998,1.94,0.010175999999999998,1.86,0.010175999999999998,3.5,1.0175999999999998,3.98
0.00010192,2.02,0.0010191999999999998,1.98,0.010192,1.9000000000000001,0.010192,3.46,1.0192,3.98
0.00010207999999999997,2.02,0.0010207999999999999,1.94,0.010207999999999998,1.94,0.010207999999999998,3.42,1.0208,3.98
0.00010224,2.02,0.0010224,1.94,0.010223999999999997,1.86,0.010223999999999997,3.46,1.0224000000000002,3.98
0.00010239999999999997,2.02,0.001024,1.98,0.010239999999999999,1.9000000000000001,0.010239999999999999,3.42,1.024,3.94
0.00010256,1.98,0.0010256,1.98,0.010255999999999998,1.9000000000000001,0.010255999999999998,3.46,1.0255999999999998,3.94
0.00010272000000000002,2.02,0.0010271999999999996,1.98,0.010272,1.9000000000000001,0.010272,3.46,1.0272000000000001,3.98
0.00010287999999999999,2.02,0.0010287999999999996,1.98,0.010287999999999999,1.9000000000000001,0.010287999999999999,3.42,1.0288,3.98
0.00010304000000000002,2.02,0.0010303999999999997,1.94,0.010303999999999997,1.9000000000000001,0.010303999999999997,3.42,1.0304000000000002,3.98
0.00010319999999999999,2.02,0.0010319999999999997,1.94,0.01032,1.9000000000000001,0.01032,3.42,1.032,3.94
0.00010336000000000001,2.02,0.0010335999999999998,1.98,0.010335999999999998,1.86,0.010335999999999998,3.42,1.0335999999999999,3.98
0.00010351999999999998,2.02,0.0010351999999999998,1.94,0.010352,1.86,0.010352,3.42,1.0352000000000001,3.98
0.00010368000000000001,2.02,0.0010367999999999998,1.94,0.010367999999999999,1.86,0.010367999999999999,3.38,1.0368,3.94
0.00010383999999999998,2.02,0.0010383999999999999,1.94,0.010383999999999997,1.9000000000000001,0.010383999999999997,3.42,1.0384000000000002,3.98
0.00010400000000000001,2.02,0.00104,1.98,0.0104,1.86,0.0104,3.38,1.04,3.94
0.00010415999999999998,2.02,0.0010416,1.94,0.010415999999999998,1.86,0.010415999999999998,3.34,1.0415999999999999,3.94
0.00010432,2.02,0.0010432,1.98,0.010431999999999997,1.82,0.010431999999999997,3.38,1.0432000000000001,3.94
0.00010447999999999998,2.02,0.0010447999999999996,1.94,0.010447999999999999,1.82,0.010447999999999999,3.34,1.0448,3.98
0.00010464,2.02,0.0010463999999999996,1.98,0.010463999999999998,1.86,0.010463999999999998,3.38,1.0464000000000002,3.98
0.00010479999999999997,2.02,0.0010479999999999997,1.94,0.01048,1.86,0.01048,3.38,1.048,3.94
0.00010496,2.02,0.0010495999999999997,1.94,0.010495999999999998,1.82,0.010495999999999998,3.38,1.0495999999999999,3.98
0.00010511999999999997,2.02,0.0010511999999999997,1.94,0.010511999999999997,1.82,0.010511999999999997,3.38,1.0512000000000001,3.98
0.00010528,2.02,0.0010527999999999998,1.94,0.010528,1.86,0.010528,3.34,1.0528,3.98
0.00010543999999999997,2.02,0.0010543999999999998,1.94,0.010543999999999998,1.86,0.010543999999999998,3.3000000000000003,1.0544000000000002,3.98
0.00010559999999999999,2.02,0.0010559999999999999,1.94,0.01056,1.86,0.01056,3.34,1.056,3.98
0.00010576000000000002,2.02,0.0010576,1.94,0.010575999999999999,1.82,0.010575999999999999,3.34,1.0575999999999999,3.98
0.00010591999999999999,2.06,0.0010592,1.94,0.010591999999999997,1.82,0.010591999999999997,3.34,1.0592000000000001,3.98
0.00010608000000000001,2.02,0.0010608,1.98,0.010608,1.82,0.010608,3.34,1.0608,3.94
0.00010623999999999999,2.02,0.0010623999999999996,1.98,0.010623999999999998,1.82,0.010623999999999998,3.3000000000000003,1.0624000000000002,3.98
0.00010640000000000001,1.98,0.0010639999999999996,1.94,0.01064,1.82,0.01064,3.3000000000000003,1.064,3.98
0.00010655999999999998,2.02,0.0010655999999999997,1.94,0.010655999999999999,1.82,0.010655999999999999,3.3000000000000003,1.0655999999999999,3.98
0.00010672000000000001,1.98,0.0010671999999999997,1.94,0.010671999999999997,1.82,0.010671999999999997,3.3000000000000003,1.0672000000000001,3.98
0.00010687999999999998,1.98,0.0010687999999999997,1.94,0.010688,1.82,0.010688,3.3000000000000003,1.0688,3.98
0.00010704,2.02,0.0010703999999999998,1.94,0.010703999999999998,1.82,0.010703999999999998,3.3000000000000003,1.0704000000000002,3.98
0.00010719999999999998,2.02,0.0010719999999999998,1.94,0.010719999999999997,1.82,0.010719999999999997,3.3000000000000003,1.072,3.98
0.00010736,2.02,0.0010735999999999999,1.94,0.010735999999999999,1.78,0.010735999999999999,3.3000000000000003,1.0735999999999999,3.98
0.00010751999999999997,2.02,0.0010752,1.94,0.010751999999999998,1.82,0.010751999999999998,3.2600000000000002,1.0752000000000002,3.98
0.00010768,2.02,0.0010768,1.94,0.010768,1.82,0.010768,3.2600000000000002,1.0768,3.98
0.00010783999999999997,2.02,0.0010784,1.98,0.010783999999999998,1.82,0.010783999999999998,3.2600000000000002,1.0784000000000002,3.94
0.000108,2.02,0.00108,1.94,0.010799999999999997,1.82,0.010799999999999997,3.2600000000000002,1.08,3.98
0.00010815999999999997,2.02,0.0010815999999999996,1.94,0.010816,1.78,0.010816,3.2600000000000002,1.0816,3.98
0.00010831999999999999,2.02,0.0010831999999999997,1.94,0.010831999999999998,1.78,0.010831999999999998,3.3000000000000003,1.0832000000000002,3.94
0.00010848000000000002,2.02,0.0010847999999999997,1.94,0.010848,1.78,0.010848,3.2600000000000002,1.0848,3.98
0.00010863999999999999,2.02,0.0010863999999999997,1.94,0.010863999999999999,1.78,0.010863999999999999,3.2600000000000002,1.0864000000000003,3.94
0.00010880000000000002,2.06,0.0010879999999999998,1.94,0.010879999999999997,1.78,0.010879999999999997,3.22,1.088,3.98
0.00010895999999999999,1.98,0.0010895999999999998,1.94,0.010896,1.74,0.010896,3.22,1.0896,3.98
0.00010912000000000001,2.02,0.0010911999999999999,1.94,0.010911999999999998,1.78,0.010911999999999998,3.22,1.0912000000000002,3.98
0.00010927999999999998,1.98,0.0010927999999999999,1.98,0.010927999999999997,1.78,0.010927999999999997,3.22,1.0928,3.98
0.00010944000000000001,2.02,0.0010944,1.98,0.010943999999999999,1.78,0.010943999999999999,3.2600000000000002,1.0944000000000003,3.98
0.00010959999999999998,2.02,0.001096,1.94,0.010959999999999998,1.78,0.010959999999999998,3.22,1.096,3.94
0.00010976,2.02,0.0010976,1.94,0.010976,1.74,0.010976,3.18,1.0976,3.98
0.00010991999999999998,2.02,0.0010991999999999996,1.9000000000000001,0.010991999999999998,1.74,0.010991999999999998,3.22,1.0992000000000002,3.98
0.00011008,2.06,0.0011007999999999997,1.94,0.011007999999999997,1.74,0.011007999999999997,3.18,1.1008,3.98
0.00011023999999999997,2.02,0.0011023999999999997,1.94,0.011023999999999999,1.74,0.011023999999999999,3.22,1.1023999999999998,3.98
0.0001104,2.02,0.0011039999999999997,1.94,0.011039999999999998,1.74,0.011039999999999998,3.18,1.104,3.98
0.00011055999999999997,2.02,0.0011055999999999998,1.94,0.011056,1.74,0.011056,3.18,1.1056,3.94
0.00011072,1.98,0.0011071999999999998,1.94,0.011071999999999999,1.74,0.011071999999999999,3.18,1.1072000000000002,3.98
0.00011087999999999997,1.98,0.0011087999999999998,1.94,0.011087999999999997,1.78,0.011087999999999997,3.14,1.1088,3.98
0.00011104,2.02,0.0011103999999999999,1.94,0.011104,1.7,0.011104,3.14,1.1103999999999998,3.98
0.00011120000000000002,2.02,0.001112,1.94,0.011119999999999998,1.74,0.011119999999999998,3.14,1.112,3.94
0.00011135999999999999,1.98,0.0011136,1.94,0.011136,1.74,0.011136,3.14,1.1136,3.98
0.00011152000000000002,2.02,0.0011152,1.94,0.011151999999999999,1.74,0.011151999999999999,3.14,1.1152000000000002,3.98
0.00011167999999999999,2.02,0.0011167999999999996,1.94,0.011167999999999997,1.74,0.011167999999999997,3.14,1.1168,3.98
0.00011184000000000001,1.98,0.0011183999999999996,1.94,0.011184,1.7,0.011184,3.1,1.1183999999999998,3.94
0.00011199999999999998,2.02,0.0011199999999999997,1.94,0.011199999999999998,1.7,0.011199999999999998,3.1,1.12,3.98
0.00011216000000000001,2.02,0.0011215999999999997,1.94,0.011215999999999997,1.7,0.011215999999999997,3.1,1.1216,3.98
0.00011231999999999998,2.02,0.0011231999999999998,1.94,0.011231999999999999,1.7,0.011231999999999999,3.14,1.1232000000000002,4.0200000000000005
0.00011248000000000001,2.02,0.0011247999999999998,1.94,0.011247999999999998,1.7,0.011247999999999998,3.1,1.1248,3.94
0.00011263999999999998,2.02,0.0011263999999999998,1.94,0.011264,1.7,0.011264,3.14,1.1263999999999998,3.98
0.0001128,2.02,0.0011279999999999999,1.94,0.011279999999999998,1.7,0.011279999999999998,3.1,1.1280000000000001,3.94
0.00011295999999999998,2.02,0.0011296,1.94,0.011295999999999997,1.7,0.011295999999999997,3.1,1.1296,3.94
0.00011312,2.02,0.0011312,1.94,0.011312,1.6600000000000001,0.011312,3.1,1.1312000000000002,3.98
0.00011327999999999997,2.02,0.0011328,1.94,0.011327999999999998,1.7,0.011327999999999998,3.1,1.1328,3.94
0.00011344,1.98,0.0011343999999999996,1.94,0.011344,1.7,0.011344,3.06,1.1343999999999999,3.98
0.00011359999999999997,2.02,0.0011359999999999996,1.94,0.011359999999999999,1.7,0.011359999999999999,3.1,1.1360000000000001,3.94
0.00011376,2.02,0.0011375999999999997,1.94,0.011375999999999997,1.7,0.011375999999999997,3.1,1.1376,3.98
0.00011391999999999997,2.02,0.0011391999999999997,1.94,0.011392,1.7,0.011392,3.06,1.1392000000000002,3.94
0.00011407999999999999,1.98,0.0011407999999999998,1.94,0.011407999999999998,1.6600000000000001,0.011407999999999998,3.06,1.1408,3.98
0.00011424000000000002,1.98,0.0011423999999999998,1.94,0.011424,1.6600000000000001,0.011424,3.1,1.1423999999999999,3.98
0.00011439999999999999,1.98,0.0011439999999999998,1.94,0.011439999999999999,1.6600000000000001,0.011439999999999999,3.06,1.1440000000000001,3.98
0.00011456000000000001,1.98,0.0011455999999999999,1.94,0.011455999999999997,1.6600000000000001,0.011455999999999997,3.06,1.1456,3.98
0.00011471999999999999,1.98,0.0011472,1.94,0.011472,1.7,0.011472,3.02,1.1472000000000002,3.98
0.00011488000000000001,1.98,0.0011488,1.94,0.011487999999999998,1.6600000000000001,0.011487999999999998,3.06,1.1488,3.98
0.00011503999999999998,1.98,0.0011504,1.9000000000000001,0.011503999999999997,1.6600000000000001,0.011503999999999997,3.02,1.1503999999999999,3.98
0.00011520000000000001,2.02,0.0011519999999999996,1.94,0.011519999999999999,1.6600000000000001,0.011519999999999999,3.06,1.1520000000000001,3.98
0.00011535999999999998,1.94,0.0011535999999999996,1.94,0.011535999999999998,1.6600000000000001,0.011535999999999998,3.02,1.1536,3.98
0.00011552,1.98,0.0011551999999999997,1.94,0.011552,1.6600000000000001,0.011552,3.02,1.1552000000000002,3.98
0.00011567999999999998,1.94,0.0011567999999999997,1.94,0.011567999999999998,1.6600000000000001,0.011567999999999998,3.06,1.1568,3.98
0.00011584,1.94,0.0011583999999999998,1.94,0.011583999999999997,1.62,0.011583999999999997,3.02,1.1583999999999999,3.98
0.00011599999999999997,1.94,0.0011599999999999998,1.94,0.0116,1.6600000000000001,0.0116,3.02,1.1600000000000001,3.98
0.00011616,1.98,0.0011615999999999998,1.94,0.011615999999999998,1.62,0.011615999999999998,2.98,1.1616,3.94
0.00011631999999999997,1.94,0.0011631999999999999,1.94,0.011632,1.6600000000000001,0.011632,2.98,1.1632000000000002,3.98
0.00011648,1.98,0.0011648,1.94,0.011647999999999999,1.6600000000000001,0.011647999999999999,2.98,1.1648,3.98
0.00011663999999999997,1.98,0.0011664,1.94,0.011663999999999997,1.62,0.011663999999999997,2.98,1.1663999999999999,3.94
0.00011679999999999999,1.98,0.001168,1.9000000000000001,0.01168,1.6600000000000001,0.01168,2.98,1.1680000000000001,3.98
0.00011696000000000002,1.98,0.0011695999999999996,1.94,0.011695999999999998,1.62,0.011695999999999998,2.98,1.1696,3.98
0.00011711999999999999,1.98,0.0011711999999999996,1.9000000000000001,0.011711999999999997,1.62,0.011711999999999997,2.98,1.1712000000000002,3.98
0.00011728000000000002,1.94,0.0011727999999999997,1.9000000000000001,0.011727999999999999,1.62,0.011727999999999999,2.98,1.1728,3.98
0.00011743999999999999,1.94,0.0011743999999999997,1.94,0.011743999999999997,1.62,0.011743999999999997,2.94,1.1743999999999999,3.94
0.00011760000000000001,1.98,0.0011759999999999997,1.94,0.01176,1.62,0.01176,2.98,1.1760000000000002,3.98
0.00011775999999999998,1.98,0.0011775999999999998,1.94,0.011775999999999998,1.62,0.011775999999999998,2.94,1.1776,3.94
0.00011792000000000001,1.94,0.0011791999999999998,1.94,0.011791999999999997,1.62,0.011791999999999997,2.94,1.1792000000000002,3.94
0.00011807999999999998,1.98,0.0011807999999999999,1.94,0.011807999999999999,1.62,0.011807999999999999,2.94,1.1808,3.94
0.00011824,1.98,0.0011824,1.94,0.011823999999999998,1.62,0.011823999999999998,2.98,1.1824,3.94
0.00011839999999999998,1.98,0.001184,1.9000000000000001,0.01184,1.62,0.01184,2.94,1.1840000000000002,3.98
0.00011856,1.94,0.0011856,1.9000000000000001,0.011855999999999998,1.62,0.011855999999999998,2.94,1.1856,3.98
0.00011871999999999997,1.94,0.0011871999999999996,1.94,0.011871999999999997,1.62,0.011871999999999997,2.9,1.1872000000000003,3.98
0.00011888,1.94,0.0011887999999999996,1.9000000000000001,0.011888,1.62,0.011888,2.94,1.1888,3.94
0.00011903999999999997,1.98,0.0011903999999999997,1.94,0.011903999999999998,1.62,0.011903999999999998,2.9,1.1904,3.98
0.0001192,2.02,0.0011919999999999997,1.94,0.01192,1.58,0.01192,2.9,1.1920000000000002,3.98
0.00011935999999999997,1.98,0.0011935999999999997,1.94,0.011935999999999999,1.58,0.011935999999999999,2.9,1.1936,3.98
0.00011952,1.94,0.0011951999999999998,1.9000000000000001,0.011951999999999997,1.58,0.011951999999999997,2.9,1.1952000000000003,3.98
0.00011968000000000002,1.94,0.0011967999999999998,1.94,0.011968,1.58,0.011968,2.86,1.1968,3.98
0.00011983999999999999,1.98,0.0011983999999999999,1.94,0.011983999999999998,1.58,0.011983999999999998,2.9,1.1984,3.94
0.00012000000000000002,1.94,0.0012,1.9000000000000001,0.011999999999999997,1.58,0.011999999999999997,2.94,1.2000000000000002,3.98
0.00012015999999999999,1.98,0.0012016,1.9000000000000001,0.012015999999999999,1.58,0.012015999999999999,2.86,1.2016,3.98
0.00012032000000000001,1.98,0.0012032,1.9000000000000001,0.012031999999999998,1.58,0.012031999999999998,2.9,1.2031999999999998,3.98
0.00012047999999999998,1.94,0.0012048,1.94,0.012048,1.58,0.012048,2.86,1.2048,3.94
0.00012064000000000001,1.94,0.0012063999999999996,1.9000000000000001,0.012063999999999998,1.62,0.012063999999999998,2.86,1.2064,3.94
0.00012079999999999998,1.94,0.0012079999999999997,1.94,0.012079999999999997,1.54,0.012079999999999997,2.86,1.2080000000000002,3.98
0.00012096000000000001,1.94,0.0012095999999999997,1.94,0.012095999999999999,1.58,0.012095999999999999,2.82,1.2096,3.98
0.00012111999999999998,1.94,0.0012111999999999997,1.94,0.012111999999999998,1.54,0.012111999999999998,2.86,1.2111999999999998,3.98
0.00012128,1.98,0.0012127999999999998,1.9000000000000001,0.012128,1.58,0.012128,2.86,1.2128,4.0200000000000005
0.00012143999999999998,1.94,0.0012143999999999998,1.94,0.012143999999999999,1.58,0.012143999999999999,2.86,1.2144,3.98
0.0001216,1.98,0.0012159999999999999,1.94,0.012159999999999997,1.54,0.012159999999999997,2.86,1.2160000000000002,3.94
0.00012175999999999997,1.98,0.0012175999999999999,1.9000000000000001,0.012176,1.58,0.012176,2.82,1.2176,3.98
0.00012192,1.98,0.0012192,1.9000000000000001,0.012191999999999998,1.54,0.012191999999999998,2.82,1.2191999999999998,3.98
0.00012207999999999997,1.94,0.0012208,1.9000000000000001,0.012208,1.54,0.012208,2.82,1.2208,3.98
0.00012224,1.98,0.0012224,1.9000000000000001,0.012223999999999999,1.54,0.012223999999999999,2.82,1.2224,3.98
0.00012239999999999997,1.94,0.0012239999999999996,1.9000000000000001,0.012239999999999997,1.54,0.012239999999999997,2.82,1.2240000000000002,3.94
0.00012256,1.94,0.0012255999999999996,1.9000000000000001,0.012256,1.54,0.012256,2.82,1.2256,3.98
0.00012272000000000002,1.94,0.0012271999999999997,1.94,0.012271999999999998,1.54,0.012271999999999998,2.82,1.2271999999999998,3.94
0.00012288,1.94,0.0012287999999999997,1.9000000000000001,0.012287999999999997,1.54,0.012287999999999997,2.7800000000000002,1.2288000000000001,3.86
0.00012304000000000001,1.98,0.0012303999999999998,1.9000000000000001,0.012303999999999999,1.58,0.012303999999999999,2.82,1.2304,3.2600000000000002
0.00012319999999999999,1.94,0.0012319999999999998,1.9000000000000001,0.012319999999999998,1.54,0.012319999999999998,2.82,1.2320000000000002,2.7800000000000002
0.00012336,1.98,0.0012335999999999998,1.94,0.012336,1.54,0.012336,2.7800000000000002,1.2336,2.38
0.00012351999999999998,1.98,0.0012351999999999999,1.94,0.012351999999999998,1.54,0.012351999999999998,2.82,1.2351999999999999,2.02
0.00012368,1.98,0.0012368,1.9000000000000001,0.012367999999999997,1.5,0.012367999999999997,2.7800000000000002,1.2368000000000001,1.7
0.00012383999999999998,1.98,0.0012384,1.9000000000000001,0.012384,1.54,0.012384,2.7800000000000002,1.2384,1.46
0.000124,1.98,0.00124,1.9000000000000001,0.012399999999999998,1.5,0.012399999999999998,2.7800000000000002,1.2400000000000002,1.26
0.00012415999999999998,1.94,0.0012415999999999996,1.9000000000000001,0.012416,1.54,0.012416,2.7800000000000002,1.2416,1.06
0.00012432,1.98,0.0012431999999999996,1.9000000000000001,0.012431999999999999,1.5,0.012431999999999999,2.74,1.2431999999999999,0.9
0.00012447999999999997,1.94,0.0012447999999999997,1.9000000000000001,0.012447999999999997,1.54,0.012447999999999997,2.7800000000000002,1.2448000000000001,0.78
0.00012464,1.98,0.0012463999999999997,1.9000000000000001,0.012464,1.5,0.012464,2.7800000000000002,1.2464,0.66
0.00012479999999999997,1.98,0.0012479999999999998,1.94,0.012479999999999998,1.5,0.012479999999999998,2.74,1.2480000000000002,0.54
0.00012496,1.94,0.0012495999999999998,1.9000000000000001,0.012495999999999997,1.5,0.012495999999999997,2.74,1.2496,0.5
0.00012511999999999997,1.98,0.0012511999999999998,1.9000000000000001,0.012511999999999999,1.46,0.012511999999999999,2.74,1.2511999999999999,0.42
0.00012528,1.98,0.0012527999999999999,1.9000000000000001,0.012527999999999997,1.5,0.012527999999999997,2.74,1.2528000000000001,0.38
0.00012544000000000002,1.94,0.0012544,1.9000000000000001,0.012544,1.5,0.012544,2.7,1.2544,0.34
0.0001256,1.98,0.001256,1.94,0.012559999999999998,1.5,0.012559999999999998,2.74,1.2560000000000002,0.26
0.00012576000000000002,1.98,0.0012576,1.94,0.012575999999999997,1.5,0.012575999999999997,2.74,1.2576,0.22
0.00012592,1.98,0.0012591999999999996,1.94,0.012591999999999999,1.5,0.012591999999999999,2.7,1.2591999999999999,0.22
0.00012608,1.98,0.0012607999999999996,1.94,0.012607999999999998,1.46,0.012607999999999998,2.74,1.2608000000000001,0.18
0.00012623999999999998,1.98,0.0012623999999999997,1.94,0.012624,1.46,0.012624,2.7,1.2624,0.14
0.0001264,1.94,0.0012639999999999997,1.94,0.012639999999999998,1.5,0.012639999999999998,2.66,1.2640000000000002,0.14
0.00012655999999999998,1.94,0.0012655999999999998,1.98,0.012655999999999997,1.5,0.012655999999999997,2.7,1.2656,0.1
0.00012672,1.94,0.0012671999999999998,1.98,0.012672,1.5,0.012672,2.7,1.2671999999999999,0.1
0.00012687999999999998,1.98,0.0012687999999999998,1.98,0.012687999999999998,1.46,0.012687999999999998,2.7,1.2688000000000001,0.1
0.00012704,1.94,0.0012703999999999999,1.98,0.012704,1.46,0.012704,2.66,1.2704,0.1
0.00012719999999999997,1.94,0.001272,1.98,0.012719999999999999,1.46,0.012719999999999999,2.66,1.2720000000000002,0.1
0.00012736,1.98,0.0012736,1.98,0.012735999999999997,1.5,0.012735999999999997,2.7,1.2736,0.06
0.00012751999999999997,1.94,0.0012752,1.94,0.012752,1.46,0.012752,2.66,1.2752,0.1
0.00012768,1.94,0.0012767999999999996,1.98,0.012767999999999998,1.5,0.012767999999999998,2.7,1.2768000000000002,0.06
0.00012783999999999997,1.98,0.0012783999999999996,1.94,0.012783999999999997,1.46,0.012783999999999997,2.66,1.2784,0.06
0.000128,1.98,0.0012799999999999997,1.94,0.012799999999999999,1.54,0.012799999999999999,2.66,1.2800000000000002,0.06
0.00012816000000000002,1.98,0.0012815999999999997,1.98,0.012815999999999998,1.54,0.012815999999999998,2.66,1.2816,0.06
0.00012832,1.98,0.0012831999999999997,1.98,0.012832,1.54,0.012832,2.66,1.2832,0.06
0.00012848000000000002,1.98,0.0012847999999999998,1.98,0.012847999999999998,1.54,0.012847999999999998,2.62,1.2848000000000002,0.02
0.00012864,1.94,0.0012863999999999998,1.94,0.012863999999999997,1.5,0.012863999999999997,2.66,1.2864,0.02
0.00012880000000000001,1.98,0.0012879999999999999,1.94,0.012879999999999999,1.5,0.012879999999999999,2.66,1.2880000000000003,0.06
0.00012895999999999999,1.94,0.0012896,1.98,0.012895999999999998,1.54,0.012895999999999998,2.62,1.2896,0.02
0.00012912,1.94,0.0012912,1.94,0.012912,1.54,0.012912,2.62,1.2912,0.02
0.00012927999999999998,1.94,0.0012928,1.94,0.012927999999999999,1.54,0.012927999999999999,2.62,1.2928000000000002,0.02
0.00012944,1.98,0.0012943999999999996,1.94,0.012943999999999997,1.54,0.012943999999999997,2.62,1.2944,0.02
0.00012959999999999998,1.94,0.0012959999999999996,1.94,0.01296,1.54,0.01296,2.62,1.2960000000000003,0.02
0.00012976,1.98,0.0012975999999999997,1.94,0.012975999999999998,1.58,0.012975999999999998,2.62,1.2976,0.02
0.00012991999999999998,1.98,0.0012991999999999997,1.98,0.012992,1.54,0.012992,2.58,1.2992,0.02
0.00013008,1.98,0.0013007999999999997,1.98,0.013007999999999999,1.58,0.013007999999999999,2.62,1.3008000000000002,0.02
0.00013023999999999997,1.94,0.0013023999999999998,1.98,0.013023999999999997,1.58,0.013023999999999997,2.62,1.3024,0.02
0.0001304,1.94,0.0013039999999999998,1.98,0.01304,1.58,0.01304,2.58,1.3040000000000003,0.02
0.00013055999999999997,1.94,0.0013055999999999999,1.98,0.013055999999999998,1.58,0.013055999999999998,2.58,1.3056,0.02
0.00013072,1.94,0.0013072,1.94,0.013071999999999997,1.58,0.013071999999999997,2.58,1.3072,0.02
0.00013087999999999997,1.94,0.0013088,1.98,0.013087999999999999,1.58,0.013087999999999999,2.58,1.3088000000000002,0.02
0.00013104,1.94,0.0013104,1.98,0.013103999999999998,1.58,0.013103999999999998,2.58,1.3104,0.02
0.00013120000000000002,1.98,0.0013119999999999996,1.98,0.01312,1.58,0.01312,2.58,1.3119999999999998,-0.02
0.00013136,1.98,0.0013135999999999996,1.94,0.013135999999999998,1.58,0.013135999999999998,2.58,1.3136,0.02
0.00013152000000000001,1.94,0.0013151999999999997,1.98,0.013151999999999997,1.62,0.013151999999999997,2.58,1.3152,0.02
0.00013167999999999999,1.94,0.0013167999999999997,1.98,0.013168,1.62,0.013168,2.54,1.3168000000000002,0.02
0.00013184,1.94,0.0013183999999999997,1.98,0.013183999999999998,1.62,0.013183999999999998,2.54,1.3184,0.02
0.00013199999999999998,1.98,0.0013199999999999998,1.98,0.0132,1.62,0.0132,2.58,1.3199999999999998,0.02
0.00013216,1.94,0.0013215999999999998,1.94,0.013215999999999999,1.58,0.013215999999999999,2.58,1.3216,0.02
0.00013231999999999998,1.98,0.0013231999999999999,1.98,0.013231999999999997,1.62,0.013231999999999997,2.54,1.3232,0.02
0.00013248,1.98,0.0013248,1.94,0.013248,1.62,0.013248,2.54,1.3248000000000002,0.02
0.00013263999999999998,1.98,0.0013264,1.98,0.013263999999999998,1.6600000000000001,0.013263999999999998,2.54,1.3264,0.02
0.0001328,1.94,0.001328,1.94,0.013279999999999997,1.62,0.013279999999999997,2.54,1.3279999999999998,0.02
0.00013295999999999997,1.98,0.0013295999999999996,1.94,0.013295999999999999,1.62,0.013295999999999999,2.54,1.3296000000000001,0.02
0.00013312,1.94,0.0013311999999999996,1.98,0.013311999999999997,1.62,0.013311999999999997,2.5,1.3312,0.02
0.00013327999999999997,1.94,0.0013327999999999997,1.94,0.013328,1.6600000000000001,0.013328,2.5,1.3328000000000002,0.02
0.00013344,1.94,0.0013343999999999997,1.98,0.013343999999999998,1.62,0.013343999999999998,2.5,1.3344,0.02
0.00013359999999999997,1.98,0.0013359999999999997,1.98,0.013359999999999997,1.6600000000000001,0.013359999999999997,2.54,1.3359999999999999,0.02
0.00013376,1.94,0.0013375999999999998,1.98,0.013375999999999999,1.6600000000000001,0.013375999999999999,2.5,1.3376000000000001,-0.02
0.00013392000000000002,1.98,0.0013391999999999998,1.98,0.013391999999999998,1.7,0.013391999999999998,2.5,1.3392,0.02
0.00013408,1.94,0.0013407999999999998,1.98,0.013408,1.6600000000000001,0.013408,2.5,1.3408000000000002,0.02
0.00013424000000000002,1.94,0.0013423999999999999,1.98,0.013423999999999998,1.6600000000000001,0.013423999999999998,2.5,1.3424,0.02
0.0001344,1.98,0.001344,1.98,0.013439999999999997,1.6600000000000001,0.013439999999999997,2.54,1.3439999999999999,0.02
0.00013456,1.98,0.0013456,1.98,0.013456,1.7,0.013456,2.5,1.3456000000000001,0.02
0.00013471999999999998,1.98,0.0013472,1.94,0.013471999999999998,1.7,0.013471999999999998,2.46,1.3472,0.02
0.00013488,1.98,0.0013487999999999996,1.98,0.013488,1.7,0.013488,2.46,1.3488000000000002,0.02
0.00013503999999999998,1.94,0.0013503999999999996,1.98,0.013503999999999999,1.7,0.013503999999999999,2.46,1.3504,0.02
0.0001352,1.94,0.0013519999999999997,1.98,0.013519999999999997,1.7,0.013519999999999997,2.46,1.3519999999999999,0.02
0.00013535999999999998,1.98,0.0013535999999999997,1.98,0.013536,1.7,0.013536,2.5,1.3536000000000001,0.02
0.00013552,1.94,0.0013551999999999998,1.98,0.013551999999999998,1.7,0.013551999999999998,2.5,1.3552,0.02
0.00013567999999999997,1.94,0.0013567999999999998,1.98,0.013567999999999997,1.7,0.013567999999999997,2.46,1.3568000000000002,0.02
0.00013584,1.98,0.0013583999999999998,1.98,0.013583999999999999,1.7,0.013583999999999999,2.5,1.3584,0.02
0.00013599999999999997,1.94,0.0013599999999999999,1.98,0.013599999999999998,1.7,0.013599999999999998,2.46,1.3599999999999999,0.02
0.00013616,1.98,0.0013616,1.98,0.013616,1.7,0.013616,2.46,1.3616000000000001,0.02
0.00013631999999999997,1.94,0.0013632,1.94,0.013631999999999998,1.7,0.013631999999999998,2.46,1.3632,0.02
0.00013648,1.98,0.0013648,1.94,0.013647999999999997,1.74,0.013647999999999997,2.46,1.3648000000000002,0.02
0.00013664000000000002,1.98,0.0013663999999999996,1.94,0.013663999999999999,1.74,0.013663999999999999,2.42,1.3664,0.02
0.0001368,1.94,0.0013679999999999996,1.98,0.013679999999999998,1.78,0.013679999999999998,2.46,1.3679999999999999,0.02
0.00013696000000000002,1.94,0.0013695999999999997,1.94,0.013696,1.74,0.013696,2.42,1.3696000000000002,0.02
0.00013712,1.98,0.0013711999999999997,1.98,0.013711999999999998,1.74,0.013711999999999998,2.42,1.3712,0.02
0.00013728000000000001,1.94,0.0013727999999999998,1.98,0.013727999999999997,1.74,0.013727999999999997,2.42,1.3728000000000002,0.02
0.00013743999999999999,1.98,0.0013743999999999998,1.98,0.013744,1.78,0.013744,2.42,1.3744,0.02
0.0001376,1.98,0.0013759999999999998,1.98,0.013759999999999998,1.78,0.013759999999999998,2.38,1.376,-0.02
0.00013775999999999998,1.94,0.0013775999999999999,1.98,0.013776,1.74,0.013776,2.42,1.3776000000000002,0.02
0.00013792,1.94,0.0013792,1.94,0.013791999999999999,1.78,0.013791999999999999,2.38,1.3792,-0.02
0.00013807999999999998,1.98,0.0013808,2.02,0.013807999999999997,1.74,0.013807999999999997,2.38,1.3808000000000002,0.02
0.00013824,1.98,0.0013824,1.98,0.013824,1.74,0.013824,2.38,1.3824,0.02
0.00013839999999999998,1.94,0.0013839999999999996,2.02,0.013839999999999998,1.78,0.013839999999999998,2.38,1.384,-0.02
0.00013856,1.94,0.0013855999999999996,1.98,0.013855999999999997,1.78,0.013855999999999997,2.38,1.3856000000000002,0.02
0.00013871999999999997,1.94,0.0013871999999999997,1.98,0.013871999999999999,1.78,0.013871999999999999,2.38,1.3872,0.02
0.00013888,1.94,0.0013887999999999997,1.98,0.013887999999999998,1.78,0.013887999999999998,2.34,1.3888000000000003,-0.02
0.00013903999999999997,1.98,0.0013903999999999998,2.02,0.013904,1.78,0.013904,2.38,1.3904,0.02
0.0001392,1.94,0.0013919999999999998,1.98,0.013919999999999998,1.78,0.013919999999999998,2.34,1.392,0.06
0.00013935999999999997,1.94,0.0013935999999999998,1.98,0.013935999999999997,1.78,0.013935999999999997,2.34,1.3936000000000002,0.02
0.00013952,1.94,0.0013951999999999999,1.98,0.013951999999999999,1.78,0.013951999999999999,2.38,1.3952,0.02
0.00013968000000000002,1.98,0.0013968,1.98,0.013967999999999998,1.78,0.013967999999999998,2.34,1.3968000000000003,0.02
0.00013984,1.94,0.0013984,2.02,0.013984,1.82,0.013984,2.38,1.3984,0.02
0.00014000000000000001,1.94,0.0014,1.98,0.013999999999999999,1.82,0.013999999999999999,2.34,1.4,0.02
0.00014015999999999999,1.94,0.0014015999999999996,1.98,0.014015999999999997,1.82,0.014015999999999997,2.34,1.4016000000000002,0.02
0.00014032,1.94,0.0014031999999999996,1.98,0.014032,1.82,0.014032,2.34,1.4032,0.02
0.00014047999999999998,1.98,0.0014047999999999997,1.98,0.014047999999999998,1.82,0.014047999999999998,2.34,1.4048000000000003,0.02
0.00014064,1.98,0.0014063999999999997,1.98,0.014063999999999997,1.82,0.014063999999999997,2.34,1.4064,-0.02
0.00014079999999999998,1.98,0.0014079999999999997,1.98,0.014079999999999999,1.82,0.014079999999999999,2.3000000000000003,1.408,0.02
0.00014096,1.98,0.0014095999999999998,1.98,0.014095999999999997,1.86,0.014095999999999997,2.34,1.4096000000000002,0.02
0.00014111999999999998,1.98,0.0014111999999999998,1.98,0.014112,1.82,0.014112,2.34,1.4112,0.02
0.00014128,1.94,0.0014127999999999999,1.98,0.014127999999999998,1.82,0.014127999999999998,2.34,1.4127999999999998,-0.02
0.00014143999999999997,1.94,0.0014144,2.02,0.014143999999999997,1.82,0.014143999999999997,2.3000000000000003,1.4144,-0.02
0.0001416,1.94,0.001416,1.98,0.014159999999999999,1.86,0.014159999999999999,2.3000000000000003,1.416,0.02
0.00014175999999999997,1.98,0.0014176,1.98,0.014175999999999998,1.86,0.014175999999999998,2.3000000000000003,1.4176000000000002,0.02
0.00014192,1.94,0.0014191999999999996,1.98,0.014192,1.82,0.014192,2.3000000000000003,1.4192,0.02
0.00014207999999999997,1.98,0.0014207999999999996,1.98,0.014207999999999998,1.86,0.014207999999999998,2.34,1.4207999999999998,0.02
0.00014224,1.94,0.0014223999999999997,1.98,0.014223999999999997,1.86,0.014223999999999997,2.3000000000000003,1.4224,-0.02
0.00014240000000000002,1.94,0.0014239999999999997,1.98,0.01424,1.86,0.01424,2.3000000000000003,1.424,0.02
0.00014256,1.94,0.0014255999999999997,1.98,0.014255999999999998,1.86,0.014255999999999998,2.3000000000000003,1.4256000000000002,0.02
0.00014272000000000002,1.94,0.0014271999999999998,1.98,0.014272,1.9000000000000001,0.014272,2.3000000000000003,1.4272,0.02
0.00014288,1.98,0.0014287999999999998,2.02,0.014287999999999999,1.86,0.014287999999999999,2.3000000000000003,1.4287999999999998,0.06
0.00014304,1.94,0.0014303999999999999,2.02,0.014303999999999997,1.9000000000000001,0.014303999999999997,2.2600000000000002,1.4304000000000001,0.02
0.00014319999999999998,1.98,0.001432,1.98,0.01432,1.9000000000000001,0.01432,2.3000000000000003,1.432,0.02
0.00014336,1.94,0.0014336,1.98,0.014335999999999998,1.86,0.014335999999999998,2.2600000000000002,1.4336000000000002,0.02
0.00014351999999999998,1.94,0.0014352,1.98,0.014351999999999997,1.9000000000000001,0.014351999999999997,2.2600000000000002,1.4352,0.02
0.00014368,1.98,0.0014367999999999996,2.02,0.014367999999999999,1.9000000000000001,0.014367999999999999,2.2600000000000002,1.4367999999999999,0.06
0.00014383999999999998,1.94,0.0014383999999999996,1.98,0.014383999999999997,1.9000000000000001,0.014383999999999997,2.3000000000000003,1.4384000000000001,0.02
0.000144,1.94,0.0014399999999999997,1.98,0.0144,1.9000000000000001,0.0144,2.2600000000000002,1.44,-0.02
0.00014415999999999998,1.94,0.0014415999999999997,2.02,0.014415999999999998,1.9000000000000001,0.014415999999999998,2.2600000000000002,1.4416000000000002,0.02
0.00014432,1.98,0.0014431999999999997,1.98,0.014431999999999997,1.94,0.014431999999999997,2.2600000000000002,1.4432,0.02
0.00014447999999999997,1.94,0.0014447999999999998,2.02,0.014447999999999999,1.9000000000000001,0.014447999999999999,2.2600000000000002,1.4447999999999999,0.02
0.00014464,1.98,0.0014463999999999998,2.02,0.014463999999999998,1.94,0.014463999999999998,2.2600000000000002,1.4464000000000001,0.06
0.00014479999999999997,1.94,0.0014479999999999999,1.98,0.01448,1.9000000000000001,0.01448,2.2600000000000002,1.448,-0.02
0.00014496,1.98,0.0014495999999999999,2.02,0.014495999999999998,1.9000000000000001,0.014495999999999998,2.22,1.4496000000000002,0.02
0.00014512000000000002,1.94,0.0014512,1.98,0.014511999999999997,1.9000000000000001,0.014511999999999997,2.22,1.4512,-0.02
0.00014528,1.98,0.0014528,2.02,0.014528,1.94,0.014528,2.22,1.4527999999999999,0.02
0.00014544000000000002,1.94,0.0014543999999999996,1.98,0.014543999999999998,1.94,0.014543999999999998,2.22,1.4544000000000001,-0.02
0.0001456,1.94,0.0014559999999999996,1.98,0.014559999999999997,1.9000000000000001,0.014559999999999997,2.22,1.456,-0.02
0.00014576000000000001,1.98,0.0014575999999999997,1.98,0.014575999999999999,1.94,0.014575999999999999,2.2600000000000002,1.4576000000000002,0.02
0.00014591999999999999,1.94,0.0014591999999999997,1.98,0.014591999999999997,1.94,0.014591999999999997,2.22,1.4592,0.02
0.00014608,1.98,0.0014607999999999997,2.02,0.014608,1.94,0.014608,2.22,1.4607999999999999,0.02
0.00014623999999999998,1.98,0.0014623999999999998,2.02,0.014623999999999998,1.94,0.014623999999999998,2.22,1.4624000000000001,-0.02
0.0001464,1.94,0.0014639999999999998,2.02,0.014639999999999997,1.94,0.014639999999999997,2.22,1.464,0.02
0.00014655999999999998,1.94,0.0014655999999999998,1.98,0.014655999999999999,1.94,0.014655999999999999,2.18,1.4656000000000002,0.02
0.00014672,1.94,0.0014671999999999999,1.98,0.014671999999999998,1.98,0.014671999999999998,2.18,1.4672,0.02
0.00014687999999999998,1.94,0.0014688,1.98,0.014688,1.98,0.014688,2.22,1.4687999999999999,0.02
0.00014704,1.94,0.0014704,2.02,0.014703999999999998,1.98,0.014703999999999998,2.18,1.4704000000000002,0.02
0.00014719999999999997,1.98,0.001472,1.98,0.014719999999999997,1.98,0.014719999999999997,2.18,1.472,0.02
0.00014736,1.98,0.0014735999999999996,2.02,0.014735999999999999,1.98,0.014735999999999999,2.18,1.4736000000000002,0.02
0.00014751999999999997,1.98,0.0014751999999999996,1.98,0.014751999999999998,1.98,0.014751999999999998,2.18,1.4752,0.02
0.00014768,1.94,0.0014767999999999997,1.98,0.014768,1.94,0.014768,2.18,1.4768,0.02
0.00014783999999999997,1.98,0.0014783999999999997,1.98,0.014783999999999999,1.94,0.014783999999999999,2.18,1.4784000000000002,0.02
0.000148,1.94,0.0014799999999999998,1.98,0.014799999999999997,2.02,0.014799999999999997,2.18,1.48,0.02
0.00014816000000000002,1.94,0.0014815999999999998,1.98,0.014816,2.02,0.014816,2.18,1.4816000000000003,0.02
0.00014832,1.98,0.0014831999999999998,2.02,0.014831999999999998,2.02,0.014831999999999998,2.18,1.4832,0.02
0.00014848000000000001,1.94,0.0014847999999999999,2.02,0.014847999999999997,1.98,0.014847999999999997,2.18,1.4848,-0.02
0.00014863999999999999,1.94,0.0014864,1.98,0.014863999999999999,1.98,0.014863999999999999,2.14,1.4864000000000002,0.02
0.0001488,1.98,0.001488,1.98,0.014879999999999997,1.98,0.014879999999999997,2.14,1.488,-0.02
0.00014895999999999998,1.94,0.0014896,2.02,0.014896,2.02,0.014896,2.14,1.4896000000000003,0.02
0.00014912,1.94,0.0014911999999999996,2.02,0.014911999999999998,2.02,0.014911999999999998,2.14,1.4912,0.06
0.00014927999999999998,1.98,0.0014927999999999996,2.02,0.014927999999999997,2.02,0.014927999999999997,2.14,1.4928,0.02
0.00014944,1.94,0.0014943999999999997,2.02,0.014943999999999999,2.06,0.014943999999999999,2.14,1.4944000000000002,0.02
0.00014959999999999998,1.94,0.0014959999999999997,2.02,0.014959999999999998,2.02,0.014959999999999998,2.14,1.496,0.02
0.00014976,1.98,0.0014975999999999998,2.02,0.014976,2.02,0.014976,2.14,1.4976000000000003,0.02
0.00014991999999999997,1.98,0.0014991999999999998,1.98,0.014991999999999998,2.02,0.014991999999999998,2.1,1.4992,0.02
0.00015008,1.98,0.0015007999999999998,2.02,0.015007999999999997,2.02,0.015007999999999997,2.14,1.5008,0.02
0.00015023999999999997,1.98,0.0015023999999999999,2.02,0.015024,2.02,0.015024,2.1,1.5024000000000002,0.02
0.0001504,1.94,0.001504,2.02,0.015039999999999998,2.06,0.015039999999999998,2.1,1.504,0.02
0.00015055999999999997,1.94,0.0015056,1.98,0.015056,2.06,0.015056,2.14,1.5056000000000003,0.02
0.00015072,1.98,0.0015072,2.02,0.015071999999999999,2.02,0.015071999999999999,2.14,1.5072,0.02
0.00015088000000000002,1.94,0.0015087999999999996,1.98,0.015087999999999997,2.06,0.015087999999999997,2.1,1.5088,0.02
0.00015104,1.94,0.0015103999999999996,1.98,0.015104,2.02,0.015104,2.1,1.5104000000000002,0.02
0.00015120000000000002,1.94,0.0015119999999999997,2.02,0.015119999999999998,2.02,0.015119999999999998,2.1,1.512,0.02
0.00015136,1.98,0.0015135999999999997,1.98,0.015135999999999997,2.02,0.015135999999999997,2.1,1.5136000000000003,0.02
0.00015152,1.94,0.0015151999999999998,2.02,0.015151999999999999,2.06,0.015151999999999999,2.1,1.5152,0.02
0.00015167999999999998,1.94,0.0015167999999999998,2.02,0.015167999999999997,2.06,0.015167999999999997,2.1,1.5168,0.02
0.00015184,1.94,0.0015183999999999998,2.02,0.015184,2.1,0.015184,2.1,1.5184000000000002,-0.02
0.00015199999999999998,1.98,0.0015199999999999999,2.02,0.015199999999999998,2.1,0.015199999999999998,2.06,1.52,0.02
0.00015216,1.94,0.0015216,1.98,0.015215999999999997,2.06,0.015215999999999997,2.1,1.5215999999999998,0.02
0.00015231999999999998,1.98,0.0015232,1.98,0.015231999999999999,2.06,0.015231999999999999,2.06,1.5232,0.02
0.00015248,1.98,0.0015248,2.02,0.015247999999999998,2.1,0.015247999999999998,2.06,1.5248,-0.02
0.00015263999999999998,1.94,0.0015263999999999996,2.02,0.015264,2.1,0.015264,2.06,1.5264000000000002,0.02
0.0001528,1.98,0.0015279999999999996,2.02,0.015279999999999995,2.06,0.015279999999999995,2.1,1.528,0.02
0.00015295999999999997,1.98,0.0015295999999999997,2.02,0.015295999999999997,2.1,0.015295999999999997,2.06,1.5295999999999998,-0.02
0.00015312,1.94,0.0015311999999999997,2.02,0.015312,2.06,0.015312,2.06,1.5312000000000001,0.02
0.00015327999999999997,1.94,0.0015327999999999997,2.02,0.015328000000000001,2.06,0.015328000000000001,2.06,1.5328,0.02
0.00015344,1.94,0.0015343999999999998,2.02,0.015343999999999997,2.1,0.015343999999999997,2.06,1.5344000000000002,0.02
0.00015360000000000002,1.94,0.0015359999999999998,2.02,0.015359999999999999,2.1,0.015359999999999999,2.06,1.536,0.02
0.00015376,1.94,0.0015375999999999999,1.98,0.015376,2.1,0.015376,2.06,1.5375999999999999,0.02
0.00015392000000000002,1.98,0.0015392,1.98,0.015391999999999996,2.1,0.015391999999999996,2.06,1.5392000000000001,0.02
0.00015408,1.94,0.0015408,2.02,0.015407999999999998,2.1,0.015407999999999998,2.02,1.5408,-0.02
0.00015424000000000001,1.98,0.0015424,2.02,0.015424,2.06,0.015424,2.02,1.5424000000000002,0.02
0.00015439999999999999,1.98,0.0015439999999999996,2.02,0.015439999999999995,2.14,0.015439999999999995,2.02,1.544,-0.02
0.00015456,1.94,0.0015455999999999996,2.02,0.015455999999999998,2.14,0.015455999999999998,2.02,1.5455999999999999,-0.02
0.00015471999999999998,1.94,0.0015471999999999997,2.02,0.015472,2.14,0.015472,2.02,1.5472000000000001,0.06
0.00015488,1.98,0.0015487999999999997,2.02,0.015487999999999995,2.1,0.015487999999999995,2.02,1.5488,0.02
0.00015503999999999998,1.94,0.0015503999999999997,1.98,0.015503999999999997,2.14,0.015503999999999997,2.02,1.5504000000000002,0.06
0.0001552,1.94,0.0015519999999999998,2.02,0.015519999999999999,2.14,0.015519999999999999,2.02,1.552,0.06
0.00015535999999999998,1.94,0.0015535999999999998,2.02,0.015536000000000001,2.14,0.015536000000000001,2.02,1.5535999999999999,0.02
0.00015552,1.98,0.0015551999999999999,2.02,0.015551999999999996,2.14,0.015551999999999996,1.98,1.5552000000000001,0.02
0.00015567999999999997,1.94,0.0015568,1.98,0.015567999999999999,2.1,0.015567999999999999,1.98,1.5568,0.02
0.00015584,1.94,0.0015584,2.02,0.015584,2.14,0.015584,2.02,1.5584000000000002,0.02
0.00015599999999999997,1.94,0.00156,2.06,0.015599999999999996,2.14,0.015599999999999996,1.98,1.56,0.02
0.00015616,1.94,0.0015615999999999996,2.06,0.015615999999999998,2.1,0.015615999999999998,2.02,1.5615999999999999,0.02
0.00015631999999999997,1.98,0.0015631999999999996,2.02,0.015632,2.14,0.015632,2.02,1.5632000000000001,-0.02
0.00015648,1.94,0.0015647999999999997,2.02,0.015647999999999995,2.14,0.015647999999999995,1.98,1.5648,0.02
0.00015664000000000002,1.94,0.0015663999999999997,2.02,0.015663999999999997,2.14,0.015663999999999997,1.98,1.5664000000000002,0.02
0.0001568,1.98,0.0015679999999999997,2.06,0.01568,2.14,0.01568,1.98,1.568,0.02
0.00015696000000000002,1.94,0.0015695999999999998,2.02,0.015696,2.14,0.015696,1.98,1.5695999999999999,0.02
0.00015712,1.98,0.0015711999999999998,2.02,0.015711999999999997,2.14,0.015711999999999997,1.98,1.5712000000000002,0.02
0.00015728,1.94,0.0015727999999999998,2.02,0.015728,2.18,0.015728,1.98,1.5728,0.02
0.00015743999999999998,1.94,0.0015743999999999999,2.02,0.015744,2.18,0.015744,1.98,1.5744000000000002,-0.02
0.0001576,1.94,0.001576,2.02,0.015759999999999996,2.14,0.015759999999999996,1.94,1.576,0.02
0.00015775999999999998,1.94,0.0015776,2.02,0.015776,2.18,0.015776,1.94,1.5776,0.02
0.00015792,1.94,0.0015791999999999996,2.02,0.015792,2.14,0.015792,1.98,1.5792000000000002,0.02
0.00015807999999999998,1.94,0.0015807999999999996,2.02,0.015807999999999996,2.18,0.015807999999999996,1.94,1.5808,0.02
0.00015824,1.94,0.0015823999999999996,2.02,0.015823999999999998,2.18,0.015823999999999998,1.94,1.5824000000000003,0.02
0.00015839999999999997,1.98,0.0015839999999999997,2.02,0.01584,2.18,0.01584,1.94,1.584,0.02
0.00015856,1.94,0.0015855999999999997,1.98,0.015855999999999995,2.18,0.015855999999999995,1.94,1.5856,0.02
0.00015871999999999997,1.94,0.0015871999999999998,2.02,0.015871999999999997,2.22,0.015871999999999997,1.94,1.5872000000000002,0.02
0.00015888,1.98,0.0015887999999999998,2.02,0.015888,2.18,0.015888,1.94,1.5888,0.02
0.00015903999999999997,1.98,0.0015903999999999998,2.02,0.015904,2.18,0.015904,1.94,1.5904000000000003,0.02
0.0001592,1.94,0.0015919999999999999,2.02,0.015919999999999997,2.18,0.015919999999999997,1.94,1.592,0.02
0.00015936000000000002,1.94,0.0015936,2.02,0.015936,2.22,0.015936,1.94,1.5936,0.02
0.00015952,1.98,0.0015952,2.02,0.015952,2.22,0.015952,1.9000000000000001,1.5952000000000002,0.02
0.00015968000000000002,1.94,0.0015967999999999996,2.02,0.015967999999999996,2.22,0.015967999999999996,1.9000000000000001,1.5968,0.02
0.00015984,1.94,0.0015983999999999996,2.02,0.015983999999999998,2.22,0.015983999999999998,1.9000000000000001,1.5984000000000003,0.02
